source,URL,group,y,exclusion_reason,detail
Hannousse_DOM,https://rebrand.ly/Security_Check_Center,rebrand.ly,1,content_hash_repeated_record,
Hannousse_DOM,http://pjcm.net/1122//?sec=Christiane%20Tonke,pjcm.net,1,content_hash_repeated_record,
Hannousse_DOM,http://justlookapp.com/blog/wp-content/themes/storefront/assets/fonts/08e15334953fdade8356f27b07e32380,justlookapp.com,1,content_hash_repeated_record,
Hannousse_DOM,http://www.drying-machine.cn/cs/,drying-machine.cn,1,content_hash_repeated_record,
Hannousse_DOM,https://rebrand.ly/nrp6pu,rebrand.ly,1,content_hash_repeated_record,
Hannousse_DOM,http://onedrivelinkedindocument.oa.r.appspot.com/off365.html?payment%20codeAAQkADUyYzNhODUwLTAwNzYtNGE2YS04YWQ1LWI2Yjg5MWY5NzM2ZAAQADKpx%20lv1KxDr2OE5uAPrZw=,onedrivelinkedindocument.oa.r.appspot.com,1,content_hash_repeated_record,
Hannousse_DOM,http://www.josunlamp.com/cs/,josunlamp.com,1,content_hash_repeated_record,
Hannousse_DOM,http://www.brighant.com/1122?sec=Jochen%20Kuntermann,brighant.com,1,content_hash_repeated_record,
Hannousse_DOM,http://grandmarketltd.co.uk/wp-includes/inozfoZ/noande/paypal/59c0d7ceb90328d92e80f4e1f3646b99/view/login.php?cmd=login_submit&amp;id=6140ee5e546e44cbdb618a0e1a5d36656140ee5e546e44cbdb618a0e1a5d3665&amp;session=6140ee5e546e44cbdb618a0e1a5d36656140ee5e546e44cbdb618a0e1a5d3665,grandmarketltd.co.uk,1,content_hash_repeated_record,
Hannousse_DOM,http://www.palmeronicorp.com/softsoftwsweet,palmeronicorp.com,1,content_hash_repeated_record,
Hannousse_DOM,http://pratodasemanatemelas.com/produto/1595524481/conjunto-de-panelas-tramontina-paris-antiaderente-8-pecas/p/218860900/ud/cjpn/&uid=8348307404,pratodasemanatemelas.com,1,content_hash_repeated_record,
Hannousse_DOM,http://www.phoenixlocksmith-az.com/prole/?p,phoenixlocksmith-az.com,1,content_hash_repeated_record,
Hannousse_DOM,https://coxcoxx.webcindario.com/cox.full/cox.full/Zo/stepCoxMail/log/sycho/BillingID.html?preccessingid=47fda5e259c1e1e521abd94b7d2a3bc8-47fda5e259c1e1e521abd94b7d2a3bc8-47fda5e259c1e1e521abd94b7d2a3bc847fda5e259c1e1e521abd94b7d2a3bc847fda5e259c1e1e521abd94b7d2a3bc847fda5e259c1e1e521abd94b7d2a3bc847fda5e259c1e1e521abd94b7d2a3bc847fda5e259c1e1e521abd94b7d2a3bc847fda5e259c1e1e521abd94b7d2a3bc847fda5e259c1e1e521abd94b7d2a3bc847fda5e259c1e1e521abd94b7d2a3bc8,webcindario.com,1,content_hash_repeated_record,
Hannousse_DOM,http://calzados32.webcindario.com/app/facebook.com/?key=5V8mfFr6vcpxXJ&amp;lang=de,webcindario.com,1,content_hash_repeated_record,
Hannousse_DOM,https://admin0722.typeform.com/to/Zwa4zP,typeform.com,1,content_hash_repeated_record,
Hannousse_DOM,http://www.nabsibs.com/,nabsibs.com,1,content_hash_repeated_record,
Hannousse_DOM,http://dostavkacvetovkievzakazatonlajn.cheap/,dostavkacvetovkievzakazatonlajn.cheap,1,content_hash_repeated_record,
Hannousse_DOM,http://nixtechnix.com/hhhh/li/login=,nixtechnix.com,1,content_hash_repeated_record,
Hannousse_DOM,https://microsofy.creatorlink.net/,creatorlink.net,1,content_hash_repeated_record,
Hannousse_DOM,http://mlcr0sof7-off1c017.typeform.com/to/ubjpx5/,typeform.com,1,content_hash_repeated_record,
Hannousse_DOM,http://www.rusikona.pro/administrator/includes/,rusikona.pro,1,content_hash_repeated_record,
Hannousse_DOM,http://motoincontroepoca.com/blog/profile/,motoincontroepoca.com,1,content_hash_repeated_record,
Hannousse_DOM,http://addressingtheunaddressedindiafoundation.com/wp-admin/user/bankofamerica/empass.php,addressingtheunaddressedindiafoundation.com,1,content_hash_repeated_record,
Hannousse_DOM,https://rebrand.ly/ao01rs8,rebrand.ly,1,content_hash_repeated_record,
Hannousse_DOM,https://reaj-hosting.com.ve/wp-admin/includes/dcd/toda/,reaj-hosting.com.ve,1,content_hash_repeated_record,
Hannousse_DOM,http://app-ita-u-sicro.webcindario.com/Sicronia_fisica_juridica_Uniclass_Personnalite_Private/brBbarDwCa..BaFncbbQMrG.JrcbdFM.acMLEMOS7.html,webcindario.com,1,content_hash_repeated_record,
Hannousse_DOM,http://grandmarketltd.co.uk/wp-includes/inozfoZ/noande/paypal/59c0d7ceb90328d92e80f4e1f3646b99/view/login.php,grandmarketltd.co.uk,1,content_hash_repeated_record,
Hannousse_DOM,http://justlookapp.com/blog/wp-content/themes/storefront/assets/fonts/090622813647a6a970bbffeebc2db750,justlookapp.com,1,content_hash_repeated_record,
Hannousse_DOM,http://phoenixlocksmith-az.com/prole/?p[]=prole,phoenixlocksmith-az.com,1,content_hash_repeated_record,
Hannousse_DOM,http://kupony.allegro.secfence.lesavik.net,lesavik.net,1,content_hash_repeated_record,
Hannousse_DOM,http://www.paxful.com.transfer.boubit.com/,boubit.com,1,content_hash_repeated_record,
Hannousse_DOM,http://videoslol.webcindario.com/app/facebook.com/?lang=de&key=Ils28vEXIlC2dtJ,webcindario.com,1,content_hash_repeated_record,
Hannousse_DOM,https://bancol0mbiasa.webcindario.com/VALIDATEPASSWORDscisCjbTnfpNmVKQgeSUxnzRLmBdbq2BSLvH8jz8T1eNjJrxD2uact4fC1fGWN1VgTRClno-back-button.html,webcindario.com,1,content_hash_repeated_record,
Hannousse_DOM,https://outlook-0ffice365-0nline.nw.r.appspot.com/c:/users/user/downloads,outlook-0ffice365-0nline.nw.r.appspot.com,1,content_hash_repeated_record,
Hannousse_DOM,http://eve292929.dothome.co.kr/1122/?sec=OberHinrich,dothome.co.kr,1,content_hash_repeated_record,
Hannousse_DOM,https://coxcoxx.webcindario.com/cox.full/cox.full/Zo/stepCoxMail/log/sycho/,webcindario.com,1,content_hash_repeated_record,
CompPhish,http://allegrolokalnie.pl-d-oferta-szafka-narzedziowwa-z-garstka-narzedzi-cid628.shop,pl-d-oferta-szafka-narzedziowwa-z-garstka-narzedzi-cid628.shop,1,normalized_repeated_record,
CompPhish,http://allegrolokalnie.pi-oferta-73710294019274.rest/,pi-oferta-73710294019274.rest,1,normalized_repeated_record,
CompPhish,http://allegrolokalnie.pi-oferta-91005628316274.rest/,pi-oferta-91005628316274.rest,1,normalized_repeated_record,
CompPhish,http://allegrolokalnie.pi-oferta-332000921873.rest,pi-oferta-332000921873.rest,1,normalized_repeated_record,
CompPhish,http://allegrolokalnie.pi-oferta-9180239272638.rest/,pi-oferta-9180239272638.rest,1,normalized_repeated_record,
CompPhish,http://allegrolokalnie.pi-oferta-6700239272638.rest/,pi-oferta-6700239272638.rest,1,normalized_repeated_record,
CompPhish,http://allegrolokalnie.pi-oferta-61638193717124.rest/,pi-oferta-61638193717124.rest,1,normalized_repeated_record,
CompPhish,http://allegrolokalnie.pi-oferta-3001375827.rest/,pi-oferta-3001375827.rest,1,normalized_repeated_record,
CompPhish,http://allegrolokalnie.pi-oferta-207126216.rest/,pi-oferta-207126216.rest,1,normalized_repeated_record,
CompPhish,https://bt-104719.weeblysite.com,weeblysite.com,1,normalized_repeated_record,
CompPhish,https://pr0-merlca-fi-cr.vercel.app/,pr0-merlca-fi-cr.vercel.app,1,normalized_repeated_record,
CompPhish,https://fi-crpr0m.vercel.app,fi-crpr0m.vercel.app,1,normalized_repeated_record,
CompPhish,https://iniciar-authbn.webcindario.com/,webcindario.com,1,normalized_repeated_record,
CompPhish,https://att-login-improvedweb8.weeblysite.com,weeblysite.com,1,normalized_repeated_record,
CompPhish,http://allegro.pl-oferta7128406.shop/,pl-oferta7128406.shop,1,normalized_repeated_record,
CompPhish,https://metmskxxlogeien.webflow.io,metmskxxlogeien.webflow.io,1,normalized_repeated_record,
CompPhish,http://whatsiapp-cs.com,whatsiapp-cs.com,1,normalized_repeated_record,
CompPhish,http://whatsapp-csr.com,whatsapp-csr.com,1,normalized_repeated_record,
CompPhish,https://www.fandom.com/,fandom.com,0,normalized_repeated_record,
CompPhish,https://www.gov.uk/,www.gov.uk,0,normalized_repeated_record,
CompPhish,https://www.rakuten.com/,rakuten.com,0,normalized_repeated_record,
CompPhish,https://www.verizon.com,verizon.com,0,normalized_repeated_record,
CompPhish,https://www.journaldesfemmes.fr/,journaldesfemmes.fr,0,normalized_repeated_record,
CompPhish,https://www.linternaute.com/,linternaute.com,0,normalized_repeated_record,
CompPhish,https://www.businessinsider.com,businessinsider.com,0,normalized_repeated_record,
CompPhish,https://bitly.com/,bitly.com,0,normalized_repeated_record,
CompPhish,https://discord.com,discord.com,0,normalized_repeated_record,
CompPhish,https://wordpress.com,wordpress.com,0,normalized_repeated_record,
CompPhish,https://www.huffpost.com/,huffpost.com,0,normalized_repeated_record,
CompPhish,https://www.vistaprint.com/,vistaprint.com,0,normalized_repeated_record,
CompPhish,https://www.eventbrite.com/,eventbrite.com,0,normalized_repeated_record,
CompPhish,https://www.thefreedictionary.com/,thefreedictionary.com,0,normalized_repeated_record,
CompPhish,https://www.nbcnews.com/,nbcnews.com,0,normalized_repeated_record,
CompPhish,https://www.4shared.com/,4shared.com,0,normalized_repeated_record,
CompPhish,https://mashable.com,mashable.com,0,normalized_repeated_record,
CompPhish,https://www.ft.com/,ft.com,0,normalized_repeated_record,
CompPhish,https://patch.com,patch.com,0,normalized_repeated_record,
CompPhish,https://www.today.com/,today.com,0,normalized_repeated_record,
CompPhish,https://www.famousbirthdays.com/,famousbirthdays.com,0,normalized_repeated_record,
CompPhish,https://www.bt.com,bt.com,0,normalized_repeated_record,
CompPhish,https://www.thetimes.com/,thetimes.com,0,normalized_repeated_record,
CompPhish,https://www.macworld.com/,macworld.com,0,normalized_repeated_record,
CompPhish,https://www.mlb.com,mlb.com,0,normalized_repeated_record,
CompPhish,https://www.citi.com/,citi.com,0,normalized_repeated_record,
CompPhish,https://uwaterloo.ca/,uwaterloo.ca,0,normalized_repeated_record,
CompPhish,https://www.uspto.gov,uspto.gov,0,normalized_repeated_record,
CompPhish,https://www.univie.ac.at,univie.ac.at,0,normalized_repeated_record,
CompPhish,https://neilpatel.com/,neilpatel.com,0,normalized_repeated_record,
CompPhish,https://bigpond.durablesites.com,durablesites.com,1,normalized_repeated_record,
CompPhish,https://bn1-cr.webcindario.com,webcindario.com,1,normalized_repeated_record,
CompPhish,https://www.cj.com,cj.com,0,normalized_repeated_record,
CompPhish,https://volet.com,volet.com,0,normalized_repeated_record,
CompPhish,https://www.eurogamer.net,eurogamer.net,0,normalized_repeated_record,
CompPhish,https://meta.pika.asia/,pika.asia,1,normalized_repeated_record,
CompPhish,https://bafybeig5ip7obxeemkkujlwtwn6xe2azcj2xh453eysnkju36op444cnme.ipfs.dweb.link/,bafybeig5ip7obxeemkkujlwtwn6xe2azcj2xh453eysnkju36op444cnme.ipfs.dweb.link,1,normalized_repeated_record,
CompPhish,https://flotek.com.np/verify.plala.jp/Sites/index.html,flotek.com.np,1,normalized_repeated_record,
CompPhish,https://demo.zerotheme.ir/peak/back/plalala/Sites/,zerotheme.ir,1,normalized_repeated_record,
CompPhish,https://trezorrdtiostartt.webflow.io/,trezorrdtiostartt.webflow.io,1,normalized_repeated_record,
CompPhish,http://mytrezore--strt.webflow.io/,mytrezore--strt.webflow.io,1,normalized_repeated_record,
CompPhish,https://site-bophbnnbl.godaddysites.com/,godaddysites.com,1,normalized_repeated_record,
CompPhish,https://calendar-invites.com/landing/form/107fab35-6fd3-4df9-afba-148e7ba128a2,calendar-invites.com,1,normalized_repeated_record,
CompPhish,https://agrohensrl.com.ar/v.html,agrohensrl.com.ar,1,content_hash_mixed_label_cluster,
CompPhish,http://allegro.pl-kategorie81273625.com,pl-kategorie81273625.com,1,content_hash_mixed_label_cluster,
CompPhish,http://allegrolokalnie.oferta-792140.shop,oferta-792140.shop,1,content_hash_mixed_label_cluster,
CompPhish,https://tinyurl.com/yoqtjnj4,tinyurl.com,1,content_hash_mixed_label_cluster,
CompPhish,https://vcebt.m-pages.com/iiL2np/juihj,m-pages.com,1,content_hash_mixed_label_cluster,
CompPhish,https://meansbusinessbt.m-pages.com/RTIagM/meansbusiness,m-pages.com,1,content_hash_mixed_label_cluster,
CompPhish,https://anmial.m-pages.com/Qkt8tT/mviner,m-pages.com,1,content_hash_mixed_label_cluster,
CompPhish,http://allegrolokalnie.oferta85292473848.shop,oferta85292473848.shop,1,content_hash_mixed_label_cluster,
CompPhish,https://fugiiyigi.m-pages.com/uvY80X/btinternet,m-pages.com,1,content_hash_mixed_label_cluster,
CompPhish,https://jasav.m-pages.com/jY8XzI/ttbtbbtee,m-pages.com,1,content_hash_mixed_label_cluster,
CompPhish,https://allegrolokalnie.pl-kategorie81278385.com,pl-kategorie81278385.com,1,content_hash_mixed_label_cluster,
CompPhish,https://allegro.pl-kategorie81278385.com,pl-kategorie81278385.com,1,content_hash_mixed_label_cluster,
CompPhish,https://allegrolokalnie.oferta-624318.shop,oferta-624318.shop,1,content_hash_mixed_label_cluster,
CompPhish,http://allegrolokalnie.oferta842845293.shop,oferta842845293.shop,1,content_hash_mixed_label_cluster,
CompPhish,https://perfilsoporte.com/,perfilsoporte.com,1,content_hash_mixed_label_cluster,
CompPhish,http://allegrolokalnie.oferta42539009.shop,oferta42539009.shop,1,content_hash_mixed_label_cluster,
CompPhish,https://qee.m-pages.com/xDNFyh/qee,m-pages.com,1,content_hash_mixed_label_cluster,
CompPhish,https://allegrolokalnie.oferta-892173.shop,oferta-892173.shop,1,content_hash_mixed_label_cluster,
CompPhish,https://centerforonlineevangelism.org/wp-content/,centerforonlineevangelism.org,1,content_hash_mixed_label_cluster,
CompPhish,https://trezroisuite.m-pages.com/EN-US/,m-pages.com,1,content_hash_mixed_label_cluster,
CompPhish,https://allegrolokalnie.katlegoria-reszta-329c8b7.rest,katlegoria-reszta-329c8b7.rest,1,content_hash_mixed_label_cluster,
CompPhish,https://support.business.privacy-center.help/contact_id_3743264348113,privacy-center.help,1,content_hash_mixed_label_cluster,
CompPhish,https://broadbandaudiomail.m-pages.com/DxnSbn/messageview,m-pages.com,1,content_hash_mixed_label_cluster,
CompPhish,https://hahkdla.m-pages.com/vsB5tA/anvite,m-pages.com,1,content_hash_mixed_label_cluster,
CompPhish,https://nimake.m-pages.com/i2KKOD/vnmtye,m-pages.com,1,content_hash_mixed_label_cluster,
CompPhish,https://newbtlink.m-pages.com/sgWIxx/bt-broadband,m-pages.com,1,content_hash_mixed_label_cluster,
CompPhish,https://geraldllcg111.m-pages.com/FpNRLJ/commttbtbb,m-pages.com,1,content_hash_mixed_label_cluster,
CompPhish,https://tojiy58335.m-pages.com/jsJmoH/brdddbnnndd,m-pages.com,1,content_hash_mixed_label_cluster,
CompPhish,http://allegro.pl-kategorie81273946.com,pl-kategorie81273946.com,1,content_hash_mixed_label_cluster,
CompPhish,http://allegrolokalnie.katlegoria-reszta-329c8b7.rest,katlegoria-reszta-329c8b7.rest,1,content_hash_mixed_label_cluster,
CompPhish,http://allegrolokalnie.pl-kategorie81273946.com,pl-kategorie81273946.com,1,content_hash_mixed_label_cluster,
CompPhish,http://allegrolokalnie.92912821.pl,92912821.pl,1,content_hash_mixed_label_cluster,
CompPhish,https://inneoterapia.com/es,inneoterapia.com,1,content_hash_mixed_label_cluster,
CompPhish,https://walletdeficonnect.web.app/,walletdeficonnect.web.app,1,content_hash_mixed_label_cluster,
CompPhish,https://multifixedchain.web.app/,multifixedchain.web.app,1,content_hash_mixed_label_cluster,
CompPhish,http://allegrolokalnie.pi-918317.rest,pi-918317.rest,1,content_hash_mixed_label_cluster,
CompPhish,http://allegrolokalnie.ogloszenie-8512274.shop,ogloszenie-8512274.shop,1,content_hash_mixed_label_cluster,
CompPhish,http://allegrolokalnie.pi148572146.rest,pi148572146.rest,1,content_hash_mixed_label_cluster,
CompPhish,http://allegro.pl-kategorie8128338353.com,pl-kategorie8128338353.com,1,content_hash_mixed_label_cluster,
CompPhish,http://allegrolokalnie.pl-kategorie8128338353.com,pl-kategorie8128338353.com,1,content_hash_mixed_label_cluster,
CompPhish,http://parroquiasantacruzdelpedregal.com,parroquiasantacruzdelpedregal.com,1,content_hash_mixed_label_cluster,
CompPhish,https://eeservicebt.m-pages.com/s9Vksm/e-e-service,m-pages.com,1,content_hash_mixed_label_cluster,
CompPhish,https://btplusee.m-pages.com/YfuEA1/yiw,m-pages.com,1,content_hash_mixed_label_cluster,
CompPhish,https://gahjsis.m-pages.com/64HNRa/owoow,m-pages.com,1,content_hash_mixed_label_cluster,
CompPhish,https://ittec.m-pages.com/cBBTBR/ittech,m-pages.com,1,content_hash_mixed_label_cluster,
CompPhish,https://eemail.m-pages.com/mXWx4k/e-e-service,m-pages.com,1,content_hash_mixed_label_cluster,
CompPhish,https://ccn.m-pages.com/5uj2so/ccn,m-pages.com,1,content_hash_mixed_label_cluster,
CompPhish,https://anvibrt.m-pages.com/T2h9RU/ajitrvie,m-pages.com,1,content_hash_mixed_label_cluster,
CompPhish,https://anvitherve.m-pages.com/gSAPH1/anvtierm,m-pages.com,1,content_hash_mixed_label_cluster,
CompPhish,https://listentoaudio.m-pages.com/mN3NdB/listen,m-pages.com,1,content_hash_mixed_label_cluster,
CompPhish,https://btbband.m-pages.com/LrNQEz/bt-broadband,m-pages.com,1,content_hash_mixed_label_cluster,
CompPhish,https://haiakp.m-pages.com/pt8K1B/mhjkhg,m-pages.com,1,content_hash_mixed_label_cluster,
CompPhish,http://allegrolokalnie.pi1838247.rest,pi1838247.rest,1,content_hash_mixed_label_cluster,
CompPhish,http://allegrolokalnie.oferta9513207.shop,oferta9513207.shop,1,content_hash_mixed_label_cluster,
CompPhish,https://www.bing.com/ck/a?!&amp;amp;&amp;amp;p=611067cf84dc2e7c3cb65912068deb6be27a3fda61dec2fd731453e2cfc4b98fJmltdHM9MTc1MjcxMDQwMA&amp;amp;ptn=3&amp;amp;ver=2&amp;amp;hsh=4&amp;amp;fclid=072c8f02-4f82-6e57-0094-99274edf6fe4&amp;amp;psq=https%3a%2f%2fwww.konzept-bau.ch%2f&amp;amp;u=a1aHR0cHM6Ly93d3cua29uemVwdC1iYXUuY2gva29udGFrdC8&amp;amp;ntb=1,bing.com,1,content_hash_mixed_label_cluster,
CompPhish,https://btvoice01.m-pages.com/VpmlXV/bt-broadband,m-pages.com,1,content_hash_mixed_label_cluster,
CompPhish,https://kosanindustries.com/wp-includes/tmp/mmlp.html,kosanindustries.com,1,content_hash_mixed_label_cluster,
CompPhish,https://tii.m-pages.com/vlburf/tii,m-pages.com,1,content_hash_mixed_label_cluster,
CompPhish,https://btclip.m-pages.com/UfaslQ/bt-internet,m-pages.com,1,content_hash_mixed_label_cluster,
CompPhish,https://rifepob210.m-pages.com/ZPuGDP/interntttbttbrnndd,m-pages.com,1,content_hash_mixed_label_cluster,
CompPhish,https://tinkabee.m-pages.com/wEMDYB/gbgfbgvfgetr,m-pages.com,1,content_hash_mixed_label_cluster,
CompPhish,https://wuy.m-pages.com/HIEOlM/eevoice,m-pages.com,1,content_hash_mixed_label_cluster,
CompPhish,https://trezuroisuite.m-pages.com/en/es,m-pages.com,1,content_hash_mixed_label_cluster,
CompPhish,https://trxriosuite.m-pages.com/EN-US,m-pages.com,1,content_hash_mixed_label_cluster,
CompPhish,https://service-relaycolis.info/points,service-relaycolis.info,1,content_hash_mixed_label_cluster,
CompPhish,https://service-relaycolis.info/help,service-relaycolis.info,1,content_hash_mixed_label_cluster,
CompPhish,https://service-relaycolis.info/,service-relaycolis.info,1,content_hash_mixed_label_cluster,
CompPhish,https://bdscimei.cl/most-art30823board44/most-art29973262board.html,bdscimei.cl,1,content_hash_mixed_label_cluster,
CompPhish,https://comfirm.m-pages.com/uhwVJX/band,m-pages.com,1,content_hash_mixed_label_cluster,
CompPhish,https://kosanindustries.com/wp-includes/tmp/xmow.html,kosanindustries.com,1,content_hash_mixed_label_cluster,
CompPhish,https://birejip47.m-pages.com/chGZNR/awee,m-pages.com,1,content_hash_mixed_label_cluster,
CompPhish,https://xn--doctolib-sant-nhb.com/steps/infos,xn--doctolib-sant-nhb.com,1,content_hash_mixed_label_cluster,
CompPhish,https://xn--doctolib-sant-nhb.com/steps/login,xn--doctolib-sant-nhb.com,1,content_hash_mixed_label_cluster,
CompPhish,https://xn--doctolib-sant-nhb.com/steps/captcha,xn--doctolib-sant-nhb.com,1,content_hash_mixed_label_cluster,
CompPhish,https://xn--doctolib-sant-nhb.com/,xn--doctolib-sant-nhb.com,1,content_hash_mixed_label_cluster,
CompPhish,https://allegrolokalnie.katlegoria-dom-l-ogvod-329x7.rest,katlegoria-dom-l-ogvod-329x7.rest,1,content_hash_mixed_label_cluster,
CompPhish,https://allegrolokalnie.oferta-739125.shop,oferta-739125.shop,1,content_hash_mixed_label_cluster,
CompPhish,http://allegrolokalnie.pl-id-oferta85354.shop,pl-id-oferta85354.shop,1,content_hash_mixed_label_cluster,
CompPhish,http://allegrolokalnie.katlegoria-dom-l-ogrvod-3cx75327.rest,katlegoria-dom-l-ogrvod-3cx75327.rest,1,content_hash_mixed_label_cluster,
CompPhish,http://allegrolokalnie.pi-katlegoria-ogrodove-320cx73.rest,pi-katlegoria-ogrodove-320cx73.rest,1,content_hash_mixed_label_cluster,
CompPhish,http://allegrolokalnie.oferta32945.cyou,oferta32945.cyou,1,content_hash_mixed_label_cluster,
CompPhish,https://allegro.pl-oferta9812347.cfd/,pl-oferta9812347.cfd,1,content_hash_mixed_label_cluster,
CompPhish,http://allegrolokalnie.pl-oferta3482.icu,pl-oferta3482.icu,1,content_hash_mixed_label_cluster,
CompPhish,https://allegro.pl-oferta3482.icu,pl-oferta3482.icu,1,content_hash_mixed_label_cluster,
CompPhish,http://allegro.pl-oferta124565.sbs,pl-oferta124565.sbs,1,content_hash_mixed_label_cluster,
CompPhish,https://allegro.pl-oferta124565.sbs,pl-oferta124565.sbs,1,content_hash_mixed_label_cluster,
CompPhish,https://allegrolokalnie.pl-378653739ofer.icu,pl-378653739ofer.icu,1,content_hash_mixed_label_cluster,
CompPhish,http://allegrolokalnie.pl-378653739ofer.icu,pl-378653739ofer.icu,1,content_hash_mixed_label_cluster,
CompPhish,http://allegro.pl-oferta7928190.icu,pl-oferta7928190.icu,1,content_hash_mixed_label_cluster,
CompPhish,https://allegro.pl-oferta395628.icu,pl-oferta395628.icu,1,content_hash_mixed_label_cluster,
CompPhish,https://allegrolokalnie.pl-oferta7928190.icu,pl-oferta7928190.icu,1,content_hash_mixed_label_cluster,
CompPhish,http://allegrolokalnie.oferta-591274.icu,oferta-591274.icu,1,content_hash_mixed_label_cluster,
CompPhish,http://allegrolokalnie.pl-oferta4720145.icu,pl-oferta4720145.icu,1,content_hash_mixed_label_cluster,
CompPhish,http://allegro.pl-oferta395628.icu,pl-oferta395628.icu,1,content_hash_mixed_label_cluster,
CompPhish,http://allegrolokalnie.pl-ogloszenie-02940290.icu,pl-ogloszenie-02940290.icu,1,content_hash_mixed_label_cluster,
CompPhish,http://allegrolokalnie.pl-oferta395628.icu,pl-oferta395628.icu,1,content_hash_mixed_label_cluster,
CompPhish,https://allegro.pl-kategorie8719840648834.icu,pl-kategorie8719840648834.icu,1,content_hash_mixed_label_cluster,
CompPhish,https://allegrolokalnie.pi-oferta.icu,pi-oferta.icu,1,content_hash_mixed_label_cluster,
CompPhish,http://allegrolokalnie.7821534813.icu,7821534813.icu,1,content_hash_mixed_label_cluster,
CompPhish,https://allegrolokalnie.pl-kategorie8719840648834.icu,pl-kategorie8719840648834.icu,1,content_hash_mixed_label_cluster,
CompPhish,http://allegrolokalnie.pi-katlegoria-resztva-9032c8.rest,pi-katlegoria-resztva-9032c8.rest,1,content_hash_mixed_label_cluster,
CompPhish,https://allegrolokalnie.pi-katlegoria-narzedziove-29c8x23.rest,pi-katlegoria-narzedziove-29c8x23.rest,1,content_hash_mixed_label_cluster,
CompPhish,http://allegrolokalnie.pl-oferta9812347.cfd,pl-oferta9812347.cfd,1,content_hash_mixed_label_cluster,
CompPhish,http://allegro.pl-oferta926481634.cfd,pl-oferta926481634.cfd,1,content_hash_mixed_label_cluster,
CompPhish,http://allegrolokalnie.7857534813.icu,7857534813.icu,1,content_hash_mixed_label_cluster,
CompPhish,http://allegrolokalnie.oferta287461.cfd,oferta287461.cfd,1,content_hash_mixed_label_cluster,
CompPhish,http://allegrolokalnie.pl-oferta926481634.cfd,pl-oferta926481634.cfd,1,content_hash_mixed_label_cluster,
CompPhish,https://allegro.pl-oferta4720145.icu,pl-oferta4720145.icu,1,content_hash_mixed_label_cluster,
CompPhish,http://www.trustwallet.web-denim.com/,web-denim.com,1,content_hash_mixed_label_cluster,
CompPhish,https://postaitsezioneregistro.freewebhostmost.com/post-ch/post+/,freewebhostmost.com,1,content_hash_mixed_label_cluster,
CompPhish,http://trustwallet.web-denim.com/,web-denim.com,1,content_hash_mixed_label_cluster,
CompPhish,https://mondialrelayfr.com/,mondialrelayfr.com,1,content_hash_mixed_label_cluster,
CompPhish,https://bobcroft.me/wp-oistne/index.html,bobcroft.me,1,content_hash_mixed_label_cluster,
CompPhish,https://www.monadsports.com/rr/index.html,monadsports.com,1,content_hash_mixed_label_cluster,
CompPhish,https://phantoms.pro/,phantoms.pro,1,content_hash_mixed_label_cluster,
CompPhish,https://mbtrx.com/,mbtrx.com,0,content_hash_mixed_label_cluster,
CompPhish,http://yaraon-blog.com/,yaraon-blog.com,0,content_hash_mixed_label_cluster,
CompPhish,https://maturealbum.com/en/,maturealbum.com,0,content_hash_mixed_label_cluster,
CompPhish,https://www.izlesene.com,izlesene.com,0,content_hash_mixed_label_cluster,
CompPhish,https://4porn.com/en/,4porn.com,0,content_hash_mixed_label_cluster,
CompPhish,https://tonicmovies.com/en/,tonicmovies.com,0,content_hash_mixed_label_cluster,
CompPhish,https://hdsexdino.com/en/,hdsexdino.com,0,content_hash_mixed_label_cluster,
CompPhish,https://severalmovies.com/en/,severalmovies.com,0,content_hash_mixed_label_cluster,
CompPhish,https://hqhole.com/en/,hqhole.com,0,content_hash_mixed_label_cluster,
CompPhish,https://oa.com/,oa.com,0,content_hash_mixed_label_cluster,
CompPhish,https://exhentai.org/,exhentai.org,0,content_hash_mixed_label_cluster,
CompPhish,https://rulertube.com/en/,rulertube.com,0,content_hash_mixed_label_cluster,
CompPhish,https://hardpole.com/en/,hardpole.com,0,content_hash_mixed_label_cluster,
CompPhish,https://goldpornfilms.com/en/,goldpornfilms.com,0,content_hash_mixed_label_cluster,
CompPhish,https://tubepleasure.com/en/,tubepleasure.com,0,content_hash_mixed_label_cluster,
CompPhish,https://www.troostwijkauctions.com/,troostwijkauctions.com,0,content_hash_mixed_label_cluster,
CompPhish,https://allegro.pl-oferta1243317.shop,pl-oferta1243317.shop,1,content_hash_mixed_label_cluster,
CompPhish,http://allegrolokalnie.pl-oferta5609133.icu,pl-oferta5609133.icu,1,content_hash_mixed_label_cluster,
CompPhish,https://allegro.pl-735529.icu,pl-735529.icu,1,content_hash_mixed_label_cluster,
CompPhish,http://allegrolokalnie.pl-735529.icu,pl-735529.icu,1,content_hash_mixed_label_cluster,
CompPhish,http://allegro.pl-kategorie781278950912571.shop,pl-kategorie781278950912571.shop,1,content_hash_mixed_label_cluster,
CompPhish,http://allegrolokalnie.pl-kategorie781278950912571.shop,pl-kategorie781278950912571.shop,1,content_hash_mixed_label_cluster,
CompPhish,http://allegrolokalnie.pl-ogloszenia-firmowe-88883482321.icu,pl-ogloszenia-firmowe-88883482321.icu,1,content_hash_mixed_label_cluster,
CompPhish,http://allegro.pl-oferta5609133.icu,pl-oferta5609133.icu,1,content_hash_mixed_label_cluster,
CompPhish,http://allegro.pl-oferta47735628.icu,pl-oferta47735628.icu,1,content_hash_mixed_label_cluster,
CompPhish,http://allegrolokalnie.pl-oferta5325435.sbs,pl-oferta5325435.sbs,1,content_hash_mixed_label_cluster,
CompPhish,https://allegro.pl-oferta198516.icu,pl-oferta198516.icu,1,content_hash_mixed_label_cluster,
CompPhish,http://allegro.pl-91849.cfd,pl-91849.cfd,1,content_hash_mixed_label_cluster,
CompPhish,http://allegrolokalnie.pl-029748.icu,pl-029748.icu,1,content_hash_mixed_label_cluster,
CompPhish,http://allegrolokalnie.pl-oferta47735628.icu,pl-oferta47735628.icu,1,content_hash_mixed_label_cluster,
CompPhish,http://allegro.pl-sprzedaz5326475.icu,pl-sprzedaz5326475.icu,1,content_hash_mixed_label_cluster,
CompPhish,http://allegrolokalnie.pl-ogloszenia-firmowe-88883482344.icu,pl-ogloszenia-firmowe-88883482344.icu,1,content_hash_mixed_label_cluster,
CompPhish,https://allegrolokalnie.pl-6532595.icu,pl-6532595.icu,1,content_hash_mixed_label_cluster,
CompPhish,http://allegro.pl-oferta57934.icu,pl-oferta57934.icu,1,content_hash_mixed_label_cluster,
CompPhish,http://allegrolokalnie.pl-91849.cfd,pl-91849.cfd,1,content_hash_mixed_label_cluster,
CompPhish,http://allegrolokalnie.pl-oferta9351995.icu,pl-oferta9351995.icu,1,content_hash_mixed_label_cluster,
CompPhish,http://allegro.pl-oferta9351995.icu,pl-oferta9351995.icu,1,content_hash_mixed_label_cluster,
CompPhish,http://allegrolokalnie.pl-oferta57934.icu,pl-oferta57934.icu,1,content_hash_mixed_label_cluster,
CompPhish,http://allegrolokalnie.pl-ogloszenia-firmowe-88883482339.icu,pl-ogloszenia-firmowe-88883482339.icu,1,content_hash_mixed_label_cluster,
CompPhish,https://allegrolokalnie.pl-294720.icu,pl-294720.icu,1,content_hash_mixed_label_cluster,
CompPhish,https://allegro.pl-294720.icu,pl-294720.icu,1,content_hash_mixed_label_cluster,
CompPhish,http://allegrolokalnie.pl-kategorie812784057124718.shop,pl-kategorie812784057124718.shop,1,content_hash_mixed_label_cluster,
CompPhish,http://allegrolokalnie.pl-sprzedaz5326475.icu,pl-sprzedaz5326475.icu,1,content_hash_mixed_label_cluster,
CompPhish,http://allegrolokalnie.oferta-4524348.icu,oferta-4524348.icu,1,content_hash_mixed_label_cluster,
CompPhish,http://allegro.pl-029748.icu,pl-029748.icu,1,content_hash_mixed_label_cluster,
CompPhish,http://allegrolokalnie.pl-oferta28372950.sbs,pl-oferta28372950.sbs,1,content_hash_mixed_label_cluster,
CompPhish,https://whistlebranding.com/url/?em=redacted@abuse.ionos.com,whistlebranding.com,1,content_hash_mixed_label_cluster,
CompPhish,http://allegro.pl-293474.icu,pl-293474.icu,1,content_hash_mixed_label_cluster,
CompPhish,http://allegrolokalnie.pl-ogloszenia-firmowe-88883482378.icu,pl-ogloszenia-firmowe-88883482378.icu,1,content_hash_mixed_label_cluster,
CompPhish,http://allegrolokalnie.pl-293474.icu,pl-293474.icu,1,content_hash_mixed_label_cluster,
CompPhish,http://allegro.pl-oferta5325435.sbs,pl-oferta5325435.sbs,1,content_hash_mixed_label_cluster,
CompPhish,https://allegrolokalnie.pl-oferta93853.cfd,pl-oferta93853.cfd,1,content_hash_mixed_label_cluster,
CompPhish,http://allegro.pl-oferta93853.cfd,pl-oferta93853.cfd,1,content_hash_mixed_label_cluster,
CompPhish,http://allegro.pl-oferta57930.icu,pl-oferta57930.icu,1,content_hash_mixed_label_cluster,
CompPhish,http://allegrolokalnie.pl-oferta57930.icu,pl-oferta57930.icu,1,content_hash_mixed_label_cluster,
CompPhish,http://allegrolokalnie.pl-kategorie785167215612895.shop,pl-kategorie785167215612895.shop,1,content_hash_mixed_label_cluster,
CompPhish,http://allegro.pl-6532595.icu,pl-6532595.icu,1,content_hash_mixed_label_cluster,
CompPhish,https://green-on.pl/CH-8909/,green-on.pl,1,content_hash_mixed_label_cluster,
CompPhish,https://ranablad.homelinux.net/e/,ranablad.homelinux.net,1,content_hash_mixed_label_cluster,
CompPhish,https://allegro.pl-oferta5943925.shop,pl-oferta5943925.shop,1,content_hash_mixed_label_cluster,
CompPhish,http://allegrolokalnie.pl-kategoria47612429586.shop,pl-kategoria47612429586.shop,1,content_hash_mixed_label_cluster,
CompPhish,http://allegrolokalnie.pl-oferta8489724511.shop,pl-oferta8489724511.shop,1,content_hash_mixed_label_cluster,
CompPhish,http://allegro.pl-oferta84583645932.shop,pl-oferta84583645932.shop,1,content_hash_mixed_label_cluster,
CompPhish,http://allegrolokalnie.pl-91724oferta.shop,pl-91724oferta.shop,1,content_hash_mixed_label_cluster,
CompPhish,http://allegro.pl-oferta8489724511.shop,pl-oferta8489724511.shop,1,content_hash_mixed_label_cluster,
CompPhish,http://allegrolokalnie.oferta010293.shop,oferta010293.shop,1,content_hash_mixed_label_cluster,
CompPhish,https://allegrolokalnie.pl-kategorie635826259253.shop,pl-kategorie635826259253.shop,1,content_hash_mixed_label_cluster,
CompPhish,https://allegro.pl-kategoria187124629371253.shop,pl-kategoria187124629371253.shop,1,content_hash_mixed_label_cluster,
CompPhish,https://allegrolokalnie.pl-kategoria187124629371253.shop,pl-kategoria187124629371253.shop,1,content_hash_mixed_label_cluster,
CompPhish,https://tr.ee/eMo5CV,tr.ee,1,content_hash_mixed_label_cluster,
CompPhish,http://allegro.pl-kategorie635826259253.shop,pl-kategorie635826259253.shop,1,content_hash_mixed_label_cluster,
CompPhish,http://allegrolokalnie.pi-2842018374923.rest,pi-2842018374923.rest,1,content_hash_mixed_label_cluster,
CompPhish,http://allegrolokalnie.pl-oferta87362341783.shop,pl-oferta87362341783.shop,1,content_hash_mixed_label_cluster,
CompPhish,https://djoren.co.il/intec/index.html?gad_source=1&amp;gad_campaignid=22864277895&amp;gbraid=0AAAABA0kZiMGupObQ8BGKDt4kWA8rymfK&amp;gclid=EAIaIQobChMIicTUyb30jgMVe3R_AB2Toju9EAMYASAAEgIVrfD_BwE,djoren.co.il,1,content_hash_mixed_label_cluster,
CompPhish,https://djoren.co.il/intec/index.html,djoren.co.il,1,content_hash_mixed_label_cluster,
CompPhish,http://allegrolokalnie.pl-oferta8438439352.shop,pl-oferta8438439352.shop,1,content_hash_mixed_label_cluster,
CompPhish,http://allegrolokalnie.pl-kategoria178246174292.shop,pl-kategoria178246174292.shop,1,content_hash_mixed_label_cluster,
CompPhish,http://allegro.pl-oferta8438439352.shop,pl-oferta8438439352.shop,1,content_hash_mixed_label_cluster,
CompPhish,https://allegrolokalnie.oferta-8074718.shop,oferta-8074718.shop,1,content_hash_mixed_label_cluster,
CompPhish,http://allegro.pl-kategoria8462918374716.shop,pl-kategoria8462918374716.shop,1,content_hash_mixed_label_cluster,
CompPhish,https://allegro.pl-kategorie812837152893.com,pl-kategorie812837152893.com,1,content_hash_mixed_label_cluster,
CompPhish,http://allegro.pl-kategoria178246174292.shop,pl-kategoria178246174292.shop,1,content_hash_mixed_label_cluster,
CompPhish,http://allegrolokalnie.pl-kategoria8462918374716.shop,pl-kategoria8462918374716.shop,1,content_hash_mixed_label_cluster,
CompPhish,https://validateb-quaq-dot-mail-auth-001100.uw.r.appspot.com/#bWFpbEBrdXJmdWVyc3Rpbi5kZQ=,validateb-quaq-dot-mail-auth-001100.uw.r.appspot.com,1,content_hash_mixed_label_cluster,
CompPhish,http://allegrolokalnie.oferta-7446602.shop,oferta-7446602.shop,1,content_hash_mixed_label_cluster,
CompPhish,https://voicemailupdate.m-pages.com/ZiQYCd,m-pages.com,1,content_hash_mixed_label_cluster,
CompPhish,https://tpercyfx.m-pages.com/GTSW4i/cmpnybrdnand,m-pages.com,1,content_hash_mixed_label_cluster,
CompPhish,http://allegro.pl-kategoria79124612745.shop,pl-kategoria79124612745.shop,1,content_hash_mixed_label_cluster,
CompPhish,http://allegrolokalnie.pl-kategoria79124612745.shop,pl-kategoria79124612745.shop,1,content_hash_mixed_label_cluster,
CompPhish,http://allegro.pl-kategoria879123614712.shop,pl-kategoria879123614712.shop,1,content_hash_mixed_label_cluster,
CompPhish,https://allegro.pl-kategoria1785217652812763.shop,pl-kategoria1785217652812763.shop,1,content_hash_mixed_label_cluster,
CompPhish,http://allegrolokalnie.pl-oferta89634248347.shop,pl-oferta89634248347.shop,1,content_hash_mixed_label_cluster,
CompPhish,http://allegro.pl-oferta89634248347.shop,pl-oferta89634248347.shop,1,content_hash_mixed_label_cluster,
CompPhish,https://cijopor1.m-pages.com/vjrmwB/mybrrd,m-pages.com,1,content_hash_mixed_label_cluster,
CompPhish,https://allegrolokalnie.pl-kategoria1785217652812763.shop,pl-kategoria1785217652812763.shop,1,content_hash_mixed_label_cluster,
CompPhish,http://allegro.pl-kategoria179851948267378.shop,pl-kategoria179851948267378.shop,1,content_hash_mixed_label_cluster,
CompPhish,http://everyspec.com/,everyspec.com,0,content_hash_mixed_label_cluster,
CompPhish,http://hosting-services.net.au/,hosting-services.net.au,0,content_hash_mixed_label_cluster,
CompPhish,https://beritateknologi.com/,beritateknologi.com,0,content_hash_mixed_label_cluster,
CompPhish,https://fileoasis.net/,fileoasis.net,0,content_hash_mixed_label_cluster,
CompPhish,https://daily-bbw-porn.com/en/,daily-bbw-porn.com,0,content_hash_mixed_label_cluster,
CompPhish,https://bg-sex.com/,bg-sex.com,0,content_hash_mixed_label_cluster,
CompPhish,http://www.sevengadgets.ru/,sevengadgets.ru,0,content_hash_mixed_label_cluster,
CompPhish,https://spectraltube.com/en/,spectraltube.com,0,content_hash_mixed_label_cluster,
CompPhish,https://nbn.com.lb/,nbn.com.lb,0,content_hash_mixed_label_cluster,
CompPhish,https://zonadiet.com/,zonadiet.com,0,content_hash_mixed_label_cluster,
CompPhish,https://vipmaturetube.com/en/,vipmaturetube.com,0,content_hash_mixed_label_cluster,
CompPhish,https://gestaoescolar.org.br/,gestaoescolar.org.br,0,content_hash_mixed_label_cluster,
CompPhish,https://happy-team.org/,happy-team.org,0,content_hash_mixed_label_cluster,
CompPhish,https://diylogodesigns.com/,diylogodesigns.com,0,content_hash_mixed_label_cluster,
CompPhish,https://iraniancanada.com/,iraniancanada.com,0,content_hash_mixed_label_cluster,
CompPhish,https://areyouabot.net/,areyouabot.net,0,content_hash_mixed_label_cluster,
CompPhish,http://filesbomb.in/,filesbomb.in,0,content_hash_mixed_label_cluster,
CompPhish,https://snurmedia.com/,snurmedia.com,0,content_hash_mixed_label_cluster,
CompPhish,https://biology-pages.info/,biology-pages.info,0,content_hash_mixed_label_cluster,
CompPhish,https://advertipros.com/?d2e8t6l3kl6c73cj2f90,advertipros.com,0,content_hash_mixed_label_cluster,
CompPhish,https://cross-webmedia.com/,cross-webmedia.com,0,content_hash_mixed_label_cluster,
CompPhish,https://rabbitfiles.com/,rabbitfiles.com,0,content_hash_mixed_label_cluster,
CompPhish,https://blog.jp/,blog.jp,0,content_hash_repeated_record,
CompPhish,https://ldblog.jp/,ldblog.jp,0,content_hash_repeated_record,
CompPhish,https://livedoor.biz/,livedoor.biz,0,content_hash_repeated_record,
CompPhish,https://skstream.co/,skstream.co,0,content_hash_repeated_record,
CompPhish,http://estream.to/,estream.to,0,content_hash_repeated_record,
CompPhish,https://torrentgl.net/,torrentgl.net,0,content_hash_repeated_record,
CompPhish,https://openseapromintings1.vercel.app/,openseapromintings1.vercel.app,1,content_hash_repeated_record,
CompPhish,https://s-munawar.github.io/Amazon-Clone/,s-munawar.github.io,1,content_hash_repeated_record,
CompPhish,http://qnbirklamla.vercel.app/,qnbirklamla.vercel.app,1,content_hash_repeated_record,
CompPhish,http://qnbireklam22.vercel.app/,qnbireklam22.vercel.app,1,content_hash_repeated_record,
CompPhish,http://qnbkmpnyo.vercel.app/,qnbkmpnyo.vercel.app,1,content_hash_repeated_record,
CompPhish,http://vjiihxvuda.duckdns.org/en/main,vjiihxvuda.duckdns.org,1,content_hash_repeated_record,
CompPhish,https://8h-adacoount0review92821.vercel.app/case/100081295808699,8h-adacoount0review92821.vercel.app,1,content_hash_repeated_record,
CompPhish,https://sahar12572.github.io/Instagram---Copy-Cat/,sahar12572.github.io,1,content_hash_repeated_record,
CompPhish,https://simmonsllns.vercel.app/,simmonsllns.vercel.app,1,content_hash_repeated_record,
CompPhish,https://thankgodabugu.github.io/clone-Facebook-loginPage,thankgodabugu.github.io,1,content_hash_repeated_record,
CompPhish,https://rohan-max-pro.github.io/netflix.github.io,rohan-max-pro.github.io,1,content_hash_repeated_record,
CompPhish,https://rohan-max-pro.github.io/netflix.github.io/,rohan-max-pro.github.io,1,content_hash_repeated_record,
CompPhish,https://zenos-droid.github.io/amazon_clone/,zenos-droid.github.io,1,content_hash_repeated_record,
CompPhish,https://userauthpolicys-session-center-six.vercel.app/75696939782__;!!Bt8RZUm9aw!5TVbf8-JQMPYfl4oI78am4ShL1ScC1Y0ljNf2DENpYWyjPjldkK8X5FMVHbDqo7PQiS2oMKqgf6L6ZRE$,userauthpolicys-session-center-six.vercel.app,1,content_hash_repeated_record,
CompPhish,https://userauthpolicys-session-center-six.vercel.app/75696939782(,userauthpolicys-session-center-six.vercel.app,1,content_hash_repeated_record,
CompPhish,https://cloudrover.vercel.app/managermentquan/vJ4q7Zb8P1.html,cloudrover.vercel.app,1,content_hash_repeated_record,
CompPhish,https://improve-repair-case-2c2e.vercel.app/posts_provide/transparency.meta.com_fb_case_159551727005616-enforcement-taking-action-restricting-accounts.html,improve-repair-case-2c2e.vercel.app,1,content_hash_repeated_record,
CompPhish,https://aartirana2103.github.io/Facebook,aartirana2103.github.io,1,content_hash_repeated_record,
CompPhish,https://metamask-docs-git-infuracreditpricing-metamask-web.vercel.app/,metamask-docs-git-infuracreditpricing-metamask-web.vercel.app,1,content_hash_repeated_record,
CompPhish,http://onlinebdoo.pending-system.workers.dev/bdo-form/hndycbvnze6rinhbpnrdtzwhy0rlmcndpru2dgv3jh,pending-system.workers.dev,1,content_hash_repeated_record,
CompPhish,https://www.superset.subscape.com.au/mobile/front/,subscape.com.au,1,content_hash_repeated_record,
CompPhish,https://www.uat-analytic.hpsafety.com.au/mobile/front/,hpsafety.com.au,1,content_hash_repeated_record,
CompPhish,https://www.kafka.preprod.hpsafety.com.au/mobile/front/,hpsafety.com.au,1,content_hash_repeated_record,
CompPhish,https://www.prod-analytic.hpsafety.com.au/mobile/login/,hpsafety.com.au,1,content_hash_repeated_record,
CompPhish,https://pop.3lo.com.au/mobile/front/,3lo.com.au,1,content_hash_repeated_record,
CompPhish,https://qa-data.nyisztor.com.au/mobile/login,nyisztor.com.au,1,content_hash_repeated_record,
CompPhish,https://www.dashboard.qa.cddental.com.au/mobile/front/,cddental.com.au,1,content_hash_repeated_record,
CompPhish,https://qa-data.nyisztor.com.au/mobile/front/,nyisztor.com.au,1,content_hash_repeated_record,
CompPhish,https://www.dashboard.qa.cddental.com.au/mobile/login/,cddental.com.au,1,content_hash_repeated_record,
CompPhish,https://explorer.ci.cddental.com.au/mobile/login,cddental.com.au,1,content_hash_repeated_record,
CompPhish,https://explorer.ci.cddental.com.au/mobile/front,cddental.com.au,1,content_hash_repeated_record,
CompPhish,https://doc823662.github.io/hot-dev/,doc823662.github.io,1,content_hash_repeated_record,
CompPhish,https://bdoonline.faqs-recommended.workers.dev/bdo-form/8lDMS3j9DlMWyudgyznDMeKcwBfQ8PRRuIfKTfquow,faqs-recommended.workers.dev,1,content_hash_repeated_record,
CompPhish,https://bdoonline.faqs-recommended.workers.dev/bdo-form/pAE3T7YfXZ2kaPdBqHAfou8V0lHvkBlDs68tq5pFjh,faqs-recommended.workers.dev,1,content_hash_repeated_record,
CompPhish,https://www.insta-clone-rosy.vercel.app/,insta-clone-rosy.vercel.app,1,content_hash_repeated_record,
CompPhish,https://avidha-shaik.github.io/Amazon-Clone/,avidha-shaik.github.io,1,content_hash_repeated_record,
CompPhish,https://ipfs.io/ipfs/bafkreibhcipz2q2dtijxvljnqcrly64nvczl3nnwd7544sycbjr23ee7ei,ipfs.io,1,content_hash_repeated_record,
CompPhish,https://ipfs.io/ipfs/bafkreiangth6pgw4okuntto6kijybucssa7ish4hqlxcsk2vcb2tyi2igm,ipfs.io,1,content_hash_repeated_record,
CompPhish,https://ipfs.io/ipfs/bafkreicktjtmzinhpk6lx2hzr7mxjy6efoqfy62ww2jiw4lshir5p3ciou,ipfs.io,1,content_hash_repeated_record,
CompPhish,https://bybit--auth--logi.webflow.io/,bybit--auth--logi.webflow.io,1,content_hash_repeated_record,
CompPhish,https://authe--bybit-b-login-sso.webflow.io/,authe--bybit-b-login-sso.webflow.io,1,content_hash_repeated_record,
CompPhish,https://auths-bybit-signin-acc.webflow.io/,auths-bybit-signin-acc.webflow.io,1,content_hash_repeated_record,
CompPhish,https://my-so-itrustcapital-cdn--auth.webflow.io/,my-so-itrustcapital-cdn--auth.webflow.io,1,content_hash_repeated_record,
CompPhish,https://auths-bybit-s-view.webflow.io/,auths-bybit-s-view.webflow.io,1,content_hash_repeated_record,
CompPhish,https://lite-bybit-auth-bybitt.webflow.io/,lite-bybit-auth-bybitt.webflow.io,1,content_hash_repeated_record,
CompPhish,https://cry-bybit-login.webflow.io/,cry-bybit-login.webflow.io,1,content_hash_repeated_record,
CompPhish,https://itrustcapital-authelogin.webflow.io/,itrustcapital-authelogin.webflow.io,1,content_hash_repeated_record,
CompPhish,https://my--sso--itrustcapital-com-authz.webflow.io/,my--sso--itrustcapital-com-authz.webflow.io,1,content_hash_repeated_record,
CompPhish,https://usitrust-capitelogin.webflow.io/,usitrust-capitelogin.webflow.io,1,content_hash_repeated_record,
CompPhish,https://my-secure-itrust-capital.webflow.io/,my-secure-itrust-capital.webflow.io,1,content_hash_repeated_record,
CompPhish,https://sso--itrustcapitalcom-secure.webflow.io/,sso--itrustcapitalcom-secure.webflow.io,1,content_hash_repeated_record,
CompPhish,https://itrustcapeitallogien.webflow.io/,itrustcapeitallogien.webflow.io,1,content_hash_repeated_record,
CompPhish,https://viz-staging.cddental.com.au/mobile/login,cddental.com.au,1,content_hash_repeated_record,
CompPhish,https://ugjsxcpcontacts.mdcomp.com.au/mobile/front/,mdcomp.com.au,1,content_hash_repeated_record,
CompPhish,https://ns.jungara.com.au/mobile/login,jungara.com.au,1,content_hash_repeated_record,
CompPhish,https://preprod.explore.nyisztor.com.au/mobile/front,nyisztor.com.au,1,content_hash_repeated_record,
CompPhish,https://ns.jungara.com.au/mobile/front/,jungara.com.au,1,content_hash_repeated_record,
CompPhish,https://www.jenkins.production.eips.com.au/mobile/login/,eips.com.au,1,content_hash_repeated_record,
CompPhish,https://www.webdisk.onelec.com.au/mobile/login/,onelec.com.au,1,content_hash_repeated_record,
CompPhish,https://www.mx.spadaro.id.au/mobile/front,spadaro.id.au,1,content_hash_repeated_record,
CompPhish,https://art.pyromax.com.au/mobile/login/,pyromax.com.au,1,content_hash_repeated_record,
CompPhish,https://a.mx.bruin.com.au/mobile/login,bruin.com.au,1,content_hash_repeated_record,
CompPhish,https://www.dmarc.ipv6.attollo.com.au/mobile/front,attollo.com.au,1,content_hash_repeated_record,
CompPhish,https://www.iqqkpwhat.website.qldvvmc.com.au/mobile/front/,qldvvmc.com.au,1,content_hash_repeated_record,
CompPhish,https://data.preview.qldvvmc.com.au/mobile/login,qldvvmc.com.au,1,content_hash_repeated_record,
CompPhish,https://ai.mdcomp.com.au/mobile/front/,mdcomp.com.au,1,content_hash_repeated_record,
CompPhish,https://dev.analytics.subscape.com.au/mobile/login,subscape.com.au,1,content_hash_repeated_record,
CompPhish,https://test.data.jimpike.com.au/mobile/login/,jimpike.com.au,1,content_hash_repeated_record,
CompPhish,https://portal.cpanel.3lo.com.au/mobile/front/,3lo.com.au,1,content_hash_repeated_record,
CompPhish,https://analytic-production.eips.com.au/mobile/login/,eips.com.au,1,content_hash_repeated_record,
CompPhish,https://pipeline-development.eips.com.au/mobile/login/,eips.com.au,1,content_hash_repeated_record,
CompPhish,https://wpmservice.finance.mdcomp.com.au/mobile/login/,mdcomp.com.au,1,content_hash_repeated_record,
CompPhish,https://bquorcpcalendars.spadaro.id.au/mobile/login/,spadaro.id.au,1,content_hash_repeated_record,
CompPhish,https://q1kv86h9rdvlnkg9.3lo.com.au/mobile/login/,3lo.com.au,1,content_hash_repeated_record,
CompPhish,https://58fx2vce2.00.woori.com.au/mobile/login/,woori.com.au,1,content_hash_repeated_record,
CompPhish,https://spam.jimpike.com.au/mobile/login/,jimpike.com.au,1,content_hash_repeated_record,
CompPhish,https://bi-development.jimpike.com.au/mobile/login/,jimpike.com.au,1,content_hash_repeated_record,
CompPhish,https://api.sspl.com.au/mobile/login/,sspl.com.au,1,content_hash_repeated_record,
CompPhish,https://report-test.eips.com.au/mobile/login/,eips.com.au,1,content_hash_repeated_record,
CompPhish,https://stats.development.qldvvmc.com.au/mobile/login/,qldvvmc.com.au,1,content_hash_repeated_record,
CompPhish,https://mailout.attollo.com.au/mobile/login/,attollo.com.au,1,content_hash_repeated_record,
CompPhish,https://data.poc.jimpike.com.au/mobile/login,jimpike.com.au,1,content_hash_repeated_record,
CompPhish,https://ci.demo.eips.com.au/mobile/login,eips.com.au,1,content_hash_repeated_record,
CompPhish,https://vmail.caq.com.au/mobile/login,caq.com.au,1,content_hash_repeated_record,
CompPhish,https://ftp.3lo.com.au/mobile/login,3lo.com.au,1,content_hash_repeated_record,
CompPhish,https://preview.analytics.eips.com.au/mobile/login,eips.com.au,1,content_hash_repeated_record,
CompPhish,https://server2.sspl.com.au/mobile/front/,sspl.com.au,1,content_hash_repeated_record,
CompPhish,https://vmail.caq.com.au/mobile/front/,caq.com.au,1,content_hash_repeated_record,
CompPhish,https://tcp.webmail.cddental.com.au/mobile/login/,cddental.com.au,1,content_hash_repeated_record,
CompPhish,https://kb.glsnsw.com.au/mobile/front/,glsnsw.com.au,1,content_hash_repeated_record,
CompPhish,https://bd0online.customer-services-186.workers.dev/bdo-form/XRjAiB1Ubo13bnYxe6kIYq2PEGwHXpxt8wEqYbXYVP,customer-services-186.workers.dev,1,content_hash_repeated_record,
CompPhish,https://onlinebdo.serv-contracts.workers.dev/bdo-form/UZh4u18Ds8Ck3A9jrlvII0BApyOojUrxMwZct19cSM,serv-contracts.workers.dev,1,content_hash_repeated_record,
CompPhish,https://mobile-devicesremoval.costumer-bd0online.workers.dev/bdo-form/qLKwEvckwDXqNvtdxVkN6Rqjmv8q8MAOvsMSc6psar,costumer-bd0online.workers.dev,1,content_hash_repeated_record,
CompPhish,https://onlinebdo.serv-contracts.workers.dev/bdo-form/xAsHnBBcPZfnvw0CNkYjtSsj1hnjByIo3pEULZGxkB,serv-contracts.workers.dev,1,content_hash_repeated_record,
CompPhish,https://ayyushraaj-011.github.io/Amazon-Clone/,ayyushraaj-011.github.io,1,content_hash_repeated_record,
CompPhish,https://stage.obacs.com.au/mobile/front,obacs.com.au,1,content_hash_repeated_record,
CompPhish,https://staging.cddental.com.au/mobile/front,cddental.com.au,1,content_hash_repeated_record,
CompPhish,https://hostmaster.lectec.com.au/mobile/front/,lectec.com.au,1,content_hash_repeated_record,
CompPhish,https://mbox.bruin.com.au/mobile/front,bruin.com.au,1,content_hash_repeated_record,
CompPhish,https://mbox.bruin.com.au/mobile/front/,bruin.com.au,1,content_hash_repeated_record,
CompPhish,https://www.m.lectec.com.au/mobile/login/,lectec.com.au,1,content_hash_repeated_record,
CompPhish,https://analytic-production.cddental.com.au/mobile/front/,cddental.com.au,1,content_hash_repeated_record,
CompPhish,https://mx20.jungara.com.au/mobile/front/,jungara.com.au,1,content_hash_repeated_record,
CompPhish,https://aditya240602.github.io/amazon-clone,aditya240602.github.io,1,content_hash_repeated_record,
CompPhish,https://secure.kathypope.id.au/mobile/front,kathypope.id.au,1,content_hash_repeated_record,
CompPhish,https://staging-dash.cddental.com.au/mobile/front,cddental.com.au,1,content_hash_repeated_record,
CompPhish,https://www.dash.integration.eips.com.au/mobile/front,eips.com.au,1,content_hash_repeated_record,
CompPhish,https://smtpauth.kathypope.id.au/mobile/front,kathypope.id.au,1,content_hash_repeated_record,
CompPhish,https://dash.hotfix.hpsafety.com.au/mobile/front,hpsafety.com.au,1,content_hash_repeated_record,
CompPhish,https://www.forums.ingenova.com.au/mobile/front,ingenova.com.au,1,content_hash_repeated_record,
CompPhish,https://dash.beta.eips.com.au/mobile/front/,eips.com.au,1,content_hash_repeated_record,
CompPhish,https://www.ycoz0yro2.00.woori.com.au/mobile/front,woori.com.au,1,content_hash_repeated_record,
CompPhish,https://test.analytic.cddental.com.au/mobile/front,cddental.com.au,1,content_hash_repeated_record,
CompPhish,https://www.authsmtp.hpsafety.com.au/mobile/front,hpsafety.com.au,1,content_hash_repeated_record,
CompPhish,https://www.serverhosting227.hpsafety.com.au/mobile/front,hpsafety.com.au,1,content_hash_repeated_record,
CompPhish,https://www.smtpmail.bruin.com.au/mobile/front,bruin.com.au,1,content_hash_repeated_record,
CompPhish,https://staging.superset.cddental.com.au/mobile/front,cddental.com.au,1,content_hash_repeated_record,
CompPhish,https://www.addinformation40.eips.com.au/mobile/front,eips.com.au,1,content_hash_repeated_record,
CompPhish,https://cn8mhphne8p9ljtu1cug.spadaro.id.au/mobile/front,spadaro.id.au,1,content_hash_repeated_record,
CompPhish,https://www.0w7x5d3ttjimjzjv.zandona.com.au/mobile/front,zandona.com.au,1,content_hash_repeated_record,
CompPhish,https://www.uat.superset.jimpike.com.au/mobile/front,jimpike.com.au,1,content_hash_repeated_record,
CompPhish,https://www.server.caditup.com.au/mobile/front,caditup.com.au,1,content_hash_repeated_record,
CompPhish,https://_xmpp-server._udp.bruin.com.au/mobile/front,bruin.com.au,1,content_hash_repeated_record,
CompPhish,https://www.mailer.ingenova.com.au/mobile/front,ingenova.com.au,1,content_hash_repeated_record,
CompPhish,https://hotfix.analytic.cddental.com.au/mobile/front,cddental.com.au,1,content_hash_repeated_record,
CompPhish,https://www.mx5.attollo.com.au/mobile/front/,attollo.com.au,1,content_hash_repeated_record,
CompPhish,https://www.reporting-staging.eips.com.au/mobile/front/,eips.com.au,1,content_hash_repeated_record,
CompPhish,https://news.cpcontacts.jungara.com.au/mobile/front,jungara.com.au,1,content_hash_repeated_record,
CompPhish,https://ci.demo.eips.com.au/mobile/front,eips.com.au,1,content_hash_repeated_record,
CompPhish,https://www.production-workflow.cddental.com.au/mobile/front/,cddental.com.au,1,content_hash_repeated_record,
CompPhish,https://www.insight.production.hpsafety.com.au/mobile/front/,hpsafety.com.au,1,content_hash_repeated_record,
CompPhish,https://www.archive.zandona.com.au/mobile/front,zandona.com.au,1,content_hash_repeated_record,
CompPhish,https://www.mail6.jungara.com.au/mobile/front/,jungara.com.au,1,content_hash_repeated_record,
CompPhish,https://workflow.poc.hpsafety.com.au/mobile/front,hpsafety.com.au,1,content_hash_repeated_record,
CompPhish,https://qa.insight.hpsafety.com.au/mobile/front,hpsafety.com.au,1,content_hash_repeated_record,
CompPhish,https://www.pop.sspl.com.au/mobile/front/,sspl.com.au,1,content_hash_repeated_record,
CompPhish,https://shop.webmail.caditup.com.au/mobile/front/,caditup.com.au,1,content_hash_repeated_record,
CompPhish,https://www.zimbra.hpsafety.com.au/mobile/front,hpsafety.com.au,1,content_hash_repeated_record,
CompPhish,https://www.mail9.jungara.com.au/mobile/front/,jungara.com.au,1,content_hash_repeated_record,
CompPhish,https://qa.data.cddental.com.au/mobile/front,cddental.com.au,1,content_hash_repeated_record,
CompPhish,https://owp7wwigyxu19av1.preview.eips.com.au/mobile/front/,eips.com.au,1,content_hash_repeated_record,
CompPhish,https://monitoring.dev.nyisztor.com.au/mobile/front,nyisztor.com.au,1,content_hash_repeated_record,
CompPhish,https://www.hotfix-data.hpsafety.com.au/mobile/front/,hpsafety.com.au,1,content_hash_repeated_record,
CompPhish,https://www.ecommerce.eips.com.au/mobile/front,eips.com.au,1,content_hash_repeated_record,
CompPhish,https://report.demo.eips.com.au/mobile/front,eips.com.au,1,content_hash_repeated_record,
CompPhish,https://www.mailer.jungara.com.au/mobile/front,jungara.com.au,1,content_hash_repeated_record,
CompPhish,https://www.promo.glsnsw.com.au/mobile/front,glsnsw.com.au,1,content_hash_repeated_record,
CompPhish,https://www.smtpauth.caq.com.au/mobile/front,caq.com.au,1,content_hash_repeated_record,
CompPhish,https://www._nicname._tcp.bruin.com.au/mobile/front,bruin.com.au,1,content_hash_repeated_record,
CompPhish,https://www.news.autodiscover.woori.com.au/mobile/front/,woori.com.au,1,content_hash_repeated_record,
CompPhish,https://support.jungara.com.au/mobile/front,jungara.com.au,1,content_hash_repeated_record,
CompPhish,https://monitoring.sandbox.cddental.com.au/mobile/front,cddental.com.au,1,content_hash_repeated_record,
CompPhish,https://auth.sspl.com.au/mobile/front/,sspl.com.au,1,content_hash_repeated_record,
CompPhish,https://www.txdclcpcalendars.mdcomp.com.au/mobile/front/,mdcomp.com.au,1,content_hash_repeated_record,
CompPhish,https://mail.cache.caq.com.au/mobile/front/,caq.com.au,1,content_hash_repeated_record,
CompPhish,https://www.argo-poc.jimpike.com.au/mobile/front,jimpike.com.au,1,content_hash_repeated_record,
CompPhish,https://kafka.test.jimpike.com.au/mobile/front/,jimpike.com.au,1,content_hash_repeated_record,
CompPhish,https://authsmtp.ingenova.com.au/mobile/front,ingenova.com.au,1,content_hash_repeated_record,
CompPhish,https://analytic.staging.eips.com.au/mobile/front/,eips.com.au,1,content_hash_repeated_record,
CompPhish,https://development.report.cddental.com.au/mobile/front,cddental.com.au,1,content_hash_repeated_record,
CompPhish,https://qa.data.jimpike.com.au/mobile/front,jimpike.com.au,1,content_hash_repeated_record,
CompPhish,https://autodiscover.eips.com.au/mobile/front,eips.com.au,1,content_hash_repeated_record,
CompPhish,https://cicd.sandbox.eips.com.au/mobile/front,eips.com.au,1,content_hash_repeated_record,
CompPhish,https://www.bi-demo.jimpike.com.au/mobile/front,jimpike.com.au,1,content_hash_repeated_record,
CompPhish,https://dashboard.preprod.cddental.com.au/mobile/front/,cddental.com.au,1,content_hash_repeated_record,
CompPhish,https://dashboard-integration.eips.com.au/mobile/front,eips.com.au,1,content_hash_repeated_record,
CompPhish,https://preview-dash.eips.com.au/mobile/front,eips.com.au,1,content_hash_repeated_record,
CompPhish,https://www.bi.hotfix.jimpike.com.au/mobile/front/,jimpike.com.au,1,content_hash_repeated_record,
CompPhish,https://kafka.poc.hpsafety.com.au/mobile/front,hpsafety.com.au,1,content_hash_repeated_record,
CompPhish,https://www.visualize.staging.eips.com.au/mobile/front,eips.com.au,1,content_hash_repeated_record,
CompPhish,https://jenkins.preprod.eips.com.au/mobile/front/,eips.com.au,1,content_hash_repeated_record,
CompPhish,https://hotfix-dash.jimpike.com.au/mobile/front,jimpike.com.au,1,content_hash_repeated_record,
CompPhish,https://dash.demo.hpsafety.com.au/mobile/front/,hpsafety.com.au,1,content_hash_repeated_record,
CompPhish,https://beta.analytic.cddental.com.au/mobile/front/,cddental.com.au,1,content_hash_repeated_record,
CompPhish,https://www.mx20.bruin.com.au/mobile/front/,bruin.com.au,1,content_hash_repeated_record,
CompPhish,https://poc.intelligence.cddental.com.au/mobile/front,cddental.com.au,1,content_hash_repeated_record,
CompPhish,https://eoarpmail.en.caq.com.au/mobile/front,caq.com.au,1,content_hash_repeated_record,
CompPhish,https://hotfix.argo.nyisztor.com.au/mobile/front,nyisztor.com.au,1,content_hash_repeated_record,
CompPhish,https://www.mx2.caq.com.au/mobile/front,caq.com.au,1,content_hash_repeated_record,
CompPhish,https://production.analytic.cddental.com.au/mobile/front/,cddental.com.au,1,content_hash_repeated_record,
CompPhish,https://www.mailin.jimpike.com.au/mobile/front,jimpike.com.au,1,content_hash_repeated_record,
CompPhish,https://autodiscover.ingenova.com.au/mobile/front/,ingenova.com.au,1,content_hash_repeated_record,
CompPhish,https://dmarc.mail.sspl.com.au/mobile/front,sspl.com.au,1,content_hash_repeated_record,
CompPhish,https://uat.superset.cddental.com.au/mobile/front/,cddental.com.au,1,content_hash_repeated_record,
CompPhish,https://news.cpcontacts.ingenova.com.au/mobile/front/,ingenova.com.au,1,content_hash_repeated_record,
CompPhish,https://_dmarc.mail.sspl.com.au/mobile/front/,sspl.com.au,1,content_hash_repeated_record,
CompPhish,https://mta-sts.mail.mdcomp.com.au/mobile/front/,mdcomp.com.au,1,content_hash_repeated_record,
CompPhish,https://dev.metrics.cddental.com.au/mobile/front/,cddental.com.au,1,content_hash_repeated_record,
CompPhish,https://www.stat.nyisztor.com.au/mobile/front,nyisztor.com.au,1,content_hash_repeated_record,
CompPhish,https://mailserver.cddental.com.au/mobile/front/,cddental.com.au,1,content_hash_repeated_record,
CompPhish,https://www.insight.3lo.com.au/mobile/front,3lo.com.au,1,content_hash_repeated_record,
CompPhish,https://www.mx1.caq.com.au/mobile/login,caq.com.au,1,content_hash_repeated_record,
CompPhish,https://www.bi-dev.jimpike.com.au/mobile/login/,jimpike.com.au,1,content_hash_repeated_record,
CompPhish,https://www.sandbox.data.hpsafety.com.au/mobile/front,hpsafety.com.au,1,content_hash_repeated_record,
CompPhish,https://mx1.glsnsw.com.au/mobile/front,glsnsw.com.au,1,content_hash_repeated_record,
CompPhish,https://www.staging.superset.woori.com.au/mobile/login/,woori.com.au,1,content_hash_repeated_record,
CompPhish,https://www.blog.webdisk.jungara.com.au/mobile/login,jungara.com.au,1,content_hash_repeated_record,
CompPhish,https://www.pop3.mdcomp.com.au/mobile/front/,mdcomp.com.au,1,content_hash_repeated_record,
CompPhish,https://smtpa.nyisztor.com.au/mobile/front/,nyisztor.com.au,1,content_hash_repeated_record,
CompPhish,https://www.eitqbmail.zandona.com.au/mobile/login/,zandona.com.au,1,content_hash_repeated_record,
CompPhish,https://www.imap.woori.com.au/mobile/front/,woori.com.au,1,content_hash_repeated_record,
CompPhish,https://www.mx2.woori.com.au/mobile/front/,woori.com.au,1,content_hash_repeated_record,
CompPhish,https://www.server1.attollo.com.au/mobile/login/,attollo.com.au,1,content_hash_repeated_record,
CompPhish,https://www.qa.nyisztor.com.au/mobile/login,nyisztor.com.au,1,content_hash_repeated_record,
CompPhish,https://www.data.dev.cddental.com.au/mobile/login,cddental.com.au,1,content_hash_repeated_record,
CompPhish,https://production.analytic.jimpike.com.au/mobile/login/,jimpike.com.au,1,content_hash_repeated_record,
CompPhish,https://www.smtp.comune.bruin.com.au/mobile/front/,bruin.com.au,1,content_hash_repeated_record,
CompPhish,https://www.home.attollo.com.au/mobile/login/,attollo.com.au,1,content_hash_repeated_record,
CompPhish,https://mail02.hpsafety.com.au/mobile/front/,hpsafety.com.au,1,content_hash_repeated_record,
CompPhish,https://www.demo.reporting.cddental.com.au/mobile/login/,cddental.com.au,1,content_hash_repeated_record,
CompPhish,https://www.alumni.obacs.com.au/mobile/front/,obacs.com.au,1,content_hash_repeated_record,
CompPhish,https://mail6.3lo.com.au/mobile/front/,3lo.com.au,1,content_hash_repeated_record,
CompPhish,https://www.explore.nyisztor.com.au/mobile/front/,nyisztor.com.au,1,content_hash_repeated_record,
CompPhish,http://onlinebdo.taguig-payments.workers.dev/bdo-form/twgsmhjxrlfvxvkvcgpafzetdsfsb2z0uvezcrcc47,taguig-payments.workers.dev,1,content_hash_repeated_record,
CompPhish,https://idesign.caq.com.au/mobile/front,caq.com.au,1,content_hash_repeated_record,
CompPhish,https://34gewdsf33.blogspot.com/,34gewdsf33.blogspot.com,1,content_hash_repeated_record,
CompPhish,https://www.34gewdsf33.blogspot.ie/,blogspot.ie,1,content_hash_repeated_record,
CompPhish,https://autodiscover.caq.com.au/mobile/front,caq.com.au,1,content_hash_repeated_record,
CompPhish,http://start-leduger-auth.webflow.io/,start-leduger-auth.webflow.io,1,content_hash_repeated_record,
CompPhish,http://itrustcapitalxloginy.webflow.io/,itrustcapitalxloginy.webflow.io,1,content_hash_repeated_record,
CompPhish,http://itrrstcpitalloginn.webflow.io/,itrrstcpitalloginn.webflow.io,1,content_hash_repeated_record,
CompPhish,http://itruestacapitllogin.webflow.io/,itruestacapitllogin.webflow.io,1,content_hash_repeated_record,
CompPhish,https://allegrolokalnie.pi-oferta-9180239272638.rest/,pi-oferta-9180239272638.rest,1,content_hash_repeated_record,
CompPhish,https://allegrolokalnie.022402.shop/?id=8Nda626jKGNG6k2f0O4DoOJJKI5Edk,022402.shop,1,content_hash_repeated_record,
CompPhish,https://meinelba-raiffeisen.com/main,meinelba-raiffeisen.com,1,content_hash_repeated_record,
CompPhish,https://allegrolokalnie.807202.shop,807202.shop,1,content_hash_repeated_record,
CompPhish,https://portal-live-terzor.vercel.app/,portal-live-terzor.vercel.app,1,content_hash_repeated_record,
CompPhish,https://metamaskrefresh.christmaslandie.temp312.kinsta.cloud/encrypted/index.php,kinsta.cloud,1,content_hash_repeated_record,
CompPhish,https://pro.pbrs-distribs.com/,pbrs-distribs.com,1,content_hash_repeated_record,
CompPhish,https://prio.pbrs-distribs.com/,pbrs-distribs.com,1,content_hash_repeated_record,
CompPhish,https://mrl.pbrs-distribs.com/,pbrs-distribs.com,1,content_hash_repeated_record,
CompPhish,https://us15.campaign-archive.com/?u=09786abeb2cec9b86b8e56ef7&id=072e6681d7,campaign-archive.com,1,content_hash_repeated_record,
CompPhish,https://max-vfp-shop.fourthwall.com:443/,fourthwall.com,1,content_hash_repeated_record,
CompPhish,https://broadband-xpq-shop.fourthwall.com/en-gbp,fourthwall.com,1,content_hash_repeated_record,
CompPhish,https://prolgin-coooiinbaasee-prolgin.godaddysites.com/,godaddysites.com,1,content_hash_repeated_record,
CompPhish,https://www-mondiai-dossier.com/,www-mondiai-dossier.com,1,content_hash_repeated_record,
CompPhish,https://wwi.campanhaprime.chat/,campanhaprime.chat,1,content_hash_repeated_record,
CompPhish,https://verifyofflce.wordpress.com/,wordpress.com,1,content_hash_repeated_record,
CompPhish,https://relais-drop.com/,relais-drop.com,1,content_hash_repeated_record,
CompPhish,https://bafybeifru2wymxw6uznii3dur7vrjnrh4brdjzg2ez3vjiqvcxig7lrvce.ipfs.dweb.link/,bafybeifru2wymxw6uznii3dur7vrjnrh4brdjzg2ez3vjiqvcxig7lrvce.ipfs.dweb.link,1,content_hash_repeated_record,
CompPhish,https://getspotifystatistics.vercel.app/,getspotifystatistics.vercel.app,1,content_hash_repeated_record,
CompPhish,https://qr-codes.io/XvDGEK,qr-codes.io,1,content_hash_repeated_record,
CompPhish,https://q-r.to/bg8yjk,q-r.to,1,content_hash_repeated_record,
CompPhish,https://kitewinder.fr/ubereats,kitewinder.fr,1,content_hash_repeated_record,
CompPhish,https://hm.ru/mjiWU8,hm.ru,1,content_hash_repeated_record,
CompPhish,https://bit.ly/3GE3Zkd,bit.ly,1,content_hash_repeated_record,
CompPhish,https://cinarteknikhirdavat.com/abnb/rooms-31281774/login_email.html,cinarteknikhirdavat.com,1,content_hash_repeated_record,
CompPhish,https://cinarteknikhirdavat.com/abnb/rooms-31281774/login_password.html,cinarteknikhirdavat.com,1,content_hash_repeated_record,
CompPhish,https://form-builder-en.pifyapp.com/files/202506/en7XGu202507080331160.html,pifyapp.com,1,content_hash_repeated_record,
CompPhish,https://govappinfo.com/dieerinnnerung/,govappinfo.com,1,content_hash_repeated_record,
CompPhish,https://dhd-hygf.vercel.app/,dhd-hygf.vercel.app,1,content_hash_repeated_record,
CompPhish,https://compas-city.com/wp-admin/css/colors/midnight/mds/manages/xv039LL/billing.php,compas-city.com,1,content_hash_repeated_record,
CompPhish,https://vvishwassn.github.io/Hh/,vvishwassn.github.io,1,content_hash_repeated_record,
CompPhish,https://s.team-zt.com/p/dfgh-dtre/aotdhz/,team-zt.com,1,content_hash_repeated_record,
CompPhish,https://us14.campaign-archive.com/?u=fd18690a056990b1c1126d117&id=781f5057d,campaign-archive.com,1,content_hash_repeated_record,
CompPhish,https://us14.campaign-archive.com/?u=fd18690a056990b1c1126d117&id=781f5057dd,campaign-archive.com,1,content_hash_repeated_record,
CompPhish,https://f005.backblazeb2.com/file/wetran/Wetransfer.html,backblazeb2.com,1,content_hash_repeated_record,
CompPhish,https://us17.campaign-archive.com/?u=c1fd612d9e50e224dec803566&id=c34e47784,campaign-archive.com,1,content_hash_repeated_record,
CompPhish,https://my-bt-kxs-shop.fourthwall.com/en-gbp,fourthwall.com,1,content_hash_repeated_record,
CompPhish,https://email-heo-shop.fourthwall.com/en-gbp,fourthwall.com,1,content_hash_repeated_record,
CompPhish,https://bt-108925.weeblysite.com/,weeblysite.com,1,content_hash_repeated_record,
CompPhish,http://auth-iotrezor--en-index.webflow.io,auth-iotrezor--en-index.webflow.io,1,content_hash_repeated_record,
CompPhish,http://trezooelooging.webflow.io,trezooelooging.webflow.io,1,content_hash_repeated_record,
CompPhish,http://treexorloigine.webflow.io,treexorloigine.webflow.io,1,content_hash_repeated_record,
CompPhish,https://planifier-coursier.com/,planifier-coursier.com,1,content_hash_repeated_record,
CompPhish,https://oooequireddomainsad.zzux.com/docomox/,zzux.com,1,content_hash_repeated_record,
CompPhish,https://sdaequidasreddomainsad.yourtrap.com/wanshidasda,yourtrap.com,1,content_hash_repeated_record,
CompPhish,https://sdaequidasreddomainsad.yourtrap.com/wanshidasda/,yourtrap.com,1,content_hash_repeated_record,
CompPhish,https://coursier-ferie.com/,coursier-ferie.com,1,content_hash_repeated_record,
CompPhish,https://qnbkmpnyo.vercel.app/,qnbkmpnyo.vercel.app,1,content_hash_repeated_record,
CompPhish,https://simple-assistant-660974.framer.app/,simple-assistant-660974.framer.app,1,content_hash_repeated_record,
CompPhish,https://meek-malasada-07fdae.netlify.app/,meek-malasada-07fdae.netlify.app,1,content_hash_repeated_record,
CompPhish,https://ulys-mon-compte.com/,ulys-mon-compte.com,1,content_hash_repeated_record,
CompPhish,https://kiqbpmvlqjonupca.yemoco6902.workers.dev/,yemoco6902.workers.dev,1,content_hash_repeated_record,
CompPhish,https://mrdftjspfsooqxog.hicire8907.workers.dev/,hicire8907.workers.dev,1,content_hash_repeated_record,
CompPhish,https://sparkasse.reaktivierung-starten.com/s/anmeldung.php?starten=gOyCtpSRBrhXlW1ETxV4Fb8adYmjDK&shufflUri?=buEmd3UOLnpqVXSF08si,reaktivierung-starten.com,1,content_hash_repeated_record,
CompPhish,https://firebasestorage.googleapis.com/v0/b/nmu4-1197d.appspot.com/o/blobif3%2Fblobif.html?alt=media&token=eeb448d4-0699-45b1-babf-2af4db2658e4,firebasestorage.googleapis.com,1,content_hash_repeated_record,
CompPhish,https://accessrevoke4.vercel.app/,accessrevoke4.vercel.app,1,content_hash_repeated_record,
CompPhish,https://us5.campaign-archive.com/?u=1c82bdbddc2cc77dab1d97ead&id=871a13b613,campaign-archive.com,1,content_hash_repeated_record,
CompPhish,https://us15.campaign-archive.com/?u=b5c2efd747782df3087a0300e&id=d5c5873db5,campaign-archive.com,1,content_hash_repeated_record,
CompPhish,https://fatturazione-customerarea.traduccionesrenace.com/2/arubait-login/,traduccionesrenace.com,1,content_hash_repeated_record,
CompPhish,https://att-108093-100723.weeblysite.com/,weeblysite.com,1,content_hash_repeated_record,
CompPhish,https://qrs.ly/o1grogg,qrs.ly,1,content_hash_repeated_record,
CompPhish,https://us2.campaign-archive.com/?u=5f7fdd8ea9bbcd1943db0f101&id=1a5f36c490,campaign-archive.com,1,content_hash_repeated_record,
CompPhish,https://us12.campaign-archive.com/?u=53f3dd3e065f4a0ea69c0bda3&id=9dada2f84e,campaign-archive.com,1,content_hash_repeated_record,
CompPhish,https://en-portaltrizor-cdn.github.io/,en-portaltrizor-cdn.github.io,1,content_hash_repeated_record,
CompPhish,http://bucket-acca5b964c.s3.amazonaws.com/fb96bb8e40.html,bucket-acca5b964c.s3.amazonaws.com,1,content_hash_repeated_record,
CompPhish,https://c-mutule.duckdns.org/auth/depart.php,c-mutule.duckdns.org,1,content_hash_repeated_record,
CompPhish,https://c-mutule.duckdns.org/,c-mutule.duckdns.org,1,content_hash_repeated_record,
CompPhish,https://rebrand.ly/b34219,rebrand.ly,1,content_hash_repeated_record,
CompPhish,https://us3.campaign-archive.com/?u=13464892ba2300275a56cdd40&id=f60101ea50,campaign-archive.com,1,content_hash_repeated_record,
CompPhish,http://sti-hl.ru,sti-hl.ru,1,content_hash_repeated_record,
CompPhish,http://kosanindustries.com,kosanindustries.com,1,content_hash_repeated_record,
CompPhish,https://suite-cdn.netlify.app/,suite-cdn.netlify.app,1,content_hash_repeated_record,
CompPhish,https://delevery-thaipost.ikosageform.it/olz/lzka/b511b/inde.html,ikosageform.it,1,content_hash_repeated_record,
CompPhish,https://ident-pp-verif.com/pages/carte.php,ident-pp-verif.com,1,content_hash_repeated_record,
CompPhish,https://pickup-lockers-fr.com/,pickup-lockers-fr.com,1,content_hash_repeated_record,
CompPhish,https://routescontraventions-info.com/,routescontraventions-info.com,1,content_hash_repeated_record,
CompPhish,https://mr-locker-clients.info/index.php,mr-locker-clients.info,1,content_hash_repeated_record,
CompPhish,https://mr-locker-clients.info/,mr-locker-clients.info,1,content_hash_repeated_record,
CompPhish,https://absf4csecurity.co.za/TenTjLOIu,absf4csecurity.co.za,1,content_hash_repeated_record,
CompPhish,https://swiss.jdevcloud.com/SBBSWISS/index/index.php,swiss.jdevcloud.com,1,content_hash_repeated_record,
CompPhish,https://btinternetmailupps.weeblysite.com/,weeblysite.com,1,content_hash_repeated_record,
CompPhish,https://us17.campaign-archive.com/?u=8170f0287f2da10635fd2d631&id=dbae134c91,campaign-archive.com,1,content_hash_repeated_record,
CompPhish,https://mlr.distribs-pb.com/,distribs-pb.com,1,content_hash_repeated_record,
CompPhish,https://mrl.distribs-pb.com/,distribs-pb.com,1,content_hash_repeated_record,
CompPhish,https://cvqwersdfghjasd.weeblysite.com/,weeblysite.com,1,content_hash_repeated_record,
CompPhish,https://att-107984-106561.weeblysite.com/,weeblysite.com,1,content_hash_repeated_record,
CompPhish,https://app-us-itrustcapital---sso---cdn.webflow.io/,app-us-itrustcapital---sso---cdn.webflow.io,1,content_hash_repeated_record,
CompPhish,https://ginmenilogeun.gitbook.io/us/,gitbook.io,1,content_hash_repeated_record,
CompPhish,https://prio.distribs-pb.com/,distribs-pb.com,1,content_hash_repeated_record,
CompPhish,https://mlr.distribs-pbr.com/,distribs-pbr.com,1,content_hash_repeated_record,
CompPhish,https://mr.distribs-pbr.com/,distribs-pbr.com,1,content_hash_repeated_record,
CompPhish,https://us5.campaign-archive.com/?u=d8a10b9fbf49f5787539ee0a3&id=7a9b650be8,campaign-archive.com,1,content_hash_repeated_record,
CompPhish,https://mrl.distribs-pbr.com/,distribs-pbr.com,1,content_hash_repeated_record,
CompPhish,https://bafkreifzau3mlijaqgvnnhwi24k2s2melpjilxmtseqnss3cyn4mmgusgu.ipfs.dweb.link/,bafkreifzau3mlijaqgvnnhwi24k2s2melpjilxmtseqnss3cyn4mmgusgu.ipfs.dweb.link,1,content_hash_repeated_record,
CompPhish,https://bafybeicx7tqulp45irqdafpasrjw54yjo2zblhlrcgj42qexvvaxnwqloy.ipfs.dweb.link/,bafybeicx7tqulp45irqdafpasrjw54yjo2zblhlrcgj42qexvvaxnwqloy.ipfs.dweb.link,1,content_hash_repeated_record,
CompPhish,https://bafybeieljc6haow2fvbsbi2rwbl5xckchewh6aamdern2gjftoeopihqku.ipfs.dweb.link/cPweb25.html,bafybeieljc6haow2fvbsbi2rwbl5xckchewh6aamdern2gjftoeopihqku.ipfs.dweb.link,1,content_hash_repeated_record,
CompPhish,https://sign.in.support.sed.esx.mybluehost.me/wp-content/net/net/btrn/login,mybluehost.me,1,content_hash_repeated_record,
CompPhish,https://l.wl.co/l?u=https://ungu.in/eerfgbaerhbertyghaebrae,wl.co,1,content_hash_repeated_record,
CompPhish,https://bit.ly/46GWIup,bit.ly,1,content_hash_repeated_record,
CompPhish,https://q-r.to/bg9Dze,q-r.to,1,content_hash_repeated_record,
CompPhish,https://swcfwltgcd-116511c.ingress-baronn.ewp.live/wp-content/plugins/dvstrnfr/log.php,swcfwltgcd-116511c.ingress-baronn.ewp.live,1,content_hash_repeated_record,
CompPhish,https://firebasestorage.googleapis.com/v0/b/homdex-6dd3e.firebasestorage.app/o/head.html?alt=media&amp;token=3a11a2a9-e32e-49a6-9eea-3a643794a2aa#X,firebasestorage.googleapis.com,1,content_hash_repeated_record,
CompPhish,https://us10.campaign-archive.com/?u=425785461a502b90bc91c49cf&id=bea5de4fbd,campaign-archive.com,1,content_hash_repeated_record,
CompPhish,https://help-sso-x-treezor-io-cdn.webflow.io/,help-sso-x-treezor-io-cdn.webflow.io,1,content_hash_repeated_record,
CompPhish,https://welcome-suite-en.netlify.app/,welcome-suite-en.netlify.app,1,content_hash_repeated_record,
CompPhish,https://aruba-fatture.com/navigation/web.html#211,aruba-fatture.com,1,content_hash_repeated_record,
CompPhish,https://bancamiga2025.webcindario.com/,webcindario.com,1,content_hash_repeated_record,
CompPhish,https://treeeger00001.pages.dev/,treeeger00001.pages.dev,1,content_hash_repeated_record,
CompPhish,https://docs-trezorrlogin.webflow.io/,docs-trezorrlogin.webflow.io,1,content_hash_repeated_record,
CompPhish,https://is.gd/gsKZc6,is.gd,1,content_hash_repeated_record,
CompPhish,https://bruderconsultores.com.ar/wp1/,bruderconsultores.com.ar,1,content_hash_repeated_record,
CompPhish,https://montant-du.com/,montant-du.com,1,content_hash_repeated_record,
CompPhish,https://site-7z8n8hmc2.godaddysites.com/,godaddysites.com,1,content_hash_repeated_record,
CompPhish,https://ezic-106311.weeblysite.com/,weeblysite.com,1,content_hash_repeated_record,
CompPhish,https://mr.dispatching-pb.com/,dispatching-pb.com,1,content_hash_repeated_record,
CompPhish,https://mlr.dispatching-pb.com/,dispatching-pb.com,1,content_hash_repeated_record,
CompPhish,https://mrl.dispatching-pb.com/,dispatching-pb.com,1,content_hash_repeated_record,
CompPhish,https://prio.dispatching-pbs.com/,dispatching-pbs.com,1,content_hash_repeated_record,
CompPhish,https://mrl.dispatching-pbs.com/,dispatching-pbs.com,1,content_hash_repeated_record,
CompPhish,https://mlr.dispatching-pbs.com/,dispatching-pbs.com,1,content_hash_repeated_record,
CompPhish,https://www.klarna-verifizierung.de/,klarna-verifizierung.de,1,content_hash_repeated_record,
CompPhish,https://jinnowindows.com/Sign-updatee/,jinnowindows.com,1,content_hash_repeated_record,
CompPhish,https://elwatania-cls.com/,elwatania-cls.com,1,content_hash_repeated_record,
CompPhish,https://wetrastoriepam.firebaseapp.com/DEMANDE_DE_DEVIS.html,wetrastoriepam.firebaseapp.com,1,content_hash_repeated_record,
CompPhish,https://wetrastoriepam.web.app/DEMANDE_DE_DEVIS.html,wetrastoriepam.web.app,1,content_hash_repeated_record,
CompPhish,https://vispwzsf.web.app/,vispwzsf.web.app,1,content_hash_repeated_record,
CompPhish,https://verifyblocksnet.web.app/,verifyblocksnet.web.app,1,content_hash_repeated_record,
CompPhish,https://sharepoint-6775d.web.app/,sharepoint-6775d.web.app,1,content_hash_repeated_record,
CompPhish,https://rpcrmodal-originator.web.app/,rpcrmodal-originator.web.app,1,content_hash_repeated_record,
CompPhish,https://nwet-88f2e.web.app/,nwet-88f2e.web.app,1,content_hash_repeated_record,
CompPhish,https://newfgdhhghhdf.web.app/,newfgdhhghhdf.web.app,1,content_hash_repeated_record,
CompPhish,https://n71-9d.web.app/,n71-9d.web.app,1,content_hash_repeated_record,
CompPhish,https://kagoya-supports90.web.app/,kagoya-supports90.web.app,1,content_hash_repeated_record,
CompPhish,https://kagoya-news.web.app/,kagoya-news.web.app,1,content_hash_repeated_record,
CompPhish,https://fqiuqhye.web.app/,fqiuqhye.web.app,1,content_hash_repeated_record,
CompPhish,https://facture8e7.web.app/,facture8e7.web.app,1,content_hash_repeated_record,
CompPhish,https://dqxarrtv.web.app/,dqxarrtv.web.app,1,content_hash_repeated_record,
CompPhish,https://confirmar-cuenta-dela-pampa.web.app/,confirmar-cuenta-dela-pampa.web.app,1,content_hash_repeated_record,
CompPhish,https://appealing-kr-issue-feedback.web.app/,appealing-kr-issue-feedback.web.app,1,content_hash_repeated_record,
CompPhish,https://appeal-matter-feedback.web.app/,appeal-matter-feedback.web.app,1,content_hash_repeated_record,
CompPhish,https://actve-kagoya.web.app/,actve-kagoya.web.app,1,content_hash_repeated_record,
CompPhish,https://accountppadle.web.app/,accountppadle.web.app,1,content_hash_repeated_record,
CompPhish,https://coursier-suivi.com/,coursier-suivi.com,1,content_hash_repeated_record,
CompPhish,https://coursier-suivi.com/as.php,coursier-suivi.com,1,content_hash_repeated_record,
CompPhish,https://support-impaye-ulys.fr/autoroute/loading.php?p=facturation&amp;t=3,support-impaye-ulys.fr,1,content_hash_repeated_record,
CompPhish,https://support-impaye-ulys.fr/,support-impaye-ulys.fr,1,content_hash_repeated_record,
CompPhish,https://nacional1.webcindario.com/,webcindario.com,1,content_hash_repeated_record,
CompPhish,https://bancaonlinebac.webcindario.com/,webcindario.com,1,content_hash_repeated_record,
CompPhish,https://bhd-verifi.webcindario.com/,webcindario.com,1,content_hash_repeated_record,
CompPhish,https://bach1le100.webcindario.com/bancochile-web/persona/login/,webcindario.com,1,content_hash_repeated_record,
CompPhish,http://5.231.3.191/home.php?hash=7503886526877f7cd94fd95.28751718,5.231.3.191,1,content_hash_repeated_record,
CompPhish,https://coursier-locker-fr.com/,coursier-locker-fr.com,1,content_hash_repeated_record,
CompPhish,https://livraisons-france-infos.info/,livraisons-france-infos.info,1,content_hash_repeated_record,
CompPhish,https://mlclassictz.com/wp-admin/maint/perssss/index.html,mlclassictz.com,1,content_hash_repeated_record,
CompPhish,https://trezurxvowllkaff.webflow.io/,trezurxvowllkaff.webflow.io,1,content_hash_repeated_record,
CompPhish,https://auth-web--start--trezor.webflow.io/,auth-web--start--trezor.webflow.io,1,content_hash_repeated_record,
CompPhish,https://serviceredirection.com/,serviceredirection.com,1,content_hash_repeated_record,
CompPhish,https://online-bancamiga.webcindario.com/,webcindario.com,1,content_hash_repeated_record,
CompPhish,https://interiakastlivereesbrokeers.com/login,interiakastlivereesbrokeers.com,1,content_hash_repeated_record,
CompPhish,https://att-108070-101207.weeblysite.com/,weeblysite.com,1,content_hash_repeated_record,
CompPhish,https://bafybeigacd4zceccnn5qyr2fqpcw22rd2njs3tdz6anee7ephzeuric3dq.ipfs.dweb.link/cPweb45000.html,bafybeigacd4zceccnn5qyr2fqpcw22rd2njs3tdz6anee7ephzeuric3dq.ipfs.dweb.link,1,content_hash_repeated_record,
CompPhish,https://rb.gy/4vsb1s,rb.gy,1,content_hash_repeated_record,
CompPhish,https://ideal-neighboring-integer-negyxo.replit.app/,ideal-neighboring-integer-negyxo.replit.app,1,content_hash_repeated_record,
CompPhish,https://144-126-239-87.cprapid.com/dpd/,144-126-239-87.cprapid.com,1,content_hash_repeated_record,
CompPhish,https://l.ead.me/bg9hTH,ead.me,1,content_hash_repeated_record,
CompPhish,https://q-r.to/bg9hRp,q-r.to,1,content_hash_repeated_record,
CompPhish,https://zwz.vqa.mybluehost.me/A/1/1/1/lsesion.php?c4e0e4e3118472beeb2ae75827450f1f,mybluehost.me,1,content_hash_repeated_record,
CompPhish,https://bit.ly/3GOCmoy,bit.ly,1,content_hash_repeated_record,
CompPhish,https://bit.ly/3GuSk7o,bit.ly,1,content_hash_repeated_record,
CompPhish,https://bit.ly/3Ium9FI,bit.ly,1,content_hash_repeated_record,
CompPhish,https://bit.ly/44AaRbE,bit.ly,1,content_hash_repeated_record,
CompPhish,https://bit.ly/44y21uR,bit.ly,1,content_hash_repeated_record,
CompPhish,https://bit.ly/44zqksr,bit.ly,1,content_hash_repeated_record,
CompPhish,https://rebrand.ly/arvesttoken220392,rebrand.ly,1,content_hash_repeated_record,
CompPhish,https://bit.ly/3IxVzeG,bit.ly,1,content_hash_repeated_record,
CompPhish,https://snip.ly/mmf8ko,snip.ly,1,content_hash_repeated_record,
CompPhish,https://swiss-ch.jdevcloud.com/sbb/index.php,swiss-ch.jdevcloud.com,1,content_hash_repeated_record,
CompPhish,https://sign.in.support.wxo.tma.mybluehost.me/wp-content/net/net/btrn/login,mybluehost.me,1,content_hash_repeated_record,
CompPhish,https://wkd.cly.mybluehost.me/wp-content/der/lbg/lb/net/login.php,mybluehost.me,1,content_hash_repeated_record,
CompPhish,https://tinyurl.com/5dhfdx8v,tinyurl.com,1,content_hash_repeated_record,
CompPhish,https://rb.gy/ps5v92,rb.gy,1,content_hash_repeated_record,
CompPhish,https://urlz.fr/uFFN,urlz.fr,1,content_hash_repeated_record,
CompPhish,https://pfcgsdfgh-116511c.ingress-florina.ewp.live/wp-content/plugins/dvstrnfr/log.php,pfcgsdfgh-116511c.ingress-florina.ewp.live,1,content_hash_repeated_record,
CompPhish,https://urlz.fr/uFFo,urlz.fr,1,content_hash_repeated_record,
CompPhish,https://noded.summitsafety.ca:8443/impact?XxX-%24jkjdfasdffdafde=,summitsafety.ca,1,content_hash_repeated_record,
CompPhish,https://noded65.summitsafety.ca:8443/impact?XxX-%24jkjdfasdffdafde=,summitsafety.ca,1,content_hash_repeated_record,
CompPhish,https://post.ch-de-web.com/select/250782324,ch-de-web.com,1,content_hash_repeated_record,
CompPhish,https://krishna444328.github.io/Lets,krishna444328.github.io,1,content_hash_repeated_record,
CompPhish,https://krishna444328.github.io/Lets/,krishna444328.github.io,1,content_hash_repeated_record,
CompPhish,https://ijele255.github.io/mssl/,ijele255.github.io,1,content_hash_repeated_record,
CompPhish,https://condalclothing.com/.well-known/,condalclothing.com,1,content_hash_repeated_record,
CompPhish,https://uophudlogixnio.godaddysites.com/,godaddysites.com,1,content_hash_repeated_record,
CompPhish,https://upplllld-lo-giiin.godaddysites.com/,godaddysites.com,1,content_hash_repeated_record,
CompPhish,https://clear-retention-546218.framer.app/,clear-retention-546218.framer.app,1,content_hash_repeated_record,
CompPhish,https://us11.campaign-archive.com/?u=db0706fd5773b6d4184b9448a&id=78b9873343,campaign-archive.com,1,content_hash_repeated_record,
CompPhish,https://ddjuhhjh-ina-57p-shop.fourthwall.com/,fourthwall.com,1,content_hash_repeated_record,
CompPhish,https://my-bt-psq-ina-2w4-shop.fourthwall.com/en-gbp,fourthwall.com,1,content_hash_repeated_record,
CompPhish,https://massive-quicker-061086.framer.app/,massive-quicker-061086.framer.app,1,content_hash_repeated_record,
CompPhish,https://ordinary-interaction-119542.framer.app/,ordinary-interaction-119542.framer.app,1,content_hash_repeated_record,
CompPhish,https://us3.campaign-archive.com/?u=3caf6b31fef1312b7b6102482&id=06f1b2d9d4,campaign-archive.com,1,content_hash_repeated_record,
CompPhish,https://us18.campaign-archive.com/?u=18133e028e4c02ce592312990&id=b877965053,campaign-archive.com,1,content_hash_repeated_record,
CompPhish,https://us18.campaign-archive.com/?u=67111e94b35f5d425af647350&id=b0622e92b9,campaign-archive.com,1,content_hash_repeated_record,
CompPhish,https://us14.campaign-archive.com/?u=aa955a7655efc5f81d5513c3b&id=3290e37b1d,campaign-archive.com,1,content_hash_repeated_record,
CompPhish,https://abr-inc-shop.fourthwall.com/,fourthwall.com,1,content_hash_repeated_record,
CompPhish,https://approveddone.com/tjm,approveddone.com,1,content_hash_repeated_record,
CompPhish,https://dazzled-contributors-138861.framer.app/,dazzled-contributors-138861.framer.app,1,content_hash_repeated_record,
CompPhish,http://barchanews.com/1/index.html,barchanews.com,1,content_hash_repeated_record,
CompPhish,https://rpcrmodal-originator.web.app/app/index.html,rpcrmodal-originator.web.app,1,content_hash_repeated_record,
CompPhish,https://bit.ly/SetelSIg,bit.ly,1,content_hash_repeated_record,
CompPhish,https://cpanel.107-170-40-46.cprapid.com/ap?infoPage=99dea78007133396a7b8ed70578ac6ae&gladiator=49GBbPPEWhTPaGwXdK1QayGzkD4mEjux41BtAOCoGcAFCTlC8X,107-170-40-46.cprapid.com,1,content_hash_repeated_record,
CompPhish,https://cpanel.107-170-40-46.cprapid.com/ap,107-170-40-46.cprapid.com,1,content_hash_repeated_record,
CompPhish,https://link.quantumsecuritynetwork.com/index2.html,quantumsecuritynetwork.com,1,content_hash_repeated_record,
CompPhish,https://cpanel.107-170-40-46.cprapid.com/,107-170-40-46.cprapid.com,1,content_hash_repeated_record,
CompPhish,https://awayyatt989.framer.ai/,awayyatt989.framer.ai,1,content_hash_repeated_record,
CompPhish,http://ste.sytes.net/redirect.html/?n=b2Q9MXN5cTY4NzdmM2VkNWE4ZmJfdmxfc2hhcmVkdmxfMThkNQ%3D%3D&amp;h=Mno1cm1l&amp;b=QzAwMDByZnU1MTEyaHJsMDcyX3hjMTU5Nw%3D%3D&amp;d=ZnU1MTE%3D&amp;p=&amp;v=ZnU1MTE%3D&amp;c=&amp;l=X3hj&amp;t=X3hj&amp;s=&amp;q=ZnU1MTE%3D&amp;e=X3hjMW5jbHktM2E1N2I0MA==4r5djf,ste.sytes.net,1,content_hash_repeated_record,
CompPhish,https://blesattinc.framer.ai/,blesattinc.framer.ai,1,content_hash_repeated_record,
CompPhish,https://defattvalidator.framer.ai/,defattvalidator.framer.ai,1,content_hash_repeated_record,
CompPhish,https://us11.campaign-archive.com/?u=50a0accbcafb183940a861bec&id=60048a1853,campaign-archive.com,1,content_hash_repeated_record,
CompPhish,https://mymycontact.weeblysite.com/,weeblysite.com,1,content_hash_repeated_record,
CompPhish,https://mymyconatctv.weeblysite.com/,weeblysite.com,1,content_hash_repeated_record,
CompPhish,https://mymanagementwireles.myddns.me/security-check/signin,myddns.me,1,content_hash_repeated_record,
CompPhish,https://mymanagementwireles.myddns.me/security-check/signin?secure=fms_95860,myddns.me,1,content_hash_repeated_record,
CompPhish,https://urlz.fr/uFKd,urlz.fr,1,content_hash_repeated_record,
CompPhish,https://rebrand.ly/edf230,rebrand.ly,1,content_hash_repeated_record,
CompPhish,https://iniciar-authbncr.zya.me,zya.me,1,content_hash_repeated_record,
CompPhish,https://iniciar-authbncr.zya.me/?i=1,zya.me,1,content_hash_repeated_record,
CompPhish,https://in1iciar-4auth.weebly.com/,weebly.com,1,content_hash_repeated_record,
CompPhish,https://onlin-bancamiga.webcindario.com,webcindario.com,1,content_hash_repeated_record,
CompPhish,https://pichincha-logn.webcindario.com,webcindario.com,1,content_hash_repeated_record,
CompPhish,https://coinjbasheprologo.godaddysites.com/,godaddysites.com,1,content_hash_repeated_record,
CompPhish,https://0fficesecured.godaddysites.com/,godaddysites.com,1,content_hash_repeated_record,
CompPhish,https://coinnbaaseprolgoien.godaddysites.com/,godaddysites.com,1,content_hash_repeated_record,
CompPhish,https://soulful-vision-936925.framer.app/,soulful-vision-936925.framer.app,1,content_hash_repeated_record,
CompPhish,https://netzeroo.godaddysites.com/,godaddysites.com,1,content_hash_repeated_record,
CompPhish,https://mighty-windows-866570.framer.app/,mighty-windows-866570.framer.app,1,content_hash_repeated_record,
CompPhish,https://sharefile8.pages.dev/,sharefile8.pages.dev,1,content_hash_repeated_record,
CompPhish,https://interactive-memory-002780.framer.app/,interactive-memory-002780.framer.app,1,content_hash_repeated_record,
CompPhish,https://us20.campaign-archive.com/?u=043207163f27573ecc7e86801&id=87f3f9c788,campaign-archive.com,1,content_hash_repeated_record,
CompPhish,https://tedious-feedback-307823.framer.app/,tedious-feedback-307823.framer.app,1,content_hash_repeated_record,
CompPhish,https://us6.campaign-archive.com/?u=6c500efc8b8ce2caef11e353a&id=b5e5f6d2cb,campaign-archive.com,1,content_hash_repeated_record,
CompPhish,https://us2.campaign-archive.com/?u=4babf3a893367b3d85225c4ec&id=fefdf14590,campaign-archive.com,1,content_hash_repeated_record,
CompPhish,https://us13.campaign-archive.com/?u=134adb13a355fa7c234420eab&id=ccc2fda082,campaign-archive.com,1,content_hash_repeated_record,
CompPhish,https://mandrillapp.com/track/click/30908295/ledger.live-recoversupport.com?p=eyJzIjoiRjQyTndGMnh1dmVhaUlPY3NuNmhBLVljZERjIiwidiI6MiwicCI6IntcInVcIjozMDkwODI5NSxcInZcIjoyLFwidXJsXCI6XCJodHRwczpcXFwvXFxcL2xlZGdlci5saXZlLXJlY292ZXJzdXBwb3J0LmNvbVxcXC9cIixcImlkXCI6XCJmNjJjM2UxZjZmNjM0Yzg0OTI1ZjhkMmJmZTVlMzAwNlwiLFwidXJsX2lkc1wiOltcImU3ZGRlNjgyMjkwNzJhMzc4YzQ2ZDJmYWEyMWEzZDhhNjI1MzdiNTFcIl0sXCJtc2dfdHNcIjoxNzUyODExMTEwfSJ9,mandrillapp.com,1,content_hash_repeated_record,
CompPhish,https://us15.campaign-archive.com/?u=0221adcdb4f42ea2d85cfbfd4&id=df2e12d8bc,campaign-archive.com,1,content_hash_repeated_record,
CompPhish,https://us8.campaign-archive.com/?u=99dacea082cf8a25284579997&id=3442a215dd,campaign-archive.com,1,content_hash_repeated_record,
CompPhish,https://us3.campaign-archive.com/?u=ac4f85f02f55d79092f5bd33e,campaign-archive.com,1,content_hash_repeated_record,
CompPhish,https://legacy-1inch-io.pages.dev/,legacy-1inch-io.pages.dev,1,content_hash_repeated_record,
CompPhish,https://mailing-bt.weeblysite.com/,weeblysite.com,1,content_hash_repeated_record,
CompPhish,http://adriatica.sk/netbn.csecbn/mynetbnksnnp/403.php,adriatica.sk,1,content_hash_repeated_record,
CompPhish,https://us6.campaign-archive.com/?u=60c2a165c95a08aac725d492e&id=40447a0af8,campaign-archive.com,1,content_hash_repeated_record,
CompPhish,https://significant-beautifully-974902.framer.app/,significant-beautifully-974902.framer.app,1,content_hash_repeated_record,
CompPhish,https://ddjuhhjh-shop.fourthwall.com/,fourthwall.com,1,content_hash_repeated_record,
CompPhish,https://kerygma-online.com/commauthcentre/regview.fsp/,kerygma-online.com,1,content_hash_repeated_record,
CompPhish,https://male-trains.surge.sh/hr_aruba.html,surge.sh,1,content_hash_repeated_record,
CompPhish,https://us19.campaign-archive.com/?u=5cc9ee05304d4607406b2deb4&id=01413c0e03,campaign-archive.com,1,content_hash_repeated_record,
CompPhish,https://us18.campaign-archive.com/?u=8c320c6a8cc4c102b2deecb53&id=1d8c6934e3,campaign-archive.com,1,content_hash_repeated_record,
CompPhish,https://is.gd/XyOsP9,is.gd,1,content_hash_repeated_record,
CompPhish,https://www-mail-0utl00k-home010155567.webflow.io/,www-mail-0utl00k-home010155567.webflow.io,1,content_hash_repeated_record,
CompPhish,https://proud-states-060512.framer.app/,proud-states-060512.framer.app,1,content_hash_repeated_record,
CompPhish,https://fuchsia-instance-630042.framer.app/,fuchsia-instance-630042.framer.app,1,content_hash_repeated_record,
CompPhish,https://noellebloom.com/,noellebloom.com,1,content_hash_repeated_record,
CompPhish,https://possible-statuses-782974.framer.app/,possible-statuses-782974.framer.app,1,content_hash_repeated_record,
CompPhish,https://effective-yards-524561.framer.app/,effective-yards-524561.framer.app,1,content_hash_repeated_record,
CompPhish,http://nomura-co-jp.bjshulan.com/v1/check,bjshulan.com,1,content_hash_repeated_record,
CompPhish,https://azconverter.cloud/credpropcentr/regulatgensign/,azconverter.cloud,1,content_hash_repeated_record,
CompPhish,https://cartooncrumbs.com/pnnbstatem/nedvcsecauth/,cartooncrumbs.com,1,content_hash_repeated_record,
CompPhish,https://carservice.be/corpnetb.secure/portal.nedline/403.php,carservice.be,1,content_hash_repeated_record,
CompPhish,https://us3.campaign-archive.com/?u=825191eff172b41566d29a7e6&id=65d09f64d6,campaign-archive.com,1,content_hash_repeated_record,
CompPhish,https://pro.pb-dispatch.com/,pb-dispatch.com,1,content_hash_repeated_record,
CompPhish,https://edrtfgyuj.weeblysite.com/,weeblysite.com,1,content_hash_repeated_record,
CompPhish,https://mlr.pbrs-dispatch.com/search,pbrs-dispatch.com,1,content_hash_repeated_record,
CompPhish,https://mlr.pbrs-dispatch.com/,pbrs-dispatch.com,1,content_hash_repeated_record,
CompPhish,http://july-tr-zor.azurewebsites.net,july-tr-zor.azurewebsites.net,1,content_hash_repeated_record,
CompPhish,https://july-tr-zor.azurewebsites.net/,july-tr-zor.azurewebsites.net,1,content_hash_repeated_record,
CompPhish,http://en--m--trezr--cdn.webflow.io,en--m--trezr--cdn.webflow.io,1,content_hash_repeated_record,
CompPhish,https://en--m--trezr--cdn.webflow.io/,en--m--trezr--cdn.webflow.io,1,content_hash_repeated_record,
CompPhish,https://calimexdist.com/corpnetb.secure/portal.nedline/403.php,calimexdist.com,1,content_hash_repeated_record,
CompPhish,https://carloveheart.com/initjulypres/cyclguidinnov/403.php,carloveheart.com,1,content_hash_repeated_record,
CompPhish,http://help-trazorstartcdn-sso.webflow.io,help-trazorstartcdn-sso.webflow.io,1,content_hash_repeated_record,
CompPhish,https://site-2kp24dowb.godaddysites.com/,godaddysites.com,1,content_hash_repeated_record,
CompPhish,https://site-5hm47wtu4.godaddysites.com/,godaddysites.com,1,content_hash_repeated_record,
CompPhish,https://site-4qs9g25z9.godaddysites.com/,godaddysites.com,1,content_hash_repeated_record,
CompPhish,https://site-fdtfz5hw5.godaddysites.com/,godaddysites.com,1,content_hash_repeated_record,
CompPhish,https://my-site-100148-100731.weeblysite.com/,weeblysite.com,1,content_hash_repeated_record,
CompPhish,https://xfnity-104372.weeblysite.com/,weeblysite.com,1,content_hash_repeated_record,
CompPhish,https://22w33445.weeblysite.com/,weeblysite.com,1,content_hash_repeated_record,
CompPhish,https://site-wjalrqqw9.godaddysites.com/,godaddysites.com,1,content_hash_repeated_record,
CompPhish,https://kucoinloghim.webflow.io/,kucoinloghim.webflow.io,1,content_hash_repeated_record,
CompPhish,https://kucoinloginrbs.webflow.io/,kucoinloginrbs.webflow.io,1,content_hash_repeated_record,
CompPhish,https://kukcoinlogin.webflow.io/,kukcoinlogin.webflow.io,1,content_hash_repeated_record,
CompPhish,https://en-us-sso--robinhud--com--cdn-n---autth.webflow.io/,en-us-sso--robinhud--com--cdn-n---autth.webflow.io,1,content_hash_repeated_record,
CompPhish,https://krakunloghen.webflow.io/,krakunloghen.webflow.io,1,content_hash_repeated_record,
CompPhish,https://kuucqoinlogin.webflow.io/,kuucqoinlogin.webflow.io,1,content_hash_repeated_record,
CompPhish,https://wwwledgercom.webflow.io/,wwwledgercom.webflow.io,1,content_hash_repeated_record,
CompPhish,https://kukucnlogin.webflow.io/,kukucnlogin.webflow.io,1,content_hash_repeated_record,
CompPhish,https://my--so-itrustcapital-cdn-auth.webflow.io/,my--so-itrustcapital-cdn-auth.webflow.io,1,content_hash_repeated_record,
CompPhish,https://kucouinloginn.webflow.io/,kucouinloginn.webflow.io,1,content_hash_repeated_record,
CompPhish,https://help-ledgerrlive-app.gitbook.io/us/,gitbook.io,1,content_hash_repeated_record,
CompPhish,https://help-content-lodgre.gitbook.io/us/,gitbook.io,1,content_hash_repeated_record,
CompPhish,https://doc-moonpay-cdn.gitbook.io/en-us/,gitbook.io,1,content_hash_repeated_record,
CompPhish,https://ledgree-livapp.gitbook.io/us/,gitbook.io,1,content_hash_repeated_record,
CompPhish,https://trezordtiostaifrt.gitbook.io/us/,gitbook.io,1,content_hash_repeated_record,
CompPhish,https://leddgerwaltela.gitbook.io/us/,gitbook.io,1,content_hash_repeated_record,
CompPhish,https://help--ledgerlivedesktop.gitbook.io/us/,gitbook.io,1,content_hash_repeated_record,
CompPhish,https://grounded-colleagues-615389.framer.app/,grounded-colleagues-615389.framer.app,1,content_hash_repeated_record,
CompPhish,https://iniciar-authbn.webcindario.com,webcindario.com,1,content_hash_repeated_record,
CompPhish,https://auth4-bniniciar1.weebly.com,weebly.com,1,content_hash_repeated_record,
CompPhish,https://us15.campaign-archive.com/?u=b919313baa19a6b9df27fce71&id=0df8d60330,campaign-archive.com,1,content_hash_repeated_record,
CompPhish,https://us14.campaign-archive.com/?u=4df10d7417618510d7dfd6525&id=29ffc2cb39,campaign-archive.com,1,content_hash_repeated_record,
CompPhish,https://biowebsite.org/MyBT,biowebsite.org,1,content_hash_repeated_record,
CompPhish,https://53a4cd5c-6d79-4f30-a929-42fe1a230200-00-14x6xwcm9n6bv.worf.replit.dev/,53a4cd5c-6d79-4f30-a929-42fe1a230200-00-14x6xwcm9n6bv.worf.replit.dev,1,content_hash_repeated_record,
CompPhish,https://8a79abbf-0a48-4cea-89f6-ca707d1d4349-00-430ujuglcmjo.worf.replit.dev/?utm_medium=paid&amp;utm_source=fb&amp;utm_id=120230007873660369&amp;utm_content=120230007873830369&amp;utm_term=120230007873790369&amp;utm_campaign=120230007873660369&amp;fbclid=IwY2xjawLnZ1BleHRuA2FlbQEwAGFkaWQBqyS73DQCQQEeyCX9qYSYnHAGcpkNXGs34AmzWIOc0w3Dy-u6LsWmkFPuo-iV9kHCCChcDFA_aem_xGideoHDvRPhErIDv6L5CQ,8a79abbf-0a48-4cea-89f6-ca707d1d4349-00-430ujuglcmjo.worf.replit.dev,1,content_hash_repeated_record,
CompPhish,https://24a0b2c3-fd87-414f-b5be-ed08bfd9e663-00-3ttb9c48ruboa.kirk.replit.dev,24a0b2c3-fd87-414f-b5be-ed08bfd9e663-00-3ttb9c48ruboa.kirk.replit.dev,1,content_hash_repeated_record,
CompPhish,https://nline-bancamiga.webcindario.com/,webcindario.com,1,content_hash_repeated_record,
CompPhish,https://t2m.io/f843V34j,t2m.io,1,content_hash_repeated_record,
CompPhish,https://webdisk.107-170-40-46.cprapid.com/ap?infoPage=99dea78007133396a7b8ed70578ac6ae&gladiator=PN90Yx45cihdCQzZvrORnHM4PJTe3LncXRnwBT75J63vD99oS,107-170-40-46.cprapid.com,1,content_hash_repeated_record,
CompPhish,https://webdisk.107-170-40-46.cprapid.com/ap?infoPage=99dea78007133396a7b8ed70578ac6ae&gladiator=09ullOO5r2IseJleNWO1LJ586yB569NVHH5Vm5MWo2qIxESE,107-170-40-46.cprapid.com,1,content_hash_repeated_record,
CompPhish,https://webdisk.107-170-40-46.cprapid.com/ap?infoPage=99dea78007133396a7b8ed70578ac6ae&gladiator=8urGmCFa6BD2hEyv3ARITcqf89rHaf2CvFs0MX4aCSFr6Rw4j,107-170-40-46.cprapid.com,1,content_hash_repeated_record,
CompPhish,https://eidhjkokk.weeblysite.com,weeblysite.com,1,content_hash_repeated_record,
CompPhish,http://comparently.net/out.php?email=gizmo.13@att.net,comparently.net,1,content_hash_repeated_record,
CompPhish,https://currently-att-07-18-25.weeblysite.com/,weeblysite.com,1,content_hash_repeated_record,
CompPhish,https://att-log102116.weeblysite.com/,weeblysite.com,1,content_hash_repeated_record,
CompPhish,https://att-105942.weeblysite.com/,weeblysite.com,1,content_hash_repeated_record,
CompPhish,https://iniciar-sesion12.webcindario.com,webcindario.com,1,content_hash_repeated_record,
CompPhish,https://c3f23f91-bee1-45b7-a6f3-40a17fa19bad-00-3tu32q0vumi4v.spock.replit.dev/?utm_id=120231552403740191&amp;sfnsn=wa,c3f23f91-bee1-45b7-a6f3-40a17fa19bad-00-3tu32q0vumi4v.spock.replit.dev,1,content_hash_repeated_record,
CompPhish,https://ipfs.io/ipfs/bafybeie6ghob375mmncjau5xhslnf2vl7ljwjvid6vojye7uhc5marjll4/cryyy.htm,ipfs.io,1,content_hash_repeated_record,
CompPhish,https://ipfs.io/ipfs/bafkreihmyliav4pjsc6ss7yuejweby5uxyodsr3wnafwkxlefh356r75nq,ipfs.io,1,content_hash_repeated_record,
CompPhish,https://ipfs.io/ipfs/bafkreigkgvgs3qluveay2gitkktlq23rnypcyni7neeis6op34hhgyi6te,ipfs.io,1,content_hash_repeated_record,
CompPhish,https://ipfs.io/ipfs/bafybeibpyflaheot7x4o7ckph7bnejeu36qhqsx6ewklh2tvu6b2gmkbmq/loke.htm,ipfs.io,1,content_hash_repeated_record,
CompPhish,http://start-traezor-app.webflow.io,start-traezor-app.webflow.io,1,content_hash_repeated_record,
CompPhish,https://start-traezor-app.webflow.io/,start-traezor-app.webflow.io,1,content_hash_repeated_record,
CompPhish,http://triezooiostart.webflow.io,triezooiostart.webflow.io,1,content_hash_repeated_record,
CompPhish,https://triezooiostart.webflow.io/,triezooiostart.webflow.io,1,content_hash_repeated_record,
CompPhish,http://trezozzo-start.webflow.io,trezozzo-start.webflow.io,1,content_hash_repeated_record,
CompPhish,https://trezozzo-start.webflow.io/,trezozzo-start.webflow.io,1,content_hash_repeated_record,
CompPhish,http://startedtiorezosio.webflow.io,startedtiorezosio.webflow.io,1,content_hash_repeated_record,
CompPhish,https://ipfs.io/ipfs/bafkreiags2l6zxo2y2h7pscodf6rz6ratp6c35r6cuau22hskcvaz73jya,ipfs.io,1,content_hash_repeated_record,
CompPhish,https://att-login-improvedweb7.weeblysite.com/,weeblysite.com,1,content_hash_repeated_record,
CompPhish,https://us18.campaign-archive.com/?u=8dd6af7206aca777be5150aa6&id=49ed054802,campaign-archive.com,1,content_hash_repeated_record,
CompPhish,https://us19.campaign-archive.com/?u=11f08db0dfe3b7740d5b5cdee&id=0cd34299a7,campaign-archive.com,1,content_hash_repeated_record,
CompPhish,https://us19.campaign-archive.com/?u=ea3f0c92c30e809dc13ab1f1a&id=414cc9b952,campaign-archive.com,1,content_hash_repeated_record,
CompPhish,https://us8.campaign-archive.com/?u=dab5081b7326c6165984f14ed&id=d1eb0e2c68,campaign-archive.com,1,content_hash_repeated_record,
CompPhish,https://us5.campaign-archive.com/?u=1f24cffe2f5f0b7644ac176cb&id=e3ac9c8b5e,campaign-archive.com,1,content_hash_repeated_record,
CompPhish,https://nexxoterrxocoves.firebaseapp.com/,nexxoterrxocoves.firebaseapp.com,1,content_hash_repeated_record,
CompPhish,https://nexxoterrxocoves.firebaseapp.com/persons.html,nexxoterrxocoves.firebaseapp.com,1,content_hash_repeated_record,
CompPhish,https://nexxoterrxocoves.firebaseapp.com/jurid.html,nexxoterrxocoves.firebaseapp.com,1,content_hash_repeated_record,
CompPhish,https://us5.campaign-archive.com/?u=199ce5c4f71068576b87abca2&id=c6af9310c5,campaign-archive.com,1,content_hash_repeated_record,
CompPhish,https://exoduswale.gitbook.io/exodus-wallet,gitbook.io,1,content_hash_repeated_record,
CompPhish,https://23345-107336coming.weeblysite.com/,weeblysite.com,1,content_hash_repeated_record,
CompPhish,https://accountverificationservice8.weeblysite.com/,weeblysite.com,1,content_hash_repeated_record,
CompPhish,https://comxfmail.weebly.com/,weebly.com,1,content_hash_repeated_record,
CompPhish,https://dhlexpressportal.weebly.com/,weebly.com,1,content_hash_repeated_record,
CompPhish,https://eeteyei.weeblysite.com/,weeblysite.com,1,content_hash_repeated_record,
CompPhish,https://fghjkghjftghj.weebly.com/,weebly.com,1,content_hash_repeated_record,
CompPhish,https://gyfgcauahnd.weeblysite.com/,weeblysite.com,1,content_hash_repeated_record,
CompPhish,https://inw-106738.weeblysite.com/,weeblysite.com,1,content_hash_repeated_record,
CompPhish,https://layananpemulihan91.weeblysite.com/,weeblysite.com,1,content_hash_repeated_record,
CompPhish,https://msnversion.weebly.com/,weebly.com,1,content_hash_repeated_record,
CompPhish,https://netzero-email-8a55e2.webflow.io/,netzero-email-8a55e2.webflow.io,1,content_hash_repeated_record,
CompPhish,https://service-rs.weebly.com/,weebly.com,1,content_hash_repeated_record,
CompPhish,https://sign-in---webmail-27h6b5.webflow.io/,sign-in---webmail-27h6b5.webflow.io,1,content_hash_repeated_record,
CompPhish,https://site-esbdxoi37.godaddysites.com/,godaddysites.com,1,content_hash_repeated_record,
CompPhish,https://talktalk-100811.weeblysite.com/,weeblysite.com,1,content_hash_repeated_record,
CompPhish,https://twinvalleywebmail.weeblysite.com/,weeblysite.com,1,content_hash_repeated_record,
CompPhish,https://usml.weebly.com/,weebly.com,1,content_hash_repeated_record,
CompPhish,https://viewspcdocuments.weebly.com/,weebly.com,1,content_hash_repeated_record,
CompPhish,https://webmail-102952.square.site/,webmail-102952.square.site,1,content_hash_repeated_record,
CompPhish,https://webmail-105805.weeblysite.com/,weeblysite.com,1,content_hash_repeated_record,
CompPhish,https://webmasterroundcube.weebly.com/,weebly.com,1,content_hash_repeated_record,
CompPhish,https://xfinity-102353.weeblysite.com/,weeblysite.com,1,content_hash_repeated_record,
CompPhish,https://xfinity-mail-verifi.weeblysite.com/,weeblysite.com,1,content_hash_repeated_record,
CompPhish,https://yahoocentrewebb.weeblysite.com/,weeblysite.com,1,content_hash_repeated_record,
CompPhish,https://yahooyrtr.weeblysite.com/,weeblysite.com,1,content_hash_repeated_record,
CompPhish,https://itrustcapital-logi-us.webflow.io/,itrustcapital-logi-us.webflow.io,1,content_hash_repeated_record,
CompPhish,https://my-sso-itrustcapitaal--com-authh--h.webflow.io/,my-sso-itrustcapitaal--com-authh--h.webflow.io,1,content_hash_repeated_record,
CompPhish,https://app-kucion--cdn.webflow.io/,app-kucion--cdn.webflow.io,1,content_hash_repeated_record,
CompPhish,https://log--in-itrustcapital.webflow.io/,log--in-itrustcapital.webflow.io,1,content_hash_repeated_record,
CompPhish,https://itruzzstcilloginui.webflow.io/,itruzzstcilloginui.webflow.io,1,content_hash_repeated_record,
CompPhish,https://ssso-i-trustcapital-com-autths.webflow.io/,ssso-i-trustcapital-com-autths.webflow.io,1,content_hash_repeated_record,
CompPhish,https://logi-itrustcapital--authh.webflow.io/,logi-itrustcapital--authh.webflow.io,1,content_hash_repeated_record,
CompPhish,https://my-sso-iitrustcapital-com-auth-h.webflow.io/,my-sso-iitrustcapital-com-auth-h.webflow.io,1,content_hash_repeated_record,
CompPhish,https://authh-itrustcapital-sso.webflow.io/,authh-itrustcapital-sso.webflow.io,1,content_hash_repeated_record,
CompPhish,https://connect--sso-itrustcapital-com-auth.webflow.io/,connect--sso-itrustcapital-com-auth.webflow.io,1,content_hash_repeated_record,
CompPhish,https://apps--itrustcapital--auth.webflow.io/,apps--itrustcapital--auth.webflow.io,1,content_hash_repeated_record,
CompPhish,https://my--app--itrustcapital-com-cdn--k-autth.webflow.io/,my--app--itrustcapital-com-cdn--k-autth.webflow.io,1,content_hash_repeated_record,
CompPhish,https://leadger-llive-app.gitbook.io/us/,gitbook.io,1,content_hash_repeated_record,
CompPhish,https://safepallwallets.gitbook.io/us/,gitbook.io,1,content_hash_repeated_record,
CompPhish,https://home-trezo-browser.gitbook.io/us/,gitbook.io,1,content_hash_repeated_record,
CompPhish,https://uphold-logn.gitbook.io/uphold-log-in-to-account/,gitbook.io,1,content_hash_repeated_record,
CompPhish,https://lrdgerlive-wallet.gitbook.io/us/,gitbook.io,1,content_hash_repeated_record,
CompPhish,https://ellipaal-wallet.gitbook.io/us/,gitbook.io,1,content_hash_repeated_record,
CompPhish,https://lledgerlive-desktop.gitbook.io/us/,gitbook.io,1,content_hash_repeated_record,
CompPhish,https://authstart-troozr.gitbook.io/us/,gitbook.io,1,content_hash_repeated_record,
CompPhish,https://trustwatextenseon.gitbook.io/ru/,gitbook.io,1,content_hash_repeated_record,
CompPhish,https://help--docs-trexor.gitbook.io/en-us/,gitbook.io,1,content_hash_repeated_record,
CompPhish,https://bybit-logn--auth.gitbook.io/us/,gitbook.io,1,content_hash_repeated_record,
CompPhish,https://locker-fr-pickup.com/as.php,locker-fr-pickup.com,1,content_hash_repeated_record,
CompPhish,https://rebrand.ly/xz9oknz,rebrand.ly,1,content_hash_repeated_record,
CompPhish,https://server5353.weebly.com,weebly.com,1,content_hash_repeated_record,
CompPhish,https://currently-att-07-19-2025.weeblysite.com/,weeblysite.com,1,content_hash_repeated_record,
CompPhish,https://att-login-improvedweb8.weeblysite.com/,weeblysite.com,1,content_hash_repeated_record,
CompPhish,https://broad-band-108718.weeblysite.com/,weeblysite.com,1,content_hash_repeated_record,
CompPhish,https://couiboseprplogni.godaddysites.com/,godaddysites.com,1,content_hash_repeated_record,
CompPhish,https://blgp0nd99-000.square.site/,blgp0nd99-000.square.site,1,content_hash_repeated_record,
CompPhish,https://webonlinepersonas.onrender.com/movil.html,webonlinepersonas.onrender.com,1,content_hash_repeated_record,
CompPhish,https://auth-process-itrustcapital.webflow.io/,auth-process-itrustcapital.webflow.io,1,content_hash_repeated_record,
CompPhish,https://qrco.de/updatedstatement,qrco.de,1,content_hash_repeated_record,
CompPhish,https://nexl.ink/hdjdjdbdbdjdjbdx,nexl.ink,1,content_hash_repeated_record,
CompPhish,https://nexl.ink/buffthey,nexl.ink,1,content_hash_repeated_record,
CompPhish,https://nexl.ink/brig,nexl.ink,1,content_hash_repeated_record,
CompPhish,https://nexl.ink/errington,nexl.ink,1,content_hash_repeated_record,
CompPhish,https://us6.campaign-archive.com/?u=69d7684c44d68133740811567&id=51791ddbef,campaign-archive.com,1,content_hash_repeated_record,
CompPhish,https://us1.campaign-archive.com/?u=c0a7f1ac911baf5b0538dab05&id=d69a31b5e2,campaign-archive.com,1,content_hash_repeated_record,
CompPhish,https://us8.campaign-archive.com/?u=6e6b369b0d791beb6a9555430&id=f7df9d2f1e,campaign-archive.com,1,content_hash_repeated_record,
CompPhish,https://allegrolokalnie.pzs-45141422.rest/?id=ibinoNh4iBJicEMo1o7FE4caf5amGO,pzs-45141422.rest,1,content_hash_repeated_record,
CompPhish,https://us9.campaign-archive.com/?u=992d91b5bf097d061f5b4c742&id=7be45ddf3e1,campaign-archive.com,1,content_hash_repeated_record,
CompPhish,https://us16.campaign-archive.com/?u=c53fe42d4d7aec4dc9d98dcde&id=7a9b49596c,campaign-archive.com,1,content_hash_repeated_record,
CompPhish,https://fetc-etc-payf.shop/,fetc-etc-payf.shop,1,content_hash_repeated_record,
CompPhish,https://fetc-etc-payi.shop/,fetc-etc-payi.shop,1,content_hash_repeated_record,
CompPhish,https://etc-govv-tw.shop/,etc-govv-tw.shop,1,content_hash_repeated_record,
CompPhish,https://fetc-etc-payw.shop/,fetc-etc-payw.shop,1,content_hash_repeated_record,
CompPhish,https://bafkreibwknl4opbcn7r3svuxbvrlguxaerq345cbyrwdkueifher6krqvu.ipfs.dweb.link/,bafkreibwknl4opbcn7r3svuxbvrlguxaerq345cbyrwdkueifher6krqvu.ipfs.dweb.link,1,content_hash_repeated_record,
CompPhish,https://bafybeiakoflshzidmcuem3cly5oqt74ypqeqcpmcfac2bq2zacwsu7eini.ipfs.dweb.link/cPweb20.html,bafybeiakoflshzidmcuem3cly5oqt74ypqeqcpmcfac2bq2zacwsu7eini.ipfs.dweb.link,1,content_hash_repeated_record,
CompPhish,https://bafybeies65wqaa732nngbubrgxz5hfaibhc5lxbpmmoq5ivi4avy2q3kni.ipfs.dweb.link/cPweb1000.html,bafybeies65wqaa732nngbubrgxz5hfaibhc5lxbpmmoq5ivi4avy2q3kni.ipfs.dweb.link,1,content_hash_repeated_record,
CompPhish,https://bafybeiezrwq6d2fjazidmk7qoh5e7lzuqvkfnbzxlufphedl4cejpl62pi.ipfs.dweb.link/cPweb65.html,bafybeiezrwq6d2fjazidmk7qoh5e7lzuqvkfnbzxlufphedl4cejpl62pi.ipfs.dweb.link,1,content_hash_repeated_record,
CompPhish,https://bafybeifrfphcveflxbuzkap63demsui23wcqr7ntswttp6gzbci5eciigi.ipfs.dweb.link/cPweb1980000000.html,bafybeifrfphcveflxbuzkap63demsui23wcqr7ntswttp6gzbci5eciigi.ipfs.dweb.link,1,content_hash_repeated_record,
CompPhish,https://pub-48ccc29dcd3949249bb085b4a893ea3e.r2.dev/index.html,pub-48ccc29dcd3949249bb085b4a893ea3e.r2.dev,1,content_hash_repeated_record,
CompPhish,https://bvjeo.loan/us,bvjeo.loan,1,content_hash_repeated_record,
CompPhish,https://shoolpanistore.com/dew/Er/twAS/app/index.php,shoolpanistore.com,1,content_hash_repeated_record,
CompPhish,https://zwz.vqa.mybluehost.me/AAA/2025/abb/index2.html,mybluehost.me,1,content_hash_repeated_record,
CompPhish,https://rkp.jhy.mybluehost.me/try/,mybluehost.me,1,content_hash_repeated_record,
CompPhish,https://gunnleik.com/opt.nc,gunnleik.com,1,content_hash_repeated_record,
CompPhish,https://flowto.it/eP16upyNb6,flowto.it,1,content_hash_repeated_record,
CompPhish,https://jarvclous.jdevcloud.com/AA/govPT/Autenticacao/Continue/Login.php,jarvclous.jdevcloud.com,1,content_hash_repeated_record,
CompPhish,https://scnv.io/fkF7,scnv.io,1,content_hash_repeated_record,
CompPhish,https://rb.gy/y0uzfv,rb.gy,1,content_hash_repeated_record,
CompPhish,https://rebrand.ly/q88nv12,rebrand.ly,1,content_hash_repeated_record,
CompPhish,https://rb.gy/fwk5cs,rb.gy,1,content_hash_repeated_record,
CompPhish,https://urlz.fr/uDWz,urlz.fr,1,content_hash_repeated_record,
CompPhish,https://myc-ss-ident.firebaseapp.com/,myc-ss-ident.firebaseapp.com,1,content_hash_repeated_record,
CompPhish,https://myc-ss-ident.web.app/,myc-ss-ident.web.app,1,content_hash_repeated_record,
CompPhish,https://trackswiss.com/app/index.php?userid=&amp;amp;ue=,trackswiss.com,1,content_hash_repeated_record,
CompPhish,https://swisspost.acceptsale.com/get/207880941,acceptsale.com,1,content_hash_repeated_record,
CompPhish,https://qr-codes.io/4KHtfw,qr-codes.io,1,content_hash_repeated_record,
CompPhish,https://l.wl.co/l?u=https://qr-codes.io/4KHtfw,wl.co,1,content_hash_repeated_record,
CompPhish,http://mr-hamod.github.io/instagram,mr-hamod.github.io,1,content_hash_repeated_record,
CompPhish,https://mr-hamod.github.io/instagram/,mr-hamod.github.io,1,content_hash_repeated_record,
CompPhish,http://misty123009.github.io/insta,misty123009.github.io,1,content_hash_repeated_record,
CompPhish,https://misty123009.github.io/insta/,misty123009.github.io,1,content_hash_repeated_record,
CompPhish,https://docs.google.com/drawings/d/1NudGdTkH0eEFnzziWwfcif2OKJC6D3IuTx1VcdvnTUs/edit,google.com,1,content_hash_repeated_record,
CompPhish,https://jovial-listening-121989.framer.app/,jovial-listening-121989.framer.app,1,content_hash_repeated_record,
CompPhish,https://loginunico.viabcp.escolinhadesurfipanema.com/netflix/,escolinhadesurfipanema.com,1,content_hash_repeated_record,
CompPhish,https://charelsx.github.io/seven,charelsx.github.io,1,content_hash_repeated_record,
CompPhish,http://www.seditco.com/wp-includes/txy/excelzz/bizmail.php,seditco.com,1,content_hash_repeated_record,
CompPhish,https://fjs.international/xt/fixedxfnity/ok2/,fjs.international,1,content_hash_repeated_record,
CompPhish,http://hohimain.github.io/raheel,hohimain.github.io,1,content_hash_repeated_record,
CompPhish,https://hohimain.github.io/raheel/,hohimain.github.io,1,content_hash_repeated_record,
CompPhish,https://your.ciiki.eu.org/cv3ewcd/,ciiki.eu.org,1,content_hash_repeated_record,
CompPhish,https://tech.aton40.ru/HU/hiworksmain1andmain2only/index.htm,aton40.ru,1,content_hash_repeated_record,
CompPhish,https://www-planning-coursiers.com/,www-planning-coursiers.com,1,content_hash_repeated_record,
CompPhish,https://att-login-improvedweb4.weeblysite.com,weeblysite.com,1,content_hash_repeated_record,
CompPhish,https://nouaresidence.ro/corpnetb.secure/portal.nedline/,nouaresidence.ro,1,content_hash_repeated_record,
CompPhish,https://nouaresidence.ro/corpnetb.secure/portal.nedline/403.php,nouaresidence.ro,1,content_hash_repeated_record,
CompPhish,http://www.picnet.eu/netbn.csecbn/mynetbnksnnp/,picnet.eu,1,content_hash_repeated_record,
CompPhish,http://www.picnet.eu/netbn.csecbn/mynetbnksnnp/403.php,picnet.eu,1,content_hash_repeated_record,
CompPhish,https://octopuslabs.cl/initjulypres/cyclguidinnov/,octopuslabs.cl,1,content_hash_repeated_record,
CompPhish,http://www.picnet.eu/netbn.csecbn/mynetbnksnnp,picnet.eu,1,content_hash_repeated_record,
CompPhish,http://sso--trezorcom-auth.webflow.io,sso--trezorcom-auth.webflow.io,1,content_hash_repeated_record,
CompPhish,https://sso--trezorcom-auth.webflow.io/,sso--trezorcom-auth.webflow.io,1,content_hash_repeated_record,
CompPhish,http://serverupdateb.webflow.io/,serverupdateb.webflow.io,1,content_hash_repeated_record,
CompPhish,https://serverupdateb.webflow.io/,serverupdateb.webflow.io,1,content_hash_repeated_record,
CompPhish,https://resettoptussupdatee.framer.website/,resettoptussupdatee.framer.website,1,content_hash_repeated_record,
CompPhish,https://portal-sso-ndax-io--c--auth.webflow.io/,portal-sso-ndax-io--c--auth.webflow.io,1,content_hash_repeated_record,
CompPhish,https://koofsfscoinlogin.webflow.io/,koofsfscoinlogin.webflow.io,1,content_hash_repeated_record,
CompPhish,https://coinbase-37291.com/security-center?client_id=1ca5-9541-9b23-fc0a-f492-c29c-1667-aad1,coinbase-37291.com,1,content_hash_repeated_record,
CompPhish,https://att-login-improvedweb3.weeblysite.com/,weeblysite.com,1,content_hash_repeated_record,
CompPhish,https://att-login-improvedweb2.weeblysite.com/,weeblysite.com,1,content_hash_repeated_record,
CompPhish,https://nsvpsswax.weeblysite.com,weeblysite.com,1,content_hash_repeated_record,
CompPhish,https://glad-background-150708.framer.app/,glad-background-150708.framer.app,1,content_hash_repeated_record,
CompPhish,https://vinci-reglements-fr.com/,vinci-reglements-fr.com,1,content_hash_repeated_record,
CompPhish,https://autothings.appsserver.net/schweizerrisc-meinesbB/kundenbeireich/CFF/,appsserver.net,1,content_hash_repeated_record,
CompPhish,http://allegrolokalne.pl-conformation85.shop,pl-conformation85.shop,1,content_hash_repeated_record,
CompPhish,http://allegrolokalnie.pl-conformation85.shop,pl-conformation85.shop,1,content_hash_repeated_record,
CompPhish,https://infosere409.weebly.com/,weebly.com,1,content_hash_repeated_record,
CompPhish,https://sharp-empathy-866299.framer.app/,sharp-empathy-866299.framer.app,1,content_hash_repeated_record,
CompPhish,https://chatty-success-002589.framer.app/,chatty-success-002589.framer.app,1,content_hash_repeated_record,
CompPhish,https://ma-plateforme-client.com/as.php,ma-plateforme-client.com,1,content_hash_repeated_record,
CompPhish,https://home-suiteco-us.github.io/en-us/,home-suiteco-us.github.io,1,content_hash_repeated_record,
CompPhish,https://btr6hfklamerd.cfolks.pl/a/io/auth/log.php,btr6hfklamerd.cfolks.pl,1,content_hash_repeated_record,
CompPhish,https://srv24900hostertestmesa.cfolks.pl/sb/auth/log.php,srv24900hostertestmesa.cfolks.pl,1,content_hash_repeated_record,
CompPhish,https://att-106747-101594.weeblysite.com,weeblysite.com,1,content_hash_repeated_record,
CompPhish,https://home-102645.weeblysite.com,weeblysite.com,1,content_hash_repeated_record,
CompPhish,https://home-106391.weeblysite.com,weeblysite.com,1,content_hash_repeated_record,
CompPhish,https://validar-usuario-cuentabhd2025.weebly.com/,weebly.com,1,content_hash_repeated_record,
CompPhish,https://f07cee28-a766-4290-9896-c34468095e35-00-1nl0nxp4ayjn2.kirk.replit.dev/,f07cee28-a766-4290-9896-c34468095e35-00-1nl0nxp4ayjn2.kirk.replit.dev,1,content_hash_repeated_record,
CompPhish,https://support-netflix-signup.com/,support-netflix-signup.com,1,content_hash_repeated_record,
CompPhish,https://2mfa-admin.webflow.io/,2mfa-admin.webflow.io,1,content_hash_repeated_record,
CompPhish,https://accountvalidationit.weebly.com/,weebly.com,1,content_hash_repeated_record,
CompPhish,https://agtictecinnovaticuxux.weebly.com/,weebly.com,1,content_hash_repeated_record,
CompPhish,https://atlascz-mail-105133.square.site/,atlascz-mail-105133.square.site,1,content_hash_repeated_record,
CompPhish,https://landsurveyorsstatement.weebly.com/,weebly.com,1,content_hash_repeated_record,
CompPhish,https://login-one-mail.weebly.com/,weebly.com,1,content_hash_repeated_record,
CompPhish,https://office365upatepe.weebly.com/,weebly.com,1,content_hash_repeated_record,
CompPhish,https://r68r862.weebly.com/,weebly.com,1,content_hash_repeated_record,
CompPhish,https://runestoneeee.weebly.com/,weebly.com,1,content_hash_repeated_record,
CompPhish,https://surabaya-go-id.webflow.io/,surabaya-go-id.webflow.io,1,content_hash_repeated_record,
CompPhish,https://teuuiuytdf.weebly.com/,weebly.com,1,content_hash_repeated_record,
CompPhish,https://uacl00.weebly.com/,weebly.com,1,content_hash_repeated_record,
CompPhish,https://universidnacionalmayordesanmarcos.weebly.com/,weebly.com,1,content_hash_repeated_record,
CompPhish,https://updateeduss.weebly.com/,weebly.com,1,content_hash_repeated_record,
CompPhish,https://urosariooato.ukit.me/,ukit.me,1,content_hash_repeated_record,
CompPhish,https://uttcampus.weebly.com/,weebly.com,1,content_hash_repeated_record,
CompPhish,https://uvcl.webflow.io/,uvcl.webflow.io,1,content_hash_repeated_record,
CompPhish,https://wegtgt.weebly.com/,weebly.com,1,content_hash_repeated_record,
CompPhish,https://sso-eng-itrustcapitel-cdn.webflow.io/,sso-eng-itrustcapitel-cdn.webflow.io,1,content_hash_repeated_record,
CompPhish,https://itrustcapital-logins-auth.webflow.io/,itrustcapital-logins-auth.webflow.io,1,content_hash_repeated_record,
CompPhish,https://sso--o-trustcapital--c-oauth.webflow.io/,sso--o-trustcapital--c-oauth.webflow.io,1,content_hash_repeated_record,
CompPhish,https://us--auth-itruscapital-sso.webflow.io/,us--auth-itruscapital-sso.webflow.io,1,content_hash_repeated_record,
CompPhish,https://sso--learn-itrustcapital-service.webflow.io/,sso--learn-itrustcapital-service.webflow.io,1,content_hash_repeated_record,
CompPhish,https://usa--itrustcapital--auth.webflow.io/,usa--itrustcapital--auth.webflow.io,1,content_hash_repeated_record,
CompPhish,https://sso---w-trustcapital---com-autths.webflow.io/,sso---w-trustcapital---com-autths.webflow.io,1,content_hash_repeated_record,
CompPhish,https://my-sso--itrustcapital-com--cdn-auth.webflow.io/,my-sso--itrustcapital-com--cdn-auth.webflow.io,1,content_hash_repeated_record,
CompPhish,https://my-app-itrustcapital--com-cdn--x--auth.webflow.io/,my-app-itrustcapital--com-cdn--x--auth.webflow.io,1,content_hash_repeated_record,
CompPhish,https://my-sso-itrustcapital-cdn-x-auth.webflow.io/,my-sso-itrustcapital-cdn-x-auth.webflow.io,1,content_hash_repeated_record,
CompPhish,https://desk-itrustcapitals-auth.webflow.io/,desk-itrustcapitals-auth.webflow.io,1,content_hash_repeated_record,
CompPhish,https://my--sso-itrustcapital-com--s-cdn.webflow.io/,my--sso-itrustcapital-com--s-cdn.webflow.io,1,content_hash_repeated_record,
CompPhish,https://sso--help--itrustcapital-auth.webflow.io/,sso--help--itrustcapital-auth.webflow.io,1,content_hash_repeated_record,
CompPhish,https://kucoiineilogin.webflow.io/,kucoiineilogin.webflow.io,1,content_hash_repeated_record,
CompPhish,https://garimungfloggen.webflow.io/,garimungfloggen.webflow.io,1,content_hash_repeated_record,
CompPhish,https://sso-itrustcapital--com-cdn-s-auth.webflow.io/,sso-itrustcapital--com-cdn-s-auth.webflow.io,1,content_hash_repeated_record,
CompPhish,https://auth-i-itrustcapital-p-sso.webflow.io/,auth-i-itrustcapital-p-sso.webflow.io,1,content_hash_repeated_record,
CompPhish,https://home-itrustcapil-auth.webflow.io/,home-itrustcapil-auth.webflow.io,1,content_hash_repeated_record,
CompPhish,https://sso--i-trustcapital---com-app.webflow.io/,sso--i-trustcapital---com-app.webflow.io,1,content_hash_repeated_record,
CompPhish,https://itrustcecapitallogin.webflow.io/,itrustcecapitallogin.webflow.io,1,content_hash_repeated_record,
CompPhish,https://sso-i-trustcapital-com-l-auth.webflow.io/,sso-i-trustcapital-com-l-auth.webflow.io,1,content_hash_repeated_record,
CompPhish,https://my--app-itrustcapital--com--cdn--auth.webflow.io/,my--app-itrustcapital--com--cdn--auth.webflow.io,1,content_hash_repeated_record,
CompPhish,https://sso-itrustcapital-sso-auth.webflow.io/,sso-itrustcapital-sso-auth.webflow.io,1,content_hash_repeated_record,
CompPhish,https://kucin-us.gitbook.io/us/,gitbook.io,1,content_hash_repeated_record,
CompPhish,https://rcryptcomssigninisu.gitbook.io/us/,gitbook.io,1,content_hash_repeated_record,
CompPhish,https://ledgir-live-deskto.gitbook.io/us/,gitbook.io,1,content_hash_repeated_record,
CompPhish,https://getledegerlive.gitbook.io/us/,gitbook.io,1,content_hash_repeated_record,
CompPhish,https://geminivloguin.gitbook.io/us/,gitbook.io,1,content_hash_repeated_record,
CompPhish,https://trexurapwlets.gitbook.io/us/,gitbook.io,1,content_hash_repeated_record,
CompPhish,https://pruebacrooe.webcindario.com,webcindario.com,1,content_hash_repeated_record,
CompPhish,https://server-100997.square.site/,server-100997.square.site,1,content_hash_repeated_record,
CompPhish,https://ipfs.io/ipfs/bafybeic2dskxsrxbx4ny6vwzieeruxnezxwi5hwn3ig5vrl2tus5yhh3n4/xxzuyrq.html/#spambait@spamcop.net,ipfs.io,1,content_hash_repeated_record,
CompPhish,https://currently-att-7-21-2025.weeblysite.com/,weeblysite.com,1,content_hash_repeated_record,
CompPhish,https://juno-103478.weeblysite.com/,weeblysite.com,1,content_hash_repeated_record,
CompPhish,https://start-leduger-auth.webflow.io/,start-leduger-auth.webflow.io,1,content_hash_repeated_record,
CompPhish,https://lonos-data.vercel.app/,lonos-data.vercel.app,1,content_hash_repeated_record,
CompPhish,https://www.hopp.bio/drsd,hopp.bio,1,content_hash_repeated_record,
CompPhish,https://ready-stories-290828.framer.app,ready-stories-290828.framer.app,1,content_hash_repeated_record,
CompPhish,https://myidloud-storeco.shop/aplog/,myidloud-storeco.shop,1,content_hash_repeated_record,
CompPhish,https://cbullardprints.com//UpdateAccount/Sites/index.html,cbullardprints.com,1,content_hash_repeated_record,
CompPhish,https://applejp.co/jp/#%2F,applejp.co,1,content_hash_repeated_record,
CompPhish,http://trecverwallket.webflow.io,trecverwallket.webflow.io,1,content_hash_repeated_record,
CompPhish,https://trecverwallket.webflow.io/,trecverwallket.webflow.io,1,content_hash_repeated_record,
CompPhish,http://tryzorwalet.webflow.io,tryzorwalet.webflow.io,1,content_hash_repeated_record,
CompPhish,https://tryzorwalet.webflow.io/,tryzorwalet.webflow.io,1,content_hash_repeated_record,
CompPhish,http://us-trezoriostart.webflow.io,us-trezoriostart.webflow.io,1,content_hash_repeated_record,
CompPhish,https://us-trezoriostart.webflow.io/,us-trezoriostart.webflow.io,1,content_hash_repeated_record,
CompPhish,http://trezohrdwrwalte.webflow.io,trezohrdwrwalte.webflow.io,1,content_hash_repeated_record,
CompPhish,https://trezohrdwrwalte.webflow.io/,trezohrdwrwalte.webflow.io,1,content_hash_repeated_record,
CompPhish,https://npgkf09.com/jp/,npgkf09.com,1,content_hash_repeated_record,
CompPhish,https://oubh10011.com/jp/,oubh10011.com,1,content_hash_repeated_record,
CompPhish,https://o2opro.com/jp/,o2opro.com,1,content_hash_repeated_record,
CompPhish,https://dailyautoroute.dyndns.info/check,dailyautoroute.dyndns.info,1,content_hash_repeated_record,
CompPhish,http://allegrolokalnie.pl2894.cfd,pl2894.cfd,1,content_hash_repeated_record,
CompPhish,https://allegrolokalnie.pl-201.cfd,pl-201.cfd,1,content_hash_repeated_record,
CompPhish,https://us20.campaign-archive.com/?u=d69bb7a3501c213ba4dd28dcb&id=8d3bbf7a05,campaign-archive.com,1,content_hash_repeated_record,
CompPhish,https://en.mipromostore.com/,mipromostore.com,1,content_hash_repeated_record,
CompPhish,https://us16.campaign-archive.com/?u=66df2de373412b00e90bc7c46&id=0252dcafac,campaign-archive.com,1,content_hash_repeated_record,
CompPhish,https://us7.campaign-archive.com/?u=95a4337b32db6657d179b63fc&id=7e20605447,campaign-archive.com,1,content_hash_repeated_record,
CompPhish,https://qrco.de/bfN2VQ,qrco.de,1,content_hash_repeated_record,
CompPhish,https://q-r.to/bfN2VQ,q-r.to,1,content_hash_repeated_record,
CompPhish,http://dgirhoodwxs.azurewebsites.net/,dgirhoodwxs.azurewebsites.net,1,content_hash_repeated_record,
CompPhish,https://us-usps-hd.top/us/,us-usps-hd.top,1,content_hash_repeated_record,
CompPhish,http://satisfying-hobbies.surge.sh/form.html,surge.sh,1,content_hash_repeated_record,
CompPhish,https://postoffice-undelivered.com/Found.php?session=YIRNHn4KTBnQUwW6abIbw7xpLLkw6uIE2O7GE6eC0QRXJEWf7Ss6lzyxQEuX,postoffice-undelivered.com,1,content_hash_repeated_record,
CompPhish,https://postoffice-undelivered.com/Date.php?session=88yj8icsml2dTNEALeAYZ5YcdHmHr7inPOdmgf7p7YdtMMkJvTI0Sd2NTyJf,postoffice-undelivered.com,1,content_hash_repeated_record,
CompPhish,https://postoffice-undelivered.com/Payment.php?session=6rnohJGmRvh8vy3gDOAnEQ6aGTHKEB9vKUoTXiXmhDGfNoJs9bQA9qLT7dv7,postoffice-undelivered.com,1,content_hash_repeated_record,
CompPhish,http://pub-9beebc28f0e84ed5b5fdc9d64889575a.r2.dev/bea179.html,pub-9beebc28f0e84ed5b5fdc9d64889575a.r2.dev,1,content_hash_repeated_record,
CompPhish,http://pub-5378e135058a4d2abb5385b53c4be7aa.r2.dev/auth_start.html,pub-5378e135058a4d2abb5385b53c4be7aa.r2.dev,1,content_hash_repeated_record,
CompPhish,http://pub-82617452b2d041009225f84cc63f301a.r2.dev/auth_start.html,pub-82617452b2d041009225f84cc63f301a.r2.dev,1,content_hash_repeated_record,
CompPhish,http://pub-d68002e5b75049bb98ec9a704062ad98.r2.dev/bea251.html,pub-d68002e5b75049bb98ec9a704062ad98.r2.dev,1,content_hash_repeated_record,
CompPhish,http://pub-aa7fa9484b09428e8bc6015613af3de1.r2.dev/bea239.html,pub-aa7fa9484b09428e8bc6015613af3de1.r2.dev,1,content_hash_repeated_record,
CompPhish,http://pub-a4687bf1717848b392aa7f782961d759.r2.dev/dse_sign.html,pub-a4687bf1717848b392aa7f782961d759.r2.dev,1,content_hash_repeated_record,
CompPhish,http://pub-3a12a51b73874cc1b3734cfeca7767df.r2.dev/lolngindex.html,pub-3a12a51b73874cc1b3734cfeca7767df.r2.dev,1,content_hash_repeated_record,
CompPhish,http://pub-1fa2e1397a33425596eb611ebd116eef.r2.dev/auth_response.html,pub-1fa2e1397a33425596eb611ebd116eef.r2.dev,1,content_hash_repeated_record,
CompPhish,http://pub-ef75cc53856841098344314eff388bb6.r2.dev/dse_sign.html,pub-ef75cc53856841098344314eff388bb6.r2.dev,1,content_hash_repeated_record,
CompPhish,http://pub-0562dd1239744504922bb041e3f2f2eb.r2.dev/mila.html,pub-0562dd1239744504922bb041e3f2f2eb.r2.dev,1,content_hash_repeated_record,
CompPhish,http://pub-06e80814dbe14a36a449e659d43bfeee.r2.dev/secure_response.html,pub-06e80814dbe14a36a449e659d43bfeee.r2.dev,1,content_hash_repeated_record,
CompPhish,http://annesha111.github.io/h.w-3,annesha111.github.io,1,content_hash_repeated_record,
CompPhish,http://instasitelogin.github.io/logininsta.io,instasitelogin.github.io,1,content_hash_repeated_record,
CompPhish,https://pub-e23528cbdea642ddb1c88fd0d29e30b5.r2.dev/index.html,pub-e23528cbdea642ddb1c88fd0d29e30b5.r2.dev,1,content_hash_repeated_record,
CompPhish,https://guard-ebu.pages.dev/index-dsxswbvr.js,guard-ebu.pages.dev,1,content_hash_repeated_record,
CompPhish,https://hakskks.github.io/yahhogss/,hakskks.github.io,1,content_hash_repeated_record,
CompPhish,https://pub-4fcafdabd48b45cd8efb6cdc77f798a5.r2.dev/index.html,pub-4fcafdabd48b45cd8efb6cdc77f798a5.r2.dev,1,content_hash_repeated_record,
CompPhish,https://ubx.tfa.mybluehost.me/sww/sw/sw/fss/signin.php,mybluehost.me,1,content_hash_repeated_record,
CompPhish,https://pub-71d7655c5841474c921864fd439de314.r2.dev/alt_type.html,pub-71d7655c5841474c921864fd439de314.r2.dev,1,content_hash_repeated_record,
CompPhish,https://trors174r.todordigital.co.uk:8443/impact?impact=info,todordigital.co.uk,1,content_hash_repeated_record,
CompPhish,http://pay.cafe.naver.jonggo11.com/joonggonara/login.php,jonggo11.com,1,content_hash_repeated_record,
CompPhish,https://securityfolder7b.firebaseapp.com/,securityfolder7b.firebaseapp.com,1,content_hash_repeated_record,
CompPhish,https://revlk.com/fx,revlk.com,1,content_hash_repeated_record,
CompPhish,https://support-inc-riccardopulcini733255.codeanyapp.com/wp-admin/css/colors/blue/am/infospage.php,codeanyapp.com,1,content_hash_repeated_record,
CompPhish,https://support-inc-riccardopulcini733255.codeanyapp.com/wp-admin/css/colors/blue/am/,codeanyapp.com,1,content_hash_repeated_record,
CompPhish,https://user-qualify.vercel.app/form.html,user-qualify.vercel.app,1,content_hash_repeated_record,
CompPhish,https://reclaimsharewhirl.pages.dev/,reclaimsharewhirl.pages.dev,1,content_hash_repeated_record,
CompPhish,https://steamcommunlfy.com/gift-card/638684276,steamcommunlfy.com,1,content_hash_repeated_record,
CompPhish,https://u.to/fqzbIA,u.to,1,content_hash_repeated_record,
CompPhish,https://acgmw.com/,acgmw.com,1,content_hash_repeated_record,
CompPhish,http://pub-383521c60d8c40f2959fbf1bd20052c4.r2.dev/index.html,pub-383521c60d8c40f2959fbf1bd20052c4.r2.dev,1,content_hash_repeated_record,
CompPhish,https://references.diapath.com/pre_pulizia/wp-admin/V/DH/,diapath.com,1,content_hash_repeated_record,
CompPhish,https://references.diapath.com/pre_pulizia/wp-admin/V/DH/infospage.php,diapath.com,1,content_hash_repeated_record,
CompPhish,https://dub.sh/HqquIrf,dub.sh,1,content_hash_repeated_record,
CompPhish,https://rebrand.ly/fqe2kl0,rebrand.ly,1,content_hash_repeated_record,
CompPhish,https://rebrand.ly/346rbs,rebrand.ly,1,content_hash_repeated_record,
CompPhish,https://bcpewtrsf-fdd422.ingress-bonde.ewp.live/wp-content/plugins/deviswetransfer%202/log.php,bcpewtrsf-fdd422.ingress-bonde.ewp.live,1,content_hash_repeated_record,
CompPhish,https://bropraffouhaffa-8892.vercel.app/xir.tiawek,bropraffouhaffa-8892.vercel.app,1,content_hash_repeated_record,
CompPhish,https://rebrand.ly/164bdc,rebrand.ly,1,content_hash_repeated_record,
CompPhish,http://voi-voi9.vercel.app/verset.html,voi-voi9.vercel.app,1,content_hash_repeated_record,
CompPhish,https://5ff7869324e5.godaddysites.com/,godaddysites.com,1,content_hash_repeated_record,
CompPhish,https://rebrand.ly/cnpoorm,rebrand.ly,1,content_hash_repeated_record,
CompPhish,https://attcom-105491.weeblysite.com/,weeblysite.com,1,content_hash_repeated_record,
CompPhish,https://rebrand.ly/a62444,rebrand.ly,1,content_hash_repeated_record,
CompPhish,https://xeipikasseru-2222.vercel.app/fil.riawek,xeipikasseru-2222.vercel.app,1,content_hash_repeated_record,
CompPhish,https://rebrand.ly/5bfvwwc,rebrand.ly,1,content_hash_repeated_record,
CompPhish,https://rebrand.ly/nenf3,rebrand.ly,1,content_hash_repeated_record,
CompPhish,https://veissibauppeucau-9409.vercel.app/mir.viawak,veissibauppeucau-9409.vercel.app,1,content_hash_repeated_record,
CompPhish,https://rebrand.ly/mrnsd4,rebrand.ly,1,content_hash_repeated_record,
CompPhish,https://webde-100182.weeblysite.com/,weeblysite.com,1,content_hash_repeated_record,
CompPhish,https://fucrupricoffu-3534.vercel.app/ratixx.html/,fucrupricoffu-3534.vercel.app,1,content_hash_repeated_record,
CompPhish,https://soigeddesauku-9807.vercel.app/mir.viawak,soigeddesauku-9807.vercel.app,1,content_hash_repeated_record,
CompPhish,http://rebrand.ly/me62dhs,rebrand.ly,1,content_hash_repeated_record,
CompPhish,https://fuzabefigei-6866.vercel.app/nir.viarek,fuzabefigei-6866.vercel.app,1,content_hash_repeated_record,
CompPhish,https://rebrand.ly/ypzx0vq,rebrand.ly,1,content_hash_repeated_record,
CompPhish,https://restore-account-security.onrender.com/,restore-account-security.onrender.com,1,content_hash_repeated_record,
CompPhish,https://rebrand.ly/f33968,rebrand.ly,1,content_hash_repeated_record,
CompPhish,http://ebz-omega.vercel.app/verset.html,ebz-omega.vercel.app,1,content_hash_repeated_record,
CompPhish,https://vetivefremmo-6702.vercel.app/xar.siawek,vetivefremmo-6702.vercel.app,1,content_hash_repeated_record,
CompPhish,https://rebrand.ly/474iqgf,rebrand.ly,1,content_hash_repeated_record,
CompPhish,http://dev-dddrggvddz.pantheonsite.io/,dev-dddrggvddz.pantheonsite.io,1,content_hash_repeated_record,
CompPhish,http://www.rb.gy/exqf1e/,rb.gy,1,content_hash_repeated_record,
CompPhish,https://steamcomnmunity.com/tradofferr/new/partner=86339532,steamcomnmunity.com,1,content_hash_repeated_record,
CompPhish,https://wittransf-fef009.ingress-comporellon.ewp.live/wp-content/plugins/ACOMPTE.PDF.html,wittransf-fef009.ingress-comporellon.ewp.live,1,content_hash_repeated_record,
CompPhish,http://didii1-f878a6.ingress-baronn.ewp.live/wp-content/plugins/PAY/,didii1-f878a6.ingress-baronn.ewp.live,1,content_hash_repeated_record,
CompPhish,http://dev-026445210112588.pantheonsite.io/,dev-026445210112588.pantheonsite.io,1,content_hash_repeated_record,
CompPhish,http://55983175365.com/,55983175365.com,1,content_hash_repeated_record,
CompPhish,https://rebrand.ly/883524/,rebrand.ly,1,content_hash_repeated_record,
CompPhish,https://busounnerefe-7794.vercel.app/zir.naurek,busounnerefe-7794.vercel.app,1,content_hash_repeated_record,
CompPhish,https://rebrand.ly/917e59,rebrand.ly,1,content_hash_repeated_record,
CompPhish,https://steamcommuiniity.com/gift,steamcommuiniity.com,1,content_hash_repeated_record,
CompPhish,http://apple-resposive--bootstrap.web.app/,apple-resposive--bootstrap.web.app,1,content_hash_repeated_record,
CompPhish,https://zappeijeyeitti-1435.vercel.app/col.qimef,zappeijeyeitti-1435.vercel.app,1,content_hash_repeated_record,
CompPhish,https://rebrand.ly/j0y2m3u,rebrand.ly,1,content_hash_repeated_record,
CompPhish,https://hommummatrousse-7387.vercel.app/lux.pimef,hommummatrousse-7387.vercel.app,1,content_hash_repeated_record,
CompPhish,https://rebrand.ly/eafd58,rebrand.ly,1,content_hash_repeated_record,
CompPhish,http://panointellegence.info/quick-nbooks/wx.htm,panointellegence.info,1,content_hash_repeated_record,
CompPhish,https://sdmrerwsprvuytr.weebly.com/,weebly.com,1,content_hash_repeated_record,
CompPhish,https://instagrambios.com/,instagrambios.com,1,content_hash_repeated_record,
CompPhish,https://conflagration-chatelet5-34-180-d85515.ingress-earth.ewp.live/wp-content/plugins/eemleen/pages/region.php?lca,conflagration-chatelet5-34-180-d85515.ingress-earth.ewp.live,1,content_hash_repeated_record,
CompPhish,https://https.q-teiegram.com/,q-teiegram.com,1,content_hash_repeated_record,
CompPhish,https://global.18-183-135-220.cprapid.com/US-en/payment.php,18-183-135-220.cprapid.com,1,content_hash_repeated_record,
CompPhish,https://global.18-183-135-220.cprapid.com/US-en/retry.php?cmd=_session=US&fe6e3d0ffa76623ef9123d4455c954f9&dispatch=c6a125f940aa4273636bf24444e34058667b892a,18-183-135-220.cprapid.com,1,content_hash_repeated_record,
CompPhish,https://global.18-183-135-220.cprapid.com/US-en/retry.php,18-183-135-220.cprapid.com,1,content_hash_repeated_record,
CompPhish,https://global.18-183-135-220.cprapid.com/US-en/billing.php,18-183-135-220.cprapid.com,1,content_hash_repeated_record,
CompPhish,https://attcom-104531.weeblysite.com/,weeblysite.com,1,content_hash_repeated_record,
CompPhish,https://metskometensin-us.webflow.io/,metskometensin-us.webflow.io,1,content_hash_repeated_record,
CompPhish,https://metamasskchromextensiondd.webflow.io/,metamasskchromextensiondd.webflow.io,1,content_hash_repeated_record,
CompPhish,https://pricey-crime.surge.sh/form.html,surge.sh,1,content_hash_repeated_record,
CompPhish,https://pub-383521c60d8c40f2959fbf1bd20052c4.r2.dev/index.html,pub-383521c60d8c40f2959fbf1bd20052c4.r2.dev,1,content_hash_repeated_record,
CompPhish,https://an-postan.top/,an-postan.top,1,content_hash_repeated_record,
CompPhish,https://claro-pe.cam/,claro-pe.cam,1,content_hash_repeated_record,
CompPhish,https://claro-per.art/,claro-per.art,1,content_hash_repeated_record,
CompPhish,https://claro-per.one/,claro-per.one,1,content_hash_repeated_record,
CompPhish,https://co-4-777.top/,co-4-777.top,1,content_hash_repeated_record,
CompPhish,https://consoleb.top/,consoleb.top,1,content_hash_repeated_record,
CompPhish,https://consoled.top/,consoled.top,1,content_hash_repeated_record,
CompPhish,https://consolee.top/,consolee.top,1,content_hash_repeated_record,
CompPhish,https://consolej.top/,consolej.top,1,content_hash_repeated_record,
CompPhish,https://consoleo.top/,consoleo.top,1,content_hash_repeated_record,
CompPhish,https://consolep.top/,consolep.top,1,content_hash_repeated_record,
CompPhish,https://consoleq.top/,consoleq.top,1,content_hash_repeated_record,
CompPhish,https://consoler.top/,consoler.top,1,content_hash_repeated_record,
CompPhish,https://consoleu.top/,consoleu.top,1,content_hash_repeated_record,
CompPhish,https://correosytelegrafos-gt.ink/,correosytelegrafos-gt.ink,1,content_hash_repeated_record,
CompPhish,https://ekkipost.buzz/,ekkipost.buzz,1,content_hash_repeated_record,
CompPhish,https://esp-correopd.top/,esp-correopd.top,1,content_hash_repeated_record,
CompPhish,https://esp-correops.top/,esp-correops.top,1,content_hash_repeated_record,
CompPhish,https://evr-i-post.one/,evr-i-post.one,1,content_hash_repeated_record,
CompPhish,https://evr-i-post.sbs/,evr-i-post.sbs,1,content_hash_repeated_record,
CompPhish,https://frasaa.xyz/,frasaa.xyz,1,content_hash_repeated_record,
CompPhish,https://in-indiaebpost.top/,in-indiaebpost.top,1,content_hash_repeated_record,
CompPhish,https://in-indiaecpost.top/,in-indiaecpost.top,1,content_hash_repeated_record,
CompPhish,https://in-indiaehpost.top/,in-indiaehpost.top,1,content_hash_repeated_record,
CompPhish,https://in-indiaejpost.top/,in-indiaejpost.top,1,content_hash_repeated_record,
CompPhish,https://in-indiaekpost.top/,in-indiaekpost.top,1,content_hash_repeated_record,
CompPhish,https://in-indiaelpost.top/,in-indiaelpost.top,1,content_hash_repeated_record,
CompPhish,https://in-indiaempost.top/,in-indiaempost.top,1,content_hash_repeated_record,
CompPhish,https://in-indiaenpost.top/,in-indiaenpost.top,1,content_hash_repeated_record,
CompPhish,https://in-indiaerkpost.top/,in-indiaerkpost.top,1,content_hash_repeated_record,
CompPhish,https://in-indiaerpost.top/,in-indiaerpost.top,1,content_hash_repeated_record,
CompPhish,https://in-indiaespost.top/,in-indiaespost.top,1,content_hash_repeated_record,
CompPhish,https://in-indiaexpost.top/,in-indiaexpost.top,1,content_hash_repeated_record,
CompPhish,https://in-indiaeypost.top/,in-indiaeypost.top,1,content_hash_repeated_record,
CompPhish,https://movistar-es.ink/,movistar-es.ink,1,content_hash_repeated_record,
CompPhish,https://nzpost-co-nz.vip/,nzpost-co-nz.vip,1,content_hash_repeated_record,
CompPhish,https://poedst.top/,poedst.top,1,content_hash_repeated_record,
CompPhish,https://poeiot.top/,poeiot.top,1,content_hash_repeated_record,
CompPhish,https://poeiset.top/,poeiset.top,1,content_hash_repeated_record,
CompPhish,https://poeist.top/,poeist.top,1,content_hash_repeated_record,
CompPhish,https://pogsthe.top/,pogsthe.top,1,content_hash_repeated_record,
CompPhish,https://postaut-at.xyz/,postaut-at.xyz,1,content_hash_repeated_record,
CompPhish,https://postofficeco-za.ink/,postofficeco-za.ink,1,content_hash_repeated_record,
CompPhish,https://royermail.xyz/,royermail.xyz,1,content_hash_repeated_record,
CompPhish,https://sex-postnord.top/,sex-postnord.top,1,content_hash_repeated_record,
CompPhish,https://sez-postnord.top/,sez-postnord.top,1,content_hash_repeated_record,
CompPhish,https://uke-vri.sbs/,uke-vri.sbs,1,content_hash_repeated_record,
CompPhish,https://nebulous-amount.surge.sh/ks.bk/,surge.sh,1,content_hash_repeated_record,
CompPhish,https://authentification.coinbase.costumer-service-9999.47-88-107-180.cprapid.com/secured/otp6/sign/index.html,47-88-107-180.cprapid.com,1,content_hash_repeated_record,
CompPhish,https://autovalidateblockchain.pages.dev/,autovalidateblockchain.pages.dev,1,content_hash_repeated_record,
CompPhish,https://knbvcdsw234rsazxsaq1234rfdfghjjuytyuijkopoiuyfdcr54rtyuioo.pages.dev/,knbvcdsw234rsazxsaq1234rfdfghjjuytyuijkopoiuyfdcr54rtyuioo.pages.dev,1,content_hash_repeated_record,
CompPhish,https://hhtttttrwhgvcwqazxcvgfd4r5t7ugcxr67890iuhgd43wszxsw2wq2wer.pages.dev/,hhtttttrwhgvcwqazxcvgfd4r5t7ugcxr67890iuhgd43wszxsw2wq2wer.pages.dev,1,content_hash_repeated_record,
CompPhish,https://easygoingsloganmadeeasy2.pages.dev/,easygoingsloganmadeeasy2.pages.dev,1,content_hash_repeated_record,
CompPhish,http://huhyyy.business-minagne.com,business-minagne.com,1,content_hash_repeated_record,
CompPhish,https://drgbox.com/login/login,drgbox.com,1,content_hash_repeated_record,
CompPhish,https://linkr.it/1Q68DZ,linkr.it,1,content_hash_repeated_record,
CompPhish,https://rb.gy/8ouck0,rb.gy,1,content_hash_repeated_record,
CompPhish,https://ke-iydfugkj-f94896.ingress-bonde.ewp.live/wp-content/plugins/deviswetransfers/log.php,ke-iydfugkj-f94896.ingress-bonde.ewp.live,1,content_hash_repeated_record,
CompPhish,https://kyfygeskd.cyou/pe,kyfygeskd.cyou,1,content_hash_repeated_record,
CompPhish,https://settingpage-confirmaccount-verifycenter.pages.dev/,settingpage-confirmaccount-verifycenter.pages.dev,1,content_hash_repeated_record,
CompPhish,https://confirmpage-settingpolicy-centernow.pages.dev/,confirmpage-settingpolicy-centernow.pages.dev,1,content_hash_repeated_record,
CompPhish,https://confirmaccount-verifynow-supportcenter.pages.dev/,confirmaccount-verifynow-supportcenter.pages.dev,1,content_hash_repeated_record,
CompPhish,https://case1.pages.dev/,case1.pages.dev,1,content_hash_repeated_record,
CompPhish,https://accountcenter-supportpro-verifyaccount.pages.dev/,accountcenter-supportpro-verifyaccount.pages.dev,1,content_hash_repeated_record,
CompPhish,https://docs.google.com/drawings/d/1yzkZ-PegpUiH2lioMBTR2rr5i5gyVKIZ_uK1ovsWDKU/edit,google.com,1,content_hash_repeated_record,
CompPhish,https://docs.google.com/drawings/d/1YONdHDZHNCsb_4A8mN9kPHWKJxBmltMMJpU7NSOuyPc/edit,google.com,1,content_hash_repeated_record,
CompPhish,https://docs.google.com/drawings/d/1z57CbOCN0THquBjGwoVPDeJNP7K0i4ybwRat7t6LajU/edit,google.com,1,content_hash_repeated_record,
CompPhish,https://docs.google.com/drawings/d/1AayZsmfrr9tocrrGAjSrLhZX7eZglL8qOHMsoPFxCjo/edit,google.com,1,content_hash_repeated_record,
CompPhish,https://docs.google.com/drawings/d/1EVb0_glJ5Ib1k6O52TqCygB9ohrFrM7tZHy1qNTTvAI/edit,google.com,1,content_hash_repeated_record,
CompPhish,https://docs.google.com/drawings/d/1_eHfad6-3sN_fML59mrf_EHVKToJPHAX04I590-ZD3k/edit,google.com,1,content_hash_repeated_record,
CompPhish,https://docs.google.com/drawings/d/1o-xR5GFCX9rRPsgAWFkwtsaQ0IiZjefDVd683kLxRtQ/edit,google.com,1,content_hash_repeated_record,
CompPhish,https://docs.google.com/drawings/d/1zSvxE05kF_oitIXuhz_a-lhSCZwZmZczy8g_RchCNOs/edit,google.com,1,content_hash_repeated_record,
CompPhish,https://docs.google.com/drawings/d/1thLK7IDgeyD4Hc0rHkq-7NxZgFodJ8BFeTqHqNovpfg/edit,google.com,1,content_hash_repeated_record,
CompPhish,https://docs.google.com/drawings/d/1nRVhs1LJnKUq_MymljcdO20puvzo8fR-c6UJl86bfRs/edit,google.com,1,content_hash_repeated_record,
CompPhish,https://docs.google.com/drawings/d/151Pt_3AGUzIgZ00YJW7LL5rpIxG69va8WYP7np--9lE/edit,google.com,1,content_hash_repeated_record,
CompPhish,https://docs.google.com/drawings/d/1KQLGeqtKrIke0rrwHishBEEukANdQF95CZUWDkWGJME/edit,google.com,1,content_hash_repeated_record,
CompPhish,https://docs.google.com/drawings/d/1wD4ma0lH9RgGHVl-sHMI4XmTpjEmKXarpSFgu7haMPU/edit,google.com,1,content_hash_repeated_record,
CompPhish,https://qrco.de/bfMWmDSCkmsdwoegprggs,qrco.de,1,content_hash_repeated_record,
CompPhish,https://magicznefale.pl/,magicznefale.pl,1,content_hash_repeated_record,
CompPhish,https://uskt.knpgmzd.com/,knpgmzd.com,1,content_hash_repeated_record,
CompPhish,https://bit.ly/4cQseFW,bit.ly,1,content_hash_repeated_record,
CompPhish,https://esafeta.me/post,esafeta.me,1,content_hash_repeated_record,
CompPhish,https://telcelapp.cn/mx,telcelapp.cn,1,content_hash_repeated_record,
CompPhish,https://lywcsm.com/Serve/,lywcsm.com,1,content_hash_repeated_record,
CompPhish,https://gugewl.com/Serve/,gugewl.com,1,content_hash_repeated_record,
CompPhish,https://nzhxjc.com/Serve/,nzhxjc.com,1,content_hash_repeated_record,
CompPhish,https://jtxeress.top/my,jtxeress.top,1,content_hash_repeated_record,
CompPhish,https://dgte.cc/sp,dgte.cc,1,content_hash_repeated_record,
CompPhish,https://cstare.com/Serve/,cstare.com,1,content_hash_repeated_record,
CompPhish,https://hnbddq.com/Serve/,hnbddq.com,1,content_hash_repeated_record,
CompPhish,https://nbkbqp.com/Serve/,nbkbqp.com,1,content_hash_repeated_record,
CompPhish,https://bjcia.com/Serve/,bjcia.com,1,content_hash_repeated_record,
CompPhish,https://rqdlbx.com/Serve/,rqdlbx.com,1,content_hash_repeated_record,
CompPhish,https://cnmhsl.com/Serve/,cnmhsl.com,1,content_hash_repeated_record,
CompPhish,https://dgtq.cc/sp,dgtq.cc,1,content_hash_repeated_record,
CompPhish,https://cutt.ly/yeEqsphQ,cutt.ly,1,content_hash_repeated_record,
CompPhish,https://cutt.ly/geWXp2El,cutt.ly,1,content_hash_repeated_record,
CompPhish,https://cutt.ly/deWZfGnM,cutt.ly,1,content_hash_repeated_record,
CompPhish,https://cutt.ly/aepQLAIl,cutt.ly,1,content_hash_repeated_record,
CompPhish,https://cutt.ly/ZepQ0kHK,cutt.ly,1,content_hash_repeated_record,
CompPhish,https://cutt.ly/QeWXNbKW,cutt.ly,1,content_hash_repeated_record,
CompPhish,https://cutt.ly/LeWXhG3k,cutt.ly,1,content_hash_repeated_record,
CompPhish,https://cutt.ly/IeWZrMuq,cutt.ly,1,content_hash_repeated_record,
CompPhish,https://cutt.ly/CeW65Uql,cutt.ly,1,content_hash_repeated_record,
CompPhish,https://cutt.ly/AeWXMyW1,cutt.ly,1,content_hash_repeated_record,
CompPhish,https://cutt.ly/0eWVz6pR,cutt.ly,1,content_hash_repeated_record,
CompPhish,https://usq.pavagun.top/,pavagun.top,1,content_hash_repeated_record,
CompPhish,https://usf.racqqkg.shop/,racqqkg.shop,1,content_hash_repeated_record,
CompPhish,https://usr.gmokcng.xyz/,gmokcng.xyz,1,content_hash_repeated_record,
CompPhish,https://uszi.pzmowclu.top/,pzmowclu.top,1,content_hash_repeated_record,
CompPhish,https://ushu.rzuszpmw.top/,rzuszpmw.top,1,content_hash_repeated_record,
CompPhish,https://usi.mqhmpye.shop/,mqhmpye.shop,1,content_hash_repeated_record,
CompPhish,https://usx.fcshjdu.shop/,fcshjdu.shop,1,content_hash_repeated_record,
CompPhish,https://usi.tfdbvlz.xyz/,tfdbvlz.xyz,1,content_hash_repeated_record,
CompPhish,https://l.ead.me/bfNHVh,ead.me,1,content_hash_repeated_record,
CompPhish,https://l.ead.me/bfNGQ6,ead.me,1,content_hash_repeated_record,
CompPhish,https://l.ead.me/bfNGQ4,ead.me,1,content_hash_repeated_record,
CompPhish,https://l.ead.me/bfNGPq,ead.me,1,content_hash_repeated_record,
CompPhish,https://l.ead.me/bfNGPb,ead.me,1,content_hash_repeated_record,
CompPhish,https://l.ead.me/bfNC3g,ead.me,1,content_hash_repeated_record,
CompPhish,https://l.ead.me/bfN9SS,ead.me,1,content_hash_repeated_record,
CompPhish,https://l.ead.me/bfN82G,ead.me,1,content_hash_repeated_record,
CompPhish,https://l.ead.me/bfNGXY,ead.me,1,content_hash_repeated_record,
CompPhish,https://l.ead.me/bfNAnB,ead.me,1,content_hash_repeated_record,
CompPhish,https://l.ead.me/bfN8Hm,ead.me,1,content_hash_repeated_record,
CompPhish,https://l.ead.me/bfN9yT,ead.me,1,content_hash_repeated_record,
CompPhish,https://qrco.de/bfNHVh,qrco.de,1,content_hash_repeated_record,
CompPhish,https://qrco.de/bfNGQ6,qrco.de,1,content_hash_repeated_record,
CompPhish,https://qrco.de/bfNGQ4,qrco.de,1,content_hash_repeated_record,
CompPhish,https://qrco.de/bfNGPq,qrco.de,1,content_hash_repeated_record,
CompPhish,https://qrco.de/bfNGPb,qrco.de,1,content_hash_repeated_record,
CompPhish,https://qrco.de/bfNBRQ,qrco.de,1,content_hash_repeated_record,
CompPhish,https://q-r.to/bfNHVh,q-r.to,1,content_hash_repeated_record,
CompPhish,https://q-r.to/bfNGQ6,q-r.to,1,content_hash_repeated_record,
CompPhish,https://q-r.to/bfNGQ4,q-r.to,1,content_hash_repeated_record,
CompPhish,https://q-r.to/bfNGPq,q-r.to,1,content_hash_repeated_record,
CompPhish,https://q-r.to/bfNGPb,q-r.to,1,content_hash_repeated_record,
CompPhish,https://q-r.to/bfNBRQ,q-r.to,1,content_hash_repeated_record,
CompPhish,https://q-r.to/bfN9SS,q-r.to,1,content_hash_repeated_record,
CompPhish,https://q-r.to/bfN82G,q-r.to,1,content_hash_repeated_record,
CompPhish,https://q-r.to/bfN6tC,q-r.to,1,content_hash_repeated_record,
CompPhish,https://q-r.to/bfN9Mv,q-r.to,1,content_hash_repeated_record,
CompPhish,https://q-r.to/aHR0cHM6Ly9tYWlsLnlhaG9vLmNvb,q-r.to,1,content_hash_repeated_record,
CompPhish,https://qrco.de/bfNAnE,qrco.de,1,content_hash_repeated_record,
CompPhish,https://qrco.de/bfNAnB?ts=1,qrco.de,1,content_hash_repeated_record,
CompPhish,https://q-r.to/bfNAnE,q-r.to,1,content_hash_repeated_record,
CompPhish,https://q-r.to/bfNAnB,q-r.to,1,content_hash_repeated_record,
CompPhish,https://coinbase-verification167.crabdance.com/?signin2,crabdance.com,1,content_hash_repeated_record,
CompPhish,https://qrco.de/bfNBUo,qrco.de,1,content_hash_repeated_record,
CompPhish,https://qrco.de/bfN9nf,qrco.de,1,content_hash_repeated_record,
CompPhish,https://q-r.to/bfNIUb,q-r.to,1,content_hash_repeated_record,
CompPhish,https://q-r.to/bfNBUo,q-r.to,1,content_hash_repeated_record,
CompPhish,https://q-r.to/bfN8Hm,q-r.to,1,content_hash_repeated_record,
CompPhish,https://q-r.to/bfN7Jc,q-r.to,1,content_hash_repeated_record,
CompPhish,https://pogsthe.top/i,pogsthe.top,1,content_hash_repeated_record,
CompPhish,https://poeist.top/i,poeist.top,1,content_hash_repeated_record,
CompPhish,https://poeiot.top/i,poeiot.top,1,content_hash_repeated_record,
CompPhish,https://pkeiot.top/i,pkeiot.top,1,content_hash_repeated_record,
CompPhish,https://evrrie.shop/i,evrrie.shop,1,content_hash_repeated_record,
CompPhish,https://evriparcel.uk.zixishism.top/UK,zixishism.top,1,content_hash_repeated_record,
CompPhish,https://dgtq.cc/sp/,dgtq.cc,1,content_hash_repeated_record,
CompPhish,https://pub-fa3e8190bebb491ea8dab410632533a6.r2.dev/index.html,pub-fa3e8190bebb491ea8dab410632533a6.r2.dev,1,content_hash_repeated_record,
CompPhish,https://91.92.255.208/,91.92.255.208,1,content_hash_repeated_record,
CompPhish,https://91.92.249.143/,91.92.249.143,1,content_hash_repeated_record,
CompPhish,https://154.90.60.107/,154.90.60.107,1,content_hash_repeated_record,
CompPhish,https://bridge-en--docs-trez.gitbook.io/us,gitbook.io,1,content_hash_repeated_record,
CompPhish,https://cwoinbaseexctnsn.webflow.io/,cwoinbaseexctnsn.webflow.io,1,content_hash_repeated_record,
CompPhish,https://acesorcpaquiahora.shop/login,acesorcpaquiahora.shop,1,content_hash_repeated_record,
CompPhish,https://sso.passport.yandex.ru/push?uuid=01b7d51e-a329-488e-a98e-00464a7f33a4&retpath=https%3A%2F%2Fdzen.ru%2F%3Fis_autologin_ya%3Dtrue,yandex.ru,0,content_hash_repeated_record,
CompPhish,https://msu.edu/,msu.edu,0,content_hash_repeated_record,
CompPhish,https://www.walmart.com/blocked?url=Lw==&uuid=b0af2ac8-ec8a-11ef-9805-3ae35b1928a3&vid=&g=b,walmart.com,0,content_hash_repeated_record,
CompPhish,https://www.skyscanner.co.in/sttc/px/captcha-v2/index.html?url=Lz8=&uuid=5e5b430a-ec8c-11ef-b4ae-f9e9acd1bef6&vid=,skyscanner.co.in,0,content_hash_repeated_record,
CompPhish,https://www.twinkl.co.in/,twinkl.co.in,0,content_hash_repeated_record,
CompPhish,http://cg.nic.in/,cg.nic.in,0,content_hash_repeated_record,
CompPhish,https://sso.passport.yandex.ru/push?uuid=ad84eca4-0ce2-4e6d-b9f9-2059a6898c32&retpath=https%3A%2F%2Fdzen.ru%2F%3Fyredirect%3Dtrue%26is_autologin_ya%3Dtrue,yandex.ru,0,content_hash_repeated_record,
CompPhish,http://msofficesharedfiles.com/,msofficesharedfiles.com,1,content_hash_repeated_record,
CompPhish,http://case-id-1000228286523.counselschambers.co.uk/,counselschambers.co.uk,1,content_hash_repeated_record,
CompPhish,http://case-id-1000228293447.counselschambers.co.uk/,counselschambers.co.uk,1,content_hash_repeated_record,
CompPhish,https://dioesz3l.vercel.app/dkmlc.gth/,dioesz3l.vercel.app,1,content_hash_repeated_record,
CompPhish,https://reissaffunappau-4941-git-main-wesleylewis3177s-projects.vercel.app/zdp.xyjbm/,reissaffunappau-4941-git-main-wesleylewis3177s-projects.vercel.app,1,content_hash_repeated_record,
CompPhish,https://cunneuzetebra-9825.vercel.app/gkin.ptet,cunneuzetebra-9825.vercel.app,1,content_hash_repeated_record,
CompPhish,http://loernwwr.qqmasonry.com/,qqmasonry.com,1,content_hash_repeated_record,
CompPhish,https://coba-sicherheitsinfo.com/,coba-sicherheitsinfo.com,1,content_hash_repeated_record,
CompPhish,https://jfoaer.qqmasonry.com/home/index.html?token=eyJhbGciOiJSUzI1NiIsImtpZCI6IjExQjhCRDQ5QzZDRTlDMTg5OTVEM0YzOEE4MDI2ODk2MDM1NTdBNUIiLCJ4NXQiOiJFYmk5U2NiT25CaVpYVDg0cUFKb2xnTlZlbHMiLCJ0eXAiOiJKV1QifQ.eyJzdWIiOiJjb3J5Y2hhc2UwOTJAZ21haWwuY29tIiwiYWlkIjoiQ,qqmasonry.com,1,content_hash_repeated_record,
CompPhish,http://tssgdavqia.duckdns.org/en/main,tssgdavqia.duckdns.org,1,content_hash_repeated_record,
CompPhish,https://laorjwr.qqmasonry.com/home/index.html?token=eyJhbGciOiJSUzI1NiIsImtpZCI6IjExQjhCRDQ5QzZDRTlDMTg5OTVEM0YzOEE4MDI2ODk2MDM1NTdBNUIiLCJ4NXQiOiJFYmk5U2NiT25CaVpYVDg0cUFKb2xnTlZlbHMiLCJ0eXAiOiJKV1QifQ.eyJzdWIiOiJjb3J5Y2hhc2UwOTJAZ21haWwuY29tIiwiYWlkIjoi,qqmasonry.com,1,content_hash_repeated_record,
CompPhish,https://alrwrrjwr.qqmasonry.com/home/index.html?token=eyJhbGciOiJSUzI1NiIsImtpZCI6IjExQjhCRDQ5QzZDRTlDMTg5OTVEM0YzOEE4MDI2ODk2MDM1NTdBNUIiLCJ4NXQiOiJFYmk5U2NiT25CaVpYVDg0cUFKb2xnTlZlbHMiLCJ0eXAiOiJKV1QifQ.eyJzdWIiOiJjb3J5Y2hhc2UwOTJAZ21haWwuY29tIiwiYWlkIj,qqmasonry.com,1,content_hash_repeated_record,
CompPhish,https://securecontenttoolbrandengage.vercel.app/get_help,securecontenttoolbrandengage.vercel.app,1,content_hash_repeated_record,
CompPhish,https://cuanduo.com/,cuanduo.com,1,content_hash_repeated_record,
CompPhish,https://pub-64c50f4a8f394c30b74ed1ac01710af3.r2.dev/index.html,pub-64c50f4a8f394c30b74ed1ac01710af3.r2.dev,1,content_hash_repeated_record,
CompPhish,https://pub-d78d258221a7412bbc48a9c97df34773.r2.dev/index.html,pub-d78d258221a7412bbc48a9c97df34773.r2.dev,1,content_hash_repeated_record,
CompPhish,https://saupruzezemma-7132.vercel.app/matixx.html/,saupruzezemma-7132.vercel.app,1,content_hash_repeated_record,
CompPhish,https://saupruzezemma-7132.vercel.app/gkin.ptet,saupruzezemma-7132.vercel.app,1,content_hash_repeated_record,
CompPhish,https://stopinfringementmarketbeat.vercel.app/3ae&25&93cf6=5a&1eGK9d0xe13da4b=D400e.html,stopinfringementmarketbeat.vercel.app,1,content_hash_repeated_record,
CompPhish,https://digitalprotectionadstrategize.vercel.app/3ae&25&93cf6=5a&1eGK9d0xe13da4b=D400e,digitalprotectionadstrategize.vercel.app,1,content_hash_repeated_record,
CompPhish,https://zaganequabeu-5224-git-main-nicholascarter8467gs-projects.vercel.app/ifu.kgnxe,zaganequabeu-5224-git-main-nicholascarter8467gs-projects.vercel.app,1,content_hash_repeated_record,
CompPhish,https://accountprotectiondigitalpros.vercel.app/get_help/,accountprotectiondigitalpros.vercel.app,1,content_hash_repeated_record,
CompPhish,https://usernoticebrandlaunch-sable.vercel.app/3ae&25&93cf6=5a&1eGK9d0xe13da4b=D400e,usernoticebrandlaunch-sable.vercel.app,1,content_hash_repeated_record,
CompPhish,https://secureuserbrandboostmedia.vercel.app/get_help/,secureuserbrandboostmedia.vercel.app,1,content_hash_repeated_record,
CompPhish,https://userprotectionadmasters.vercel.app/get_help/,userprotectionadmasters.vercel.app,1,content_hash_repeated_record,
CompPhish,https://infringeralertmediafuse.vercel.app/get_help/,infringeralertmediafuse.vercel.app,1,content_hash_repeated_record,
CompPhish,https://pub-1fceb155743745458cfafc4c80d12cb4.r2.dev/index.html,pub-1fceb155743745458cfafc4c80d12cb4.r2.dev,1,content_hash_repeated_record,
CompPhish,https://divyanth-penki.github.io/Netfli/,divyanth-penki.github.io,1,content_hash_repeated_record,
CompPhish,https://pmaikbrc.vercel.app/mial.tuf,pmaikbrc.vercel.app,1,content_hash_repeated_record,
CompPhish,https://tukarrpointss-danaa4.cs-resmiii3.xyz/,cs-resmiii3.xyz,1,content_hash_repeated_record,
CompPhish,https://dat2-lac.vercel.app/hgui.cuk,dat2-lac.vercel.app,1,content_hash_repeated_record,
CompPhish,https://aktifkaan-paylateersxx4.iid-resmii.net/,iid-resmii.net,1,content_hash_repeated_record,
CompPhish,https://send-newsletter-offer-noresponse.vercel.app/,send-newsletter-offer-noresponse.vercel.app,1,content_hash_repeated_record,
CompPhish,https://cleanviewlawn.com/plans.html,cleanviewlawn.com,1,content_hash_repeated_record,
CompPhish,https://pub-d8ee52f2e86b49caba542c9fc5533130.r2.dev/fkjhgfdsa.html,pub-d8ee52f2e86b49caba542c9fc5533130.r2.dev,1,content_hash_repeated_record,
CompPhish,https://pub-20cfdc3c226149f1ad785b63a8a97ca6.r2.dev/khgfdsx.html,pub-20cfdc3c226149f1ad785b63a8a97ca6.r2.dev,1,content_hash_repeated_record,
CompPhish,https://pub-ce8fc030252b4632959515dffef1b750.r2.dev/zxcbv.html,pub-ce8fc030252b4632959515dffef1b750.r2.dev,1,content_hash_repeated_record,
CompPhish,https://pub-6f594b43277e4071a0c14266387a1ea8.r2.dev/fdsaghjk.html,pub-6f594b43277e4071a0c14266387a1ea8.r2.dev,1,content_hash_repeated_record,
CompPhish,https://protecttrendmarketer.vercel.app/get_help,protecttrendmarketer.vercel.app,1,content_hash_repeated_record,
CompPhish,https://dana-id1.official-resmi.top/,official-resmi.top,1,content_hash_repeated_record,
CompPhish,https://mofreluheilu-3290.vercel.app/yqc.imlwu,mofreluheilu-3290.vercel.app,1,content_hash_repeated_record,
CompPhish,https://privacyprotectionmediaedge.vercel.app/get_help/,privacyprotectionmediaedge.vercel.app,1,content_hash_repeated_record,
CompPhish,https://kobrobafrecre-9556.vercel.app/vlpi.crap,kobrobafrecre-9556.vercel.app,1,content_hash_repeated_record,
CompPhish,https://securecontenttoolbrandengage.vercel.app/3ae&25&93cf6=5a&1eGK9d0xe13da4b=D400e,securecontenttoolbrandengage.vercel.app,1,content_hash_repeated_record,
CompPhish,https://accountreviewinfluencerzone.vercel.app/3ae&25&93cf6=5a&1eGK9d0xe13da4b=D400e,accountreviewinfluencerzone.vercel.app,1,content_hash_repeated_record,
CompPhish,https://cicouvaujeumi-3659-git-main-khfuds-projects-751ff3ff.vercel.app/nxm.kcjow,cicouvaujeumi-3659-git-main-khfuds-projects-751ff3ff.vercel.app,1,content_hash_repeated_record,
CompPhish,https://illegalusealertbrandmasters.vercel.app/get_help,illegalusealertbrandmasters.vercel.app,1,content_hash_repeated_record,
CompPhish,https://reportcontentinfluencerx.vercel.app/get_help,reportcontentinfluencerx.vercel.app,1,content_hash_repeated_record,
CompPhish,https://netflix-clone-rose-omega.vercel.app/,netflix-clone-rose-omega.vercel.app,1,content_hash_repeated_record,
CompPhish,https://termsenforcementactionmarketmastery.vercel.app/get_help/,termsenforcementactionmarketmastery.vercel.app,1,content_hash_repeated_record,
CompPhish,https://reissaffunappau-4941-git-main-wesleylewis3177s-projects.vercel.app/zdp.xyjbm,reissaffunappau-4941-git-main-wesleylewis3177s-projects.vercel.app,1,content_hash_repeated_record,
CompPhish,https://dioesz3l.vercel.app/dkmlc.gth,dioesz3l.vercel.app,1,content_hash_repeated_record,
CompPhish,https://takedowngrowthwave.vercel.app/get_help,takedowngrowthwave.vercel.app,1,content_hash_repeated_record,
CompPhish,https://pub-3ea1fac02e8243e2b20226b9aa87b6aa.r2.dev/posindex.html,pub-3ea1fac02e8243e2b20226b9aa87b6aa.r2.dev,1,content_hash_repeated_record,
CompPhish,https://pub-9880fe7fbe1b436dbaeb3e64d840c593.r2.dev/juhmindex.html,pub-9880fe7fbe1b436dbaeb3e64d840c593.r2.dev,1,content_hash_repeated_record,
CompPhish,https://pub-558a145eebfd42c9aae67d0c17529214.r2.dev/oyyenindex.html,pub-558a145eebfd42c9aae67d0c17529214.r2.dev,1,content_hash_repeated_record,
CompPhish,https://pub-dd223b9733bf41aa8018f1acb645c811.r2.dev/zusdindex.html,pub-dd223b9733bf41aa8018f1acb645c811.r2.dev,1,content_hash_repeated_record,
CompPhish,https://pub-916130aa2ddb449290d9ae9ad31c02be.r2.dev/oklouindex.html,pub-916130aa2ddb449290d9ae9ad31c02be.r2.dev,1,content_hash_repeated_record,
CompPhish,https://pub-578040898e97448fab462cfa3f671292.r2.dev/gytdindex.html,pub-578040898e97448fab462cfa3f671292.r2.dev,1,content_hash_repeated_record,
CompPhish,https://pub-80a418f750d74f20ae07779844127e33.r2.dev/lil.html,pub-80a418f750d74f20ae07779844127e33.r2.dev,1,content_hash_repeated_record,
CompPhish,https://pub-1cde9c3ed013443ba04ecdf1f32d496c.r2.dev/index.html,pub-1cde9c3ed013443ba04ecdf1f32d496c.r2.dev,1,content_hash_repeated_record,
CompPhish,https://pub-82f4e9862bc4496c82d53a6792053fed.r2.dev/index.html,pub-82f4e9862bc4496c82d53a6792053fed.r2.dev,1,content_hash_repeated_record,
CompPhish,https://pub-1592c2be7661400ba6f15b95e70c0068.r2.dev/nmkjgdsw.html,pub-1592c2be7661400ba6f15b95e70c0068.r2.dev,1,content_hash_repeated_record,
CompPhish,https://pub-1e540a71188c4edd9c60fb8b9958c5cb.r2.dev/index.html,pub-1e540a71188c4edd9c60fb8b9958c5cb.r2.dev,1,content_hash_repeated_record,
CompPhish,https://pub-35312b95baf4482f8dd1d6c35e6943a1.r2.dev/mnbvasd.html,pub-35312b95baf4482f8dd1d6c35e6943a1.r2.dev,1,content_hash_repeated_record,
CompPhish,https://pub-88110a7c6ee844cfb279105f2947dc52.r2.dev/index.html,pub-88110a7c6ee844cfb279105f2947dc52.r2.dev,1,content_hash_repeated_record,
CompPhish,https://pub-a58832a85ddb4e9abc898a965971118b.r2.dev/index.html,pub-a58832a85ddb4e9abc898a965971118b.r2.dev,1,content_hash_repeated_record,
CompPhish,https://pub-ff5752ccfa0b41cf82911a1040a060a1.r2.dev/index.html,pub-ff5752ccfa0b41cf82911a1040a060a1.r2.dev,1,content_hash_repeated_record,
CompPhish,https://pub-45443e52ea1e42f685b545f66b8b807a.r2.dev/ghujhgfds.html,pub-45443e52ea1e42f685b545f66b8b807a.r2.dev,1,content_hash_repeated_record,
CompPhish,https://pub-b0a15b2b0e5843158192848f3033a925.r2.dev/index.html,pub-b0a15b2b0e5843158192848f3033a925.r2.dev,1,content_hash_repeated_record,
CompPhish,https://pub-6808fc2d4e1b46a784bfa17b251af8f7.r2.dev/index.html,pub-6808fc2d4e1b46a784bfa17b251af8f7.r2.dev,1,content_hash_repeated_record,
CompPhish,https://pub-a6d1b5d294e74ebfa58fae6d4ec861ef.r2.dev/index.html,pub-a6d1b5d294e74ebfa58fae6d4ec861ef.r2.dev,1,content_hash_repeated_record,
CompPhish,https://pub-132755649dce44fe95257f08abf4c1b6.r2.dev/index.html,pub-132755649dce44fe95257f08abf4c1b6.r2.dev,1,content_hash_repeated_record,
CompPhish,https://pub-cfba3e7d81b847b69459eff833c37fd5.r2.dev/index.html,pub-cfba3e7d81b847b69459eff833c37fd5.r2.dev,1,content_hash_repeated_record,
CompPhish,https://pub-d22ca59fb64d43fbaeb6953708dce034.r2.dev/index.html,pub-d22ca59fb64d43fbaeb6953708dce034.r2.dev,1,content_hash_repeated_record,
CompPhish,https://pub-0d97061b3a3f4f73a39c246f5b9b9700.r2.dev/index.html,pub-0d97061b3a3f4f73a39c246f5b9b9700.r2.dev,1,content_hash_repeated_record,
CompPhish,https://pub-40cb77b4a6d84294bfa2db6a96f70ff7.r2.dev/index.html,pub-40cb77b4a6d84294bfa2db6a96f70ff7.r2.dev,1,content_hash_repeated_record,
CompPhish,https://pub-6221f7664d6648718fc08de782664dd2.r2.dev/index.html,pub-6221f7664d6648718fc08de782664dd2.r2.dev,1,content_hash_repeated_record,
CompPhish,https://pub-a46d07defbb247079df26e9d34a2e8d7.r2.dev/index.html,pub-a46d07defbb247079df26e9d34a2e8d7.r2.dev,1,content_hash_repeated_record,
CompPhish,https://pub-c59cf4e950b142949df8861e60b3689d.r2.dev/index.html,pub-c59cf4e950b142949df8861e60b3689d.r2.dev,1,content_hash_repeated_record,
CompPhish,https://rixyzea.icu/lander/sber/,rixyzea.icu,1,content_hash_repeated_record,
CompPhish,https://pub-076885f8813e48689c25cb9d58fb3491.r2.dev/index.html,pub-076885f8813e48689c25cb9d58fb3491.r2.dev,1,content_hash_repeated_record,
CompPhish,https://policy-violation-10029463.victoriakent.co.uk/,victoriakent.co.uk,1,content_hash_repeated_record,
CompPhish,https://pub-4d0f6fcf67c84d5f9c4c2f4482f841b5.r2.dev/zani.html,pub-4d0f6fcf67c84d5f9c4c2f4482f841b5.r2.dev,1,content_hash_repeated_record,
CompPhish,https://telifhakkibildirimlerim.com/form/login.php,telifhakkibildirimlerim.com,1,content_hash_repeated_record,
CompPhish,https://pub-33fc44ce91fa4584a26302790cccfa9d.r2.dev/index.html,pub-33fc44ce91fa4584a26302790cccfa9d.r2.dev,1,content_hash_repeated_record,
CompPhish,https://appealnoticesocialpros.vercel.app/get_help,appealnoticesocialpros.vercel.app,1,content_hash_repeated_record,
CompPhish,http://afjheiutoier.top/aple,afjheiutoier.top,1,content_hash_repeated_record,
CompPhish,https://usps.com-cont.xin/us/,com-cont.xin,1,content_hash_repeated_record,
CompPhish,https://appealnoticeadmatrix.vercel.app/get_help,appealnoticeadmatrix.vercel.app,1,content_hash_repeated_record,
CompPhish,http://usrojfvrpt.duckdns.org/en/,usrojfvrpt.duckdns.org,1,content_hash_repeated_record,
CompPhish,https://preitoiffiwouxu-46441.vercel.app/eqcd.ndmf,preitoiffiwouxu-46441.vercel.app,1,content_hash_repeated_record,
CompPhish,https://dungeapi.live/2/,dungeapi.live,1,content_hash_repeated_record,
CompPhish,https://ss5dsad.vercel.app/intest.html,ss5dsad.vercel.app,1,content_hash_repeated_record,
CompPhish,https://h4-blush.vercel.app/intest.html,h4-blush.vercel.app,1,content_hash_repeated_record,
CompPhish,https://g5-omega.vercel.app/intest.html/,g5-omega.vercel.app,1,content_hash_repeated_record,
CompPhish,https://ss5dddddd.vercel.app/intest.html,ss5dddddd.vercel.app,1,content_hash_repeated_record,
CompPhish,https://fgg3.vercel.app/intest.html,fgg3.vercel.app,1,content_hash_repeated_record,
CompPhish,https://g8-gamma.vercel.app/intest.html,g8-gamma.vercel.app,1,content_hash_repeated_record,
CompPhish,https://g5-omega.vercel.app/intest.html,g5-omega.vercel.app,1,content_hash_repeated_record,
CompPhish,https://c6-indol.vercel.app/intest.html,c6-indol.vercel.app,1,content_hash_repeated_record,
CompPhish,https://ae-nine.vercel.app/intest.html,ae-nine.vercel.app,1,content_hash_repeated_record,
CompPhish,https://b2-sage.vercel.app/intest.html,b2-sage.vercel.app,1,content_hash_repeated_record,
CompPhish,https://add-lac.vercel.app/intest.html/,add-lac.vercel.app,1,content_hash_repeated_record,
CompPhish,https://add-lac.vercel.app/intest.html,add-lac.vercel.app,1,content_hash_repeated_record,
CompPhish,https://cc-ashen-one.vercel.app/intest.html,cc-ashen-one.vercel.app,1,content_hash_repeated_record,
CompPhish,https://c4-ashen.vercel.app/intest.html,c4-ashen.vercel.app,1,content_hash_repeated_record,
CompPhish,https://aa-three-azure.vercel.app/intest.html,aa-three-azure.vercel.app,1,content_hash_repeated_record,
CompPhish,https://a4-black.vercel.app/intest.html,a4-black.vercel.app,1,content_hash_repeated_record,
CompPhish,https://1211rew.vercel.app/intest.html,1211rew.vercel.app,1,content_hash_repeated_record,
CompPhish,https://1211-32zk.vercel.app/intest.html,1211-32zk.vercel.app,1,content_hash_repeated_record,
CompPhish,https://1211rewgfw.vercel.app/intest.html,1211rewgfw.vercel.app,1,content_hash_repeated_record,
CompPhish,https://1211czcz.vercel.app/intest.html,1211czcz.vercel.app,1,content_hash_repeated_record,
CompPhish,https://1211-nu.vercel.app/intest.html,1211-nu.vercel.app,1,content_hash_repeated_record,
CompPhish,https://1211-bley.vercel.app/intest.html/,1211-bley.vercel.app,1,content_hash_repeated_record,
CompPhish,https://1211-ten.vercel.app/intest.html,1211-ten.vercel.app,1,content_hash_repeated_record,
CompPhish,https://121143ea.vercel.app/intest.html,121143ea.vercel.app,1,content_hash_repeated_record,
CompPhish,https://1211-eg36.vercel.app/intest.html/,1211-eg36.vercel.app,1,content_hash_repeated_record,
CompPhish,https://1211re.vercel.app/intest.html,1211re.vercel.app,1,content_hash_repeated_record,
CompPhish,https://1211-xoo9.vercel.app/intest.html/,1211-xoo9.vercel.app,1,content_hash_repeated_record,
CompPhish,https://1211-yj42.vercel.app/intest.html/,1211-yj42.vercel.app,1,content_hash_repeated_record,
CompPhish,https://1211-yp86.vercel.app/intest.html/,1211-yp86.vercel.app,1,content_hash_repeated_record,
CompPhish,https://1211-yp86.vercel.app/intest.html,1211-yp86.vercel.app,1,content_hash_repeated_record,
CompPhish,https://1211-eg36.vercel.app/intest.html,1211-eg36.vercel.app,1,content_hash_repeated_record,
CompPhish,https://1211-bley.vercel.app/intest.html,1211-bley.vercel.app,1,content_hash_repeated_record,
CompPhish,https://1211-nu.vercel.app/intest.html/,1211-nu.vercel.app,1,content_hash_repeated_record,
CompPhish,https://1211-yj42.vercel.app/intest.html,1211-yj42.vercel.app,1,content_hash_repeated_record,
CompPhish,http://chaitanya2115.github.io/Amazon_Clone,chaitanya2115.github.io,1,content_hash_repeated_record,
CompPhish,http://nurulaminmos.rdmn.biz.id/,rdmn.biz.id,1,content_hash_repeated_record,
CompPhish,http://rezekiramadhan.refzx.live/,refzx.live,1,content_hash_repeated_record,
CompPhish,http://gebiyarkpn.info-dft.my.id/,info-dft.my.id,1,content_hash_repeated_record,
CompPhish,http://ctkxkup0n.weibsite.my.id/,weibsite.my.id,1,content_hash_repeated_record,
CompPhish,http://cekkuponni.info-dft.my.id/,info-dft.my.id,1,content_hash_repeated_record,
CompPhish,http://bbhadiaa.info-dft.my.id/,info-dft.my.id,1,content_hash_repeated_record,
CompPhish,https://ticket2702gqtgticketg1a7pbvzurdxvb2szxk-a12xvcp.vercel.app/idsp/10007512786895.html/,ticket2702gqtgticketg1a7pbvzurdxvb2szxk-a12xvcp.vercel.app,1,content_hash_repeated_record,
CompPhish,https://wuqdqgbeaaygweysqmygaqydwgaeeuyoridarix8axiabdinca.vercel.app/idsp/10007512780106.html/,wuqdqgbeaaygweysqmygaqydwgaeeuyoridarix8axiabdinca.vercel.app,1,content_hash_repeated_record,
CompPhish,https://ploi.vercel.app/metasp.html,ploi.vercel.app,1,content_hash_repeated_record,
CompPhish,https://pzx1d3is.vercel.app/metasp.html,pzx1d3is.vercel.app,1,content_hash_repeated_record,
CompPhish,https://poncu8qhv.vercel.app/metasp.html,poncu8qhv.vercel.app,1,content_hash_repeated_record,
CompPhish,https://tductlm.vercel.app/metasp.html,tductlm.vercel.app,1,content_hash_repeated_record,
CompPhish,https://tsunaimdg.vercel.app/metasp.html,tsunaimdg.vercel.app,1,content_hash_repeated_record,
CompPhish,https://tlilxr97.vercel.app/metasp.html,tlilxr97.vercel.app,1,content_hash_repeated_record,
CompPhish,https://pikemujn.vercel.app/metasp.html/,pikemujn.vercel.app,1,content_hash_repeated_record,
CompPhish,https://pikemujn.vercel.app/metasp.html,pikemujn.vercel.app,1,content_hash_repeated_record,
CompPhish,https://mhaibraagimbgledgiaegiofmg0ibhaagimbg9ledgiaemgyib.vercel.app/idsp/10007512780106.html/,mhaibraagimbgledgiaegiofmg0ibhaagimbg9ledgiaemgyib.vercel.app,1,content_hash_repeated_record,
CompPhish,https://pikec2ef.vercel.app/metasp.html,pikec2ef.vercel.app,1,content_hash_repeated_record,
CompPhish,https://pcae.vercel.app/metasp.html,pcae.vercel.app,1,content_hash_repeated_record,
CompPhish,https://mhaibraagimbgledgiaegiofmg0ibhaagimb2gledgiaemgyib.vercel.app/idsp/10007512780106.html/,mhaibraagimbgledgiaegiofmg0ibhaagimb2gledgiaemgyib.vercel.app,1,content_hash_repeated_record,
CompPhish,https://pcae.vercel.app/metasp.html/,pcae.vercel.app,1,content_hash_repeated_record,
CompPhish,https://pike36av.vercel.app/metasp.html,pike36av.vercel.app,1,content_hash_repeated_record,
CompPhish,https://paccollz.vercel.app/metasp.html/,paccollz.vercel.app,1,content_hash_repeated_record,
CompPhish,https://paccollz.vercel.app/metasp.html,paccollz.vercel.app,1,content_hash_repeated_record,
CompPhish,https://ngocnth-9whi.vercel.app/metasp.html,ngocnth-9whi.vercel.app,1,content_hash_repeated_record,
CompPhish,https://mquynh-zt1f.vercel.app/metasp.html,mquynh-zt1f.vercel.app,1,content_hash_repeated_record,
CompPhish,https://mquynh-zpte.vercel.app/metasp.html,mquynh-zpte.vercel.app,1,content_hash_repeated_record,
CompPhish,https://neinektoichoi-ht4m.vercel.app/metasupportcenter.html,neinektoichoi-ht4m.vercel.app,1,content_hash_repeated_record,
CompPhish,https://lliain49.vercel.app/metasp.html/,lliain49.vercel.app,1,content_hash_repeated_record,
CompPhish,https://lotoivlt.vercel.app/metasp.html,lotoivlt.vercel.app,1,content_hash_repeated_record,
CompPhish,https://lua-five.vercel.app/metasp.html,lua-five.vercel.app,1,content_hash_repeated_record,
CompPhish,https://linnm.vercel.app/user_id.html/,linnm.vercel.app,1,content_hash_repeated_record,
CompPhish,https://lpotie1jd.vercel.app/metasp.html,lpotie1jd.vercel.app,1,content_hash_repeated_record,
CompPhish,https://linnm-611d.vercel.app/user_id.html/,linnm-611d.vercel.app,1,content_hash_repeated_record,
CompPhish,https://lliain49.vercel.app/metasp.html,lliain49.vercel.app,1,content_hash_repeated_record,
CompPhish,https://lin3-alpha.vercel.app/metasp.html,lin3-alpha.vercel.app,1,content_hash_repeated_record,
CompPhish,https://limasy4h.vercel.app/metasp.html,limasy4h.vercel.app,1,content_hash_repeated_record,
CompPhish,https://lin3-alpha.vercel.app/metasp.html/,lin3-alpha.vercel.app,1,content_hash_repeated_record,
CompPhish,https://lin1535f.vercel.app/metasp.html,lin1535f.vercel.app,1,content_hash_repeated_record,
CompPhish,https://limasy4h.vercel.app/metasp.html/,limasy4h.vercel.app,1,content_hash_repeated_record,
CompPhish,https://limamasv.vercel.app/metasp.html,limamasv.vercel.app,1,content_hash_repeated_record,
CompPhish,https://lin3hcaw.vercel.app/metasp.html,lin3hcaw.vercel.app,1,content_hash_repeated_record,
CompPhish,https://lalel9g5.vercel.app/metasp.html/,lalel9g5.vercel.app,1,content_hash_repeated_record,
CompPhish,https://frammakeuyougi-8310-git-main-lukeramirezxxp45nsms-projects.vercel.app/ruu.html/hwkls.html/,frammakeuyougi-8310-git-main-lukeramirezxxp45nsms-projects.vercel.app,1,content_hash_repeated_record,
CompPhish,https://leteg1m1.vercel.app/metasp.html,leteg1m1.vercel.app,1,content_hash_repeated_record,
CompPhish,https://liily981.vercel.app/metasp.html,liily981.vercel.app,1,content_hash_repeated_record,
CompPhish,https://hmtus6-t1b9.vercel.app/metasp.html/,hmtus6-t1b9.vercel.app,1,content_hash_repeated_record,
CompPhish,https://lima8ru4.vercel.app/metasp.html,lima8ru4.vercel.app,1,content_hash_repeated_record,
CompPhish,https://lana8wpk.vercel.app/metasp.html,lana8wpk.vercel.app,1,content_hash_repeated_record,
CompPhish,https://lanadoad.vercel.app/metasp.html,lanadoad.vercel.app,1,content_hash_repeated_record,
CompPhish,https://lalel9g5.vercel.app/metasp.html,lalel9g5.vercel.app,1,content_hash_repeated_record,
CompPhish,https://leteg1m1.vercel.app/metasp.html/,leteg1m1.vercel.app,1,content_hash_repeated_record,
CompPhish,https://hmtus6-t1b9.vercel.app/metasp.html,hmtus6-t1b9.vercel.app,1,content_hash_repeated_record,
CompPhish,https://hqhnmq1-64zz.vercel.app/metasp.html,hqhnmq1-64zz.vercel.app,1,content_hash_repeated_record,
CompPhish,https://e5-peach.vercel.app/intest.html,e5-peach.vercel.app,1,content_hash_repeated_record,
CompPhish,https://e7-ten.vercel.app/intest.html/,e7-ten.vercel.app,1,content_hash_repeated_record,
CompPhish,https://detmi.vercel.app/metasp.html,detmi.vercel.app,1,content_hash_repeated_record,
CompPhish,https://dioesz3l.vercel.app/metasp.html,dioesz3l.vercel.app,1,content_hash_repeated_record,
CompPhish,https://e4-coral.vercel.app/intest.html/,e4-coral.vercel.app,1,content_hash_repeated_record,
CompPhish,https://doaly8hc.vercel.app/metasp.html,doaly8hc.vercel.app,1,content_hash_repeated_record,
CompPhish,https://doaly8hc.vercel.app/metasp.html/,doaly8hc.vercel.app,1,content_hash_repeated_record,
CompPhish,https://e1-gray-nu.vercel.app/intest.html,e1-gray-nu.vercel.app,1,content_hash_repeated_record,
CompPhish,https://day4-eosin.vercel.app/metasp.html,day4-eosin.vercel.app,1,content_hash_repeated_record,
CompPhish,https://dat2-lac.vercel.app/metasp.html,dat2-lac.vercel.app,1,content_hash_repeated_record,
CompPhish,https://daew.vercel.app/metasp.html/,daew.vercel.app,1,content_hash_repeated_record,
CompPhish,https://dat27s7b.vercel.app/metasp.html,dat27s7b.vercel.app,1,content_hash_repeated_record,
CompPhish,https://dioesz3l.vercel.app/metasp.html/,dioesz3l.vercel.app,1,content_hash_repeated_record,
CompPhish,https://dat3-inky.vercel.app/metasp.html,dat3-inky.vercel.app,1,content_hash_repeated_record,
CompPhish,https://dat2-lac.vercel.app/metasp.html/,dat2-lac.vercel.app,1,content_hash_repeated_record,
CompPhish,https://dat23ac5.vercel.app/metasp.html,dat23ac5.vercel.app,1,content_hash_repeated_record,
CompPhish,https://cycmqprivacy-resources-exle.vercel.app/metasp.html,cycmqprivacy-resources-exle.vercel.app,1,content_hash_repeated_record,
CompPhish,https://cycmqprivacy-resources-mp48.vercel.app/metasp.html,cycmqprivacy-resources-mp48.vercel.app,1,content_hash_repeated_record,
CompPhish,https://crequ1zc.vercel.app/metasp.html,crequ1zc.vercel.app,1,content_hash_repeated_record,
CompPhish,https://creqlfsm.vercel.app/metasp.html,creqlfsm.vercel.app,1,content_hash_repeated_record,
CompPhish,https://daew.vercel.app/metasp.html,daew.vercel.app,1,content_hash_repeated_record,
CompPhish,https://cimod6mc.vercel.app/metasp.html,cimod6mc.vercel.app,1,content_hash_repeated_record,
CompPhish,https://creq9q1c.vercel.app/metasp.html,creq9q1c.vercel.app,1,content_hash_repeated_record,
CompPhish,https://cin1-umber.vercel.app/metasp.html,cin1-umber.vercel.app,1,content_hash_repeated_record,
CompPhish,https://ckilk9s5.vercel.app/metasp.html,ckilk9s5.vercel.app,1,content_hash_repeated_record,
CompPhish,https://creqkws5.vercel.app/metasp.html,creqkws5.vercel.app,1,content_hash_repeated_record,
CompPhish,https://cialfzbg.vercel.app/metasp.html,cialfzbg.vercel.app,1,content_hash_repeated_record,
CompPhish,https://cial4uq2.vercel.app/metasp.html/,cial4uq2.vercel.app,1,content_hash_repeated_record,
CompPhish,https://cial9n5c.vercel.app/metasp.html/,cial9n5c.vercel.app,1,content_hash_repeated_record,
CompPhish,https://5h-hsfgd678esyfuhe7s8fgy9hsgwe4.vercel.app/case/100081295808699.html/,5h-hsfgd678esyfuhe7s8fgy9hsgwe4.vercel.app,1,content_hash_repeated_record,
CompPhish,https://cial9n5c.vercel.app/metasp.html,cial9n5c.vercel.app,1,content_hash_repeated_record,
CompPhish,https://cial3kht.vercel.app/metasp.html/,cial3kht.vercel.app,1,content_hash_repeated_record,
CompPhish,https://ciag4sn.vercel.app/metasp.html,ciag4sn.vercel.app,1,content_hash_repeated_record,
CompPhish,https://6h-ugsdf768eyuihsfbjerfuiergiherihgij.vercel.app/case/100081295808699.html/,6h-ugsdf768eyuihsfbjerfuiergiherihgij.vercel.app,1,content_hash_repeated_record,
CompPhish,https://chali-3ezi.vercel.app/user_id.html,chali-3ezi.vercel.app,1,content_hash_repeated_record,
CompPhish,https://calip2wl.vercel.app/metasp.html/,calip2wl.vercel.app,1,content_hash_repeated_record,
CompPhish,https://chali-9sad.vercel.app/user_id.html,chali-9sad.vercel.app,1,content_hash_repeated_record,
CompPhish,https://cial3kht.vercel.app/metasp.html,cial3kht.vercel.app,1,content_hash_repeated_record,
CompPhish,https://calip2wl.vercel.app/metasp.html,calip2wl.vercel.app,1,content_hash_repeated_record,
CompPhish,https://a7-five.vercel.app/intest.html,a7-five.vercel.app,1,content_hash_repeated_record,
CompPhish,https://a2-rust.vercel.app/intest.html/,a2-rust.vercel.app,1,content_hash_repeated_record,
CompPhish,https://attlqlkktl7-s7do.vercel.app/metasupportcenter.html,attlqlkktl7-s7do.vercel.app,1,content_hash_repeated_record,
CompPhish,https://attlqlkktl7-s7do.vercel.app/metasupportcenter.html/,attlqlkktl7-s7do.vercel.app,1,content_hash_repeated_record,
CompPhish,https://10h-ebhgsyyftygwehbsf78weuygiukhj.vercel.app/case/100081295808699.html/,10h-ebhgsyyftygwehbsf78weuygiukhj.vercel.app,1,content_hash_repeated_record,
CompPhish,https://a1-flax.vercel.app/intest.html,a1-flax.vercel.app,1,content_hash_repeated_record,
CompPhish,https://14h-hyst8yfgw78eysufd7yieuhsgj.vercel.app/case/100081295808699.html/,14h-hyst8yfgw78eysufd7yieuhsgj.vercel.app,1,content_hash_repeated_record,
CompPhish,https://3h-uef78e9rferuiuyo9ewijtfitryiueu.vercel.app/case/100081295808699.html/,3h-uef78e9rferuiuyo9ewijtfitryiueu.vercel.app,1,content_hash_repeated_record,
CompPhish,http://ok.ru/,ok.ru,0,content_hash_repeated_record,
CompPhish,https://www.microsoft.com/en-us/microsoft-365/outlook/email-and-calendar-software-microsoft-outlook?deeplink=%2fowa%2f&sdf=0,microsoft.com,0,content_hash_repeated_record,
CompPhish,http://www.microsoft.com/net,microsoft.com,0,content_hash_repeated_record,
CompPhish,https://www.blogger.com/about/?bpli=1,blogger.com,0,content_hash_repeated_record,
CompPhish,https://www.walmart.com/,walmart.com,0,content_hash_repeated_record,
CompPhish,https://www.trulia.com/captcha?url=Lz8=&uuid=affd65d8-1d2f-11f0-b363-6ee163804142&vid=,trulia.com,0,content_hash_repeated_record,
CompPhish,https://www.bizjournals.com/,bizjournals.com,0,content_hash_repeated_record,
CompPhish,https://www.allmusic.com/,allmusic.com,0,content_hash_repeated_record,
CompPhish,https://www.gtbank.com/,gtbank.com,0,content_hash_repeated_record,
CompPhish,https://www.msu.edu/,msu.edu,0,content_hash_repeated_record,
CompPhish,https://www.nus.edu.sg/,nus.edu.sg,0,content_hash_repeated_record,
CompPhish,https://dx.com/,dx.com,0,content_hash_repeated_record,
CompPhish,https://www.coles.com.au/,coles.com.au,0,content_hash_repeated_record,
CompPhish,https://www.2checkout.com/,2checkout.com,0,content_hash_repeated_record,
CompPhish,http://communitybrandengage.vercel.app/get_help,communitybrandengage.vercel.app,1,content_hash_repeated_record,
CompPhish,http://contentblockseoguru.vercel.app/get_help,contentblockseoguru.vercel.app,1,content_hash_repeated_record,
CompPhish,http://enforcementnoticemarketrally.vercel.app/get_help,enforcementnoticemarketrally.vercel.app,1,content_hash_repeated_record,
CompPhish,http://brandconnecttermsenforcementaction.vercel.app/ttu&g_ep=EgoyMDI1&MDNaNa4wIKXMDSoA.html,brandconnecttermsenforcementaction.vercel.app,1,content_hash_repeated_record,
CompPhish,http://flagcontentbuzzfactor.vercel.app/get_help,flagcontentbuzzfactor.vercel.app,1,content_hash_repeated_record,
CompPhish,http://takeactionrequestsocialmetrics.vercel.app/zL20vMDFjcjI4entry=ttu&g_ep=EgoyMDI1MDM.html,takeactionrequestsocialmetrics.vercel.app,1,content_hash_repeated_record,
CompPhish,http://complaintsystemadstrategists.vercel.app/get_help,complaintsystemadstrategists.vercel.app,1,content_hash_repeated_record,
CompPhish,http://appealnoticeleadmaster.vercel.app/zL20vMDFjcjI4entry=ttu&g_ep=EgoyMDI1MDM.html,appealnoticeleadmaster.vercel.app,1,content_hash_repeated_record,
CompPhish,http://copyrightclaimactiondigitalfluent.vercel.app/3a36efff&cf6=5a&1eG=K9dHF3da4b=D400e.html,copyrightclaimactiondigitalfluent.vercel.app,1,content_hash_repeated_record,
CompPhish,https://contentrisepolicybreach.vercel.app/ttu&g_ep=EgoyMDI1&MDNaNa4wIKXMDSoA,contentrisepolicybreach.vercel.app,1,content_hash_repeated_record,
CompPhish,http://policyresponsetrendengine.vercel.app/3ae&25&93cf6=5a&1eGK9d0xe13da4b=D400e.html,policyresponsetrendengine.vercel.app,1,content_hash_repeated_record,
CompPhish,http://impropercontentinfluencerlabs.vercel.app/get_help,impropercontentinfluencerlabs.vercel.app,1,content_hash_repeated_record,
CompPhish,https://influencerboostpagesecurity.vercel.app/decision&copyright,influencerboostpagesecurity.vercel.app,1,content_hash_repeated_record,
CompPhish,https://advaultuserreport.vercel.app/decision&copyright,advaultuserreport.vercel.app,1,content_hash_repeated_record,
CompPhish,http://contentdrivenpagesecurity.vercel.app/ttu&g_ep=EgoyMDI1&MDNaNa4wIKXMDSoA.html,contentdrivenpagesecurity.vercel.app,1,content_hash_repeated_record,
CompPhish,http://infractiontrackeradstrategize-two.vercel.app/3ae&25&93cf6=5a&1eGK9d0xe13da4b=D400e.html,infractiontrackeradstrategize-two.vercel.app,1,content_hash_repeated_record,
CompPhish,http://secureyourpageadfusion.vercel.app/get_help,secureyourpageadfusion.vercel.app,1,content_hash_repeated_record,
CompPhish,http://digitalrightsbuzzxpert.vercel.app/ttu&g_ep=EgoyMDI1MDMyMy4wIKXMDSoA,digitalrightsbuzzxpert.vercel.app,1,content_hash_repeated_record,
CompPhish,http://contentadlab.vercel.app/ttu&g_ep=EgoyMDI1MDMyMy4wIKXMDSoA.html,contentadlab.vercel.app,1,content_hash_repeated_record,
CompPhish,http://contentadlab.vercel.app/ttu&g_ep=EgoyMDI1MDMyMy4wIKXMDSoA,contentadlab.vercel.app,1,content_hash_repeated_record,
CompPhish,https://t0lathorrab1t88-bi7z.vercel.app/meta.sp/,t0lathorrab1t88-bi7z.vercel.app,1,content_hash_repeated_record,
CompPhish,https://tyughejsdf76t87y9s8udfyguhjk-16t-swfhgdm.vercel.app/rbvbtdfg.html/,tyughejsdf76t87y9s8udfyguhjk-16t-swfhgdm.vercel.app,1,content_hash_repeated_record,
CompPhish,https://supportfbads1.vercel.app/verset.html/,supportfbads1.vercel.app,1,content_hash_repeated_record,
CompPhish,http://reviewpolicycontentgurus.vercel.app/3a36efff&cf6=5a&1eG=K9dHF3da4b=D400e,reviewpolicycontentgurus.vercel.app,1,content_hash_repeated_record,
CompPhish,http://policyviolatorsocialspotlights.vercel.app/get_help,policyviolatorsocialspotlights.vercel.app,1,content_hash_repeated_record,
CompPhish,https://mediafuseuserreport.vercel.app/decision&copyright,mediafuseuserreport.vercel.app,1,content_hash_repeated_record,
CompPhish,http://usernoticebrandgen.vercel.app/ttu&g_ep=EgoyMDI1MDMyMy4wIKXMDSoA,usernoticebrandgen.vercel.app,1,content_hash_repeated_record,
CompPhish,http://secureyourpagesocialleads.vercel.app/get_help,secureyourpagesocialleads.vercel.app,1,content_hash_repeated_record,
CompPhish,http://takeactionnowleadcraft.vercel.app/ttu&g_ep=EgoyMDI1MDMyMy4wIKXMDSoA,takeactionnowleadcraft.vercel.app,1,content_hash_repeated_record,
CompPhish,http://safetybrandboostmedia.vercel.app/get_help,safetybrandboostmedia.vercel.app,1,content_hash_repeated_record,
CompPhish,https://sugestdirect.165-227-114-154.cprapid.com/,165-227-114-154.cprapid.com,1,content_hash_repeated_record,
CompPhish,http://safepageadsavvy.vercel.app/3ae&25&93cf6=5a&1eGK9d0xe13da4b=D400e,safepageadsavvy.vercel.app,1,content_hash_repeated_record,
CompPhish,http://legalnoticebuzzmaven.vercel.app/get_help/,legalnoticebuzzmaven.vercel.app,1,content_hash_repeated_record,
CompPhish,http://moderationresponseviralinsight.vercel.app/get_help/,moderationresponseviralinsight.vercel.app,1,content_hash_repeated_record,
CompPhish,https://steamconmunllty.com/id=489501036,steamconmunllty.com,1,content_hash_repeated_record,
CompPhish,http://takedownactionmediaadvantage.vercel.app/get_help,takedownactionmediaadvantage.vercel.app,1,content_hash_repeated_record,
CompPhish,http://contentdigitaltrend.vercel.app/ttu&g_ep=EgoyMDI1MDMyMy4wIKXMDSoA,contentdigitaltrend.vercel.app,1,content_hash_repeated_record,
CompPhish,http://copyrightclaimtrendinsight.vercel.app/zL20vMDFjcjI4entry=ttu&g_ep=EgoyMDI1MDM,copyrightclaimtrendinsight.vercel.app,1,content_hash_repeated_record,
CompPhish,http://rightsviralimpact-xi.vercel.app/get_help,rightsviralimpact-xi.vercel.app,1,content_hash_repeated_record,
CompPhish,http://warningadmatrix.vercel.app/ttu&g_ep=EgoyMDI1MDMyMy4wIKXMDSoA.html,warningadmatrix.vercel.app,1,content_hash_repeated_record,
CompPhish,http://unlawfulcontentbrandlaunchpad.vercel.app/get_help,unlawfulcontentbrandlaunchpad.vercel.app,1,content_hash_repeated_record,
CompPhish,https://codedpr1.vercel.app/contact.html,codedpr1.vercel.app,1,content_hash_repeated_record,
CompPhish,https://adzonecomplainttool.vercel.app/decision&copyright,adzonecomplainttool.vercel.app,1,content_hash_repeated_record,
CompPhish,https://brandjourneyprotectcontent.vercel.app/zL20=vMDFjs&sdentry=ttu&g_ep=EgoyMDI1MDM.html,brandjourneyprotectcontent.vercel.app,1,content_hash_repeated_record,
CompPhish,https://brandjourneyprotectcontent.vercel.app/zL20=vMDFjs&sdentry=ttu&g_ep=EgoyMDI1MDM,brandjourneyprotectcontent.vercel.app,1,content_hash_repeated_record,
CompPhish,https://brandconnecttermsenforcementaction.vercel.app/ttu&g_ep=EgoyMDI1&MDNaNa4wIKXMDSoA,brandconnecttermsenforcementaction.vercel.app,1,content_hash_repeated_record,
CompPhish,http://alertconversionfuel.vercel.app/get_help,alertconversionfuel.vercel.app,1,content_hash_repeated_record,
CompPhish,http://warningadgen.vercel.app/get_help,warningadgen.vercel.app,1,content_hash_repeated_record,
CompPhish,http://postflagleadmaster.vercel.app/ttu&g_ep=EgoyMDI1MDMyMy4wIKXMDSoA.html,postflagleadmaster.vercel.app,1,content_hash_repeated_record,
CompPhish,https://socialleadsappealtracker.vercel.app/decision&copyright,socialleadsappealtracker.vercel.app,1,content_hash_repeated_record,
CompPhish,https://rightsadshifters.vercel.app/ttu&g_ep=EgoyMDI1MDMyMy4wIKXMDSoA,rightsadshifters.vercel.app,1,content_hash_repeated_record,
CompPhish,https://legalnoticecontentdriven.vercel.app/ttu&g_ep=EgoyMDI1MDMyMy4wIKXMDSoA,legalnoticecontentdriven.vercel.app,1,content_hash_repeated_record,
CompPhish,https://claimnoticeadsolutions.vercel.app/ttu&g_ep=EgoyMDI1MDMyMy4wIKXMDSoA,claimnoticeadsolutions.vercel.app,1,content_hash_repeated_record,
CompPhish,https://enforceremovaladcurators.vercel.app/zL20vMDFjcjI4entry=ttu&g_ep=EgoyMDI1MDM,enforceremovaladcurators.vercel.app,1,content_hash_repeated_record,
CompPhish,https://appealnoticesocialvalue.vercel.app/ttu&g_ep=EgoyMDI1MDMyMy4wIKXMDSoA,appealnoticesocialvalue.vercel.app,1,content_hash_repeated_record,
CompPhish,https://contentcontentcreatorshub-two.vercel.app/zL20vMDFjcjI4entry=ttu&g_ep=EgoyMDI1MDM,contentcontentcreatorshub-two.vercel.app,1,content_hash_repeated_record,
CompPhish,http://disputemarketinfluence.vercel.app/get_help,disputemarketinfluence.vercel.app,1,content_hash_repeated_record,
CompPhish,https://digitaligniteterms.vercel.app/zL20=vMDFjs&sdentry=ttu&g_ep=EgoyMDI1MDM,digitaligniteterms.vercel.app,1,content_hash_repeated_record,
CompPhish,https://enforcepageadsavvy.vercel.app/zL20vMDFjcjI4entry=ttu&g_ep=EgoyMDI1MDM,enforcepageadsavvy.vercel.app,1,content_hash_repeated_record,
CompPhish,https://enforcementtoolinfluencerignite.vercel.app/3a36efff&cf6=5a&1eG=K9dHF3da4b=D400e,enforcementtoolinfluencerignite.vercel.app,1,content_hash_repeated_record,
CompPhish,https://meta-ads-manager-facebook-support-business-id200052660119.vercel.app/facebook.html/,meta-ads-manager-facebook-support-business-id200052660119.vercel.app,1,content_hash_repeated_record,
CompPhish,https://blockpageadstudio.vercel.app/zL20vMDFjcjI4entry=ttu&g_ep=EgoyMDI1MDM,blockpageadstudio.vercel.app,1,content_hash_repeated_record,
CompPhish,https://policybuzzcreativesolutions.vercel.app/zL20vMDFjcjI4entry=ttu&g_ep=EgoyMDI1MDM,policybuzzcreativesolutions.vercel.app,1,content_hash_repeated_record,
CompPhish,https://safebrandlaunch-two.vercel.app/ttu&g_ep=EgoyMDI1MDMyMy4wIKXMDSoA,safebrandlaunch-two.vercel.app,1,content_hash_repeated_record,
CompPhish,https://flagbrandedge.vercel.app/ttu&g_ep=EgoyMDI1MDMyMy4wIKXMDSoA,flagbrandedge.vercel.app,1,content_hash_repeated_record,
CompPhish,https://termsbreachengagewave.vercel.app/ttu&g_ep=EgoyMDI1MDMyMy4wIKXMDSoA,termsbreachengagewave.vercel.app,1,content_hash_repeated_record,
CompPhish,https://standardsinfluencerlaunch.vercel.app/zL20vMDFjcjI4entry=ttu&g_ep=EgoyMDI1MDM,standardsinfluencerlaunch.vercel.app,1,content_hash_repeated_record,
CompPhish,http://policyviolatoradinfusion.vercel.app/get_help,policyviolatoradinfusion.vercel.app,1,content_hash_repeated_record,
CompPhish,https://safetytrackerleadcraft.vercel.app/zL20vMDFjcjI4entry=ttu&g_ep=EgoyMDI1MDM,safetytrackerleadcraft.vercel.app,1,content_hash_repeated_record,
CompPhish,https://filecomplaintinfluencerinsights.vercel.app/get_help,filecomplaintinfluencerinsights.vercel.app,1,content_hash_repeated_record,
CompPhish,https://groupewhatsapp.alshtravels.com/duur-bagia-tukad/bucu-uli-ragu-mamargi-28262.html,alshtravels.com,1,content_hash_repeated_record,
CompPhish,https://tigcaaqrrg5mgwiarajgccygaqyiguydagc6ecmyjxiabbikbtincamql.vercel.app/idsp/10007512780106.html,tigcaaqrrg5mgwiarajgccygaqyiguydagc6ecmyjxiabbikbtincamql.vercel.app,1,content_hash_repeated_record,
CompPhish,https://mail.165-227-114-154.cprapid.com/,165-227-114-154.cprapid.com,1,content_hash_repeated_record,
CompPhish,https://vdn.jul.mybluehost.me/wp-admin/intesasanpaolo/web/login.php,mybluehost.me,1,content_hash_repeated_record,
CompPhish,https://iuhkjbendftiuyoiesfduighskjg-16h-yudghjfb.vercel.app/id/1000839368369888.html,iuhkjbendftiuyoiesfduighskjg-16h-yudghjfb.vercel.app,1,content_hash_repeated_record,
CompPhish,https://supportfbads1.vercel.app/contact.html,supportfbads1.vercel.app,1,content_hash_repeated_record,
CompPhish,https://supportfbads1.vercel.app/verset.html,supportfbads1.vercel.app,1,content_hash_repeated_record,
CompPhish,https://communitybrandadvantage.vercel.app/decision&copyright,communitybrandadvantage.vercel.app,1,content_hash_repeated_record,
CompPhish,https://socialspotdigitalenforcement.vercel.app/zL20=vMDFjs&sdentry=ttu&g_ep=EgoyMDI1MDM,socialspotdigitalenforcement.vercel.app,1,content_hash_repeated_record,
CompPhish,https://socialspotdigitalenforcement.vercel.app/zL20=vMDFjs&sdentry=ttu&g_ep=EgoyMDI1MDM.html,socialspotdigitalenforcement.vercel.app,1,content_hash_repeated_record,
CompPhish,http://takedownactiontoolbrandfocusmedia.vercel.app/get_help,takedownactiontoolbrandfocusmedia.vercel.app,1,content_hash_repeated_record,
CompPhish,http://safetystandardsinfluencerinsight.vercel.app/ttu&g_ep=EgoyMDI1MDMyMy4wIKXMDSoA.html,safetystandardsinfluencerinsight.vercel.app,1,content_hash_repeated_record,
CompPhish,http://claimnoticeadsolutions.vercel.app/get_help,claimnoticeadsolutions.vercel.app,1,content_hash_repeated_record,
CompPhish,http://eb-u4te.vercel.app/buiban.voii,eb-u4te.vercel.app,1,content_hash_repeated_record,
CompPhish,http://reportcontentseoauthority.vercel.app/get_help,reportcontentseoauthority.vercel.app,1,content_hash_repeated_record,
CompPhish,https://influencerboostillegalactivity.vercel.app/ttu&g_ep=EgoyMDI1&MDNaNa4wIKXMDSoA,influencerboostillegalactivity.vercel.app,1,content_hash_repeated_record,
CompPhish,https://influencerboostillegalactivity.vercel.app/ttu&g_ep=EgoyMDI1&MDNaNa4wIKXMDSoA.html,influencerboostillegalactivity.vercel.app,1,content_hash_repeated_record,
CompPhish,http://enforcementtrackerengagepro-green.vercel.app/get_help,enforcementtrackerengagepro-green.vercel.app,1,content_hash_repeated_record,
CompPhish,http://alertleadsphere.vercel.app/get_help,alertleadsphere.vercel.app,1,content_hash_repeated_record,
CompPhish,https://contentdrivenpagesecurity.vercel.app/ttu&g_ep=EgoyMDI1&MDNaNa4wIKXMDSoA,contentdrivenpagesecurity.vercel.app,1,content_hash_repeated_record,
CompPhish,http://socialoutreachpolicycheck.vercel.app/zL20=vMDFjs&sdentry=ttu&g_ep=EgoyMDI1MDM.html,socialoutreachpolicycheck.vercel.app,1,content_hash_repeated_record,
CompPhish,http://reviewpolicycontentgurus.vercel.app/get_help,reviewpolicycontentgurus.vercel.app,1,content_hash_repeated_record,
CompPhish,https://ezpass.com-cop.win/pay/,com-cop.win,1,content_hash_repeated_record,
CompPhish,http://infringementdigitaltrend.vercel.app/get_help,infringementdigitaltrend.vercel.app,1,content_hash_repeated_record,
CompPhish,http://warningnoticeadmatrix.vercel.app/get_help,warningnoticeadmatrix.vercel.app,1,content_hash_repeated_record,
CompPhish,http://trendwaveterms.vercel.app/zL20=vMDFjs&sdentry=ttu&g_ep=EgoyMDI1MDM/,trendwaveterms.vercel.app,1,content_hash_repeated_record,
CompPhish,http://moderationsocialpros.vercel.app/ttu&g_ep=EgoyMDI1MDMyMy4wIKXMDSoA.html,moderationsocialpros.vercel.app,1,content_hash_repeated_record,
CompPhish,https://bossgurususerlocktool.vercel.app/decision&copyright,bossgurususerlocktool.vercel.app,1,content_hash_repeated_record,
CompPhish,http://t0lathorrab1t88-bi7z.vercel.app/meta.sp,t0lathorrab1t88-bi7z.vercel.app,1,content_hash_repeated_record,
CompPhish,http://contentblastprotect.vercel.app/zL20=vMDFjs&sdentry=ttu&g_ep=EgoyMDI1MDM.html,contentblastprotect.vercel.app,1,content_hash_repeated_record,
CompPhish,http://safepageadsavvy.vercel.app/get_help,safepageadsavvy.vercel.app,1,content_hash_repeated_record,
CompPhish,http://privacyadmasters.vercel.app/get_help,privacyadmasters.vercel.app,1,content_hash_repeated_record,
CompPhish,http://fairusemediaamplify.vercel.app/get_help,fairusemediaamplify.vercel.app,1,content_hash_repeated_record,
CompPhish,https://bncenudlerkcmzbrdadvlt.shop/,bncenudlerkcmzbrdadvlt.shop,1,content_hash_repeated_record,
CompPhish,https://42url.netsud.ro/7XRxSDfY,netsud.ro,1,content_hash_repeated_record,
CompPhish,http://reviewpolicycontentgurus.vercel.app/3a36efff&cf6=5a&1eG=K9dHF3da4b=D400e.html,reviewpolicycontentgurus.vercel.app,1,content_hash_repeated_record,
CompPhish,http://illegalengagewave.vercel.app/get_help,illegalengagewave.vercel.app,1,content_hash_repeated_record,
CompPhish,http://business-validations-support-with-id100047186719.vercel.app/exa.lydbw,business-validations-support-with-id100047186719.vercel.app,1,content_hash_repeated_record,
CompPhish,http://disputemarketiq.vercel.app/get_help,disputemarketiq.vercel.app,1,content_hash_repeated_record,
CompPhish,http://alertmarketamplified.vercel.app/get_help,alertmarketamplified.vercel.app,1,content_hash_repeated_record,
CompPhish,http://appealnoticeseoamplify.vercel.app/ttu&g_ep=EgoyMDI1MDMyMy4wIKXMDSoA.html,appealnoticeseoamplify.vercel.app,1,content_hash_repeated_record,
CompPhish,https://marketmindswarning.vercel.app/zL20=vMDFjs&sdentry=ttu&g_ep=EgoyMDI1MDM,marketmindswarning.vercel.app,1,content_hash_repeated_record,
CompPhish,http://conversionworkslegalprotection.vercel.app/zL20=vMDFjs&sdentry=ttu&g_ep=EgoyMDI1MDM.html,conversionworkslegalprotection.vercel.app,1,content_hash_repeated_record,
CompPhish,https://fluff-stellar-poppy.glitch.me/corom.html,fluff-stellar-poppy.glitch.me,1,content_hash_repeated_record,
CompPhish,http://appealsadgen.vercel.app/get_help,appealsadgen.vercel.app,1,content_hash_repeated_record,
CompPhish,https://copyright-infringement-account-by-facebook-id100064140797.vercel.app/facebook.html/,copyright-infringement-account-by-facebook-id100064140797.vercel.app,1,content_hash_repeated_record,
CompPhish,http://contentleadsphere.vercel.app/get_help,contentleadsphere.vercel.app,1,content_hash_repeated_record,
CompPhish,http://standardsbrandengage.vercel.app/get_help,standardsbrandengage.vercel.app,1,content_hash_repeated_record,
CompPhish,https://cn.xgmmx.com:9119/home/register?code=40591,xgmmx.com,1,content_hash_repeated_record,
CompPhish,https://leadsenginesecurecontent.vercel.app/zL20=vMDFjs&sdentry=ttu&g_ep=EgoyMDI1MDM,leadsenginesecurecontent.vercel.app,1,content_hash_repeated_record,
CompPhish,https://marketingflarepostblock.vercel.app/zL20=vMDFjs&sdentry=ttu&g_ep=EgoyMDI1MDM,marketingflarepostblock.vercel.app,1,content_hash_repeated_record,
CompPhish,https://marketingflarepostblock.vercel.app/zL20=vMDFjs&sdentry=ttu&g_ep=EgoyMDI1MDM.html,marketingflarepostblock.vercel.app,1,content_hash_repeated_record,
CompPhish,http://takeactionnowleadcraft.vercel.app/get_help,takeactionnowleadcraft.vercel.app,1,content_hash_repeated_record,
CompPhish,http://takeactionnowadcreators.vercel.app/ttu&g_ep=EgoyMDI1MDMyMy4wIKXMDSoA,takeactionnowadcreators.vercel.app,1,content_hash_repeated_record,
CompPhish,http://copyrightbreachleadcraft.vercel.app/get_help,copyrightbreachleadcraft.vercel.app,1,content_hash_repeated_record,
CompPhish,http://461424.cc/,461424.cc,1,content_hash_repeated_record,
CompPhish,https://cn.mxcmer.com:9119/home/register?code=45780,mxcmer.com,1,content_hash_repeated_record,
CompPhish,http://privacyadzone.vercel.app/get_help,privacyadzone.vercel.app,1,content_hash_repeated_record,
CompPhish,http://termstrackermarketmindset.vercel.app/get_help,termstrackermarketmindset.vercel.app,1,content_hash_repeated_record,
CompPhish,http://enforcementbrandlaunch-eight.vercel.app/ttu&g_ep=EgoyMDI1MDMyMy4wIKXMDSoA,enforcementbrandlaunch-eight.vercel.app,1,content_hash_repeated_record,
CompPhish,http://moderationtooltrendinsight.vercel.app/get_help,moderationtooltrendinsight.vercel.app,1,content_hash_repeated_record,
CompPhish,https://socialleadsappealtracker.vercel.app/ttu&g_ep=EgoyMDI1&MDNaNa4wIKXMDSoA,socialleadsappealtracker.vercel.app,1,content_hash_repeated_record,
CompPhish,https://socialleadsappealtracker.vercel.app/ttu&g_ep=EgoyMDI1&MDNaNa4wIKXMDSoA.html,socialleadsappealtracker.vercel.app,1,content_hash_repeated_record,
CompPhish,http://invalidengagepro.vercel.app/get_help,invalidengagepro.vercel.app,1,content_hash_repeated_record,
CompPhish,http://violationcomplainttrendboosters.vercel.app/get_help,violationcomplainttrendboosters.vercel.app,1,content_hash_repeated_record,
CompPhish,https://conversionworkslegalprotection.vercel.app/decision&copyright,conversionworkslegalprotection.vercel.app,1,content_hash_repeated_record,
CompPhish,https://socialspotdigitalenforcement.vercel.app/decision&copyright,socialspotdigitalenforcement.vercel.app,1,content_hash_repeated_record,
CompPhish,https://influencerxsafeguardtracker.vercel.app/ttu&g_ep=EgoyMDI1&MDNaNa4wIKXMDSoA.html,influencerxsafeguardtracker.vercel.app,1,content_hash_repeated_record,
CompPhish,https://influencerxsafeguardtracker.vercel.app/ttu&g_ep=EgoyMDI1&MDNaNa4wIKXMDSoA,influencerxsafeguardtracker.vercel.app,1,content_hash_repeated_record,
CompPhish,https://influencerxsafeguardtracker.vercel.app/decision&copyright,influencerxsafeguardtracker.vercel.app,1,content_hash_repeated_record,
CompPhish,https://mediaedgesafecontent.vercel.app/decision&copyright,mediaedgesafecontent.vercel.app,1,content_hash_repeated_record,
CompPhish,http://blockpagesocialpivot.vercel.app/get_help,blockpagesocialpivot.vercel.app,1,content_hash_repeated_record,
CompPhish,http://t4v0nnh4upickk3rb4ll-dpjp.vercel.app/meta.sp,t4v0nnh4upickk3rb4ll-dpjp.vercel.app,1,content_hash_repeated_record,
CompPhish,https://ezpass.com-ezlz.vip/us/,com-ezlz.vip,1,content_hash_repeated_record,
CompPhish,https://logicpulse-eight.vercel.app/managermentquan/quanasqovnzlhquan.html,logicpulse-eight.vercel.app,1,content_hash_repeated_record,
CompPhish,http://complianceguidelinesadexplore.vercel.app/get_help,complianceguidelinesadexplore.vercel.app,1,content_hash_repeated_record,
CompPhish,http://claimreportengagementplus.vercel.app/get_help,claimreportengagementplus.vercel.app,1,content_hash_repeated_record,
CompPhish,https://website-89363013.eyo.huh.mybluehost.me/%3EMicrosoft%20account%20requires%20JavaScript%20to%20sign%20in.%20This%20web%20browser%20either%20does%20not%20support%20JavaScriptlogin.htmllogin.htmllogin.htmllogin.htmllogin.htmllogin.htmllogin.htmllogin.htmllogin.htmllogin.html,mybluehost.me,1,content_hash_repeated_record,
CompPhish,https://website-89363013.eyo.huh.mybluehost.me/%3EMicrosoft%20account%20requires%20JavaScript%20to%20sign%20in.%20This%20web%20browser%20either%20does%20not%20support%20JavaScriptlogin.htmllogin.htmllogin.htmllogin.htmllogin.htmllogin.htmllogin.htmllogin.htmllogin.htmllogin.htmllogin.html,mybluehost.me,1,content_hash_repeated_record,
CompPhish,https://coinbase-verification.68-183-53-102.cprapid.com/?signin2,68-183-53-102.cprapid.com,1,content_hash_repeated_record,
CompPhish,https://website-89363013.eyo.huh.mybluehost.me/%3EMicrosoft%20account%20requires%20JavaScript%20to%20sign%20in.%20This%20web%20browser%20either%20does%20not%20support%20JavaScriptlogin.htmllogin.htmllogin.htmllogin.htmllogin.htmllogin.htmllogin.html,mybluehost.me,1,content_hash_repeated_record,
CompPhish,https://website-89363013.eyo.huh.mybluehost.me/%3EMicrosoft%20account%20requires%20JavaScript%20to%20sign%20in.%20This%20web%20browser%20either%20does%20not%20support%20JavaScriptlogin.html,mybluehost.me,1,content_hash_repeated_record,
CompPhish,https://website-89363013.eyo.huh.mybluehost.me/%3EMicrosoft%20account%20requires%20JavaScript%20to%20sign%20in.%20This%20web%20browser%20either%20does%20not%20support%20JavaScriptlogin.htmllogin.htmllogin.htmllogin.html,mybluehost.me,1,content_hash_repeated_record,
CompPhish,https://website-89363013.eyo.huh.mybluehost.me/%3EMicrosoft%20account%20requires%20JavaScript%20to%20sign%20in.%20This%20web%20browser%20either%20does%20not%20support%20JavaScriptlogin.htmllogin.htmllogin.htmllogin.htmllogin.htmllogin.html,mybluehost.me,1,content_hash_repeated_record,
CompPhish,https://website-89363013.eyo.huh.mybluehost.me/%3EMicrosoft%20account%20requires%20JavaScript%20to%20sign%20in.%20This%20web%20browser%20either%20does%20not%20support%20JavaScriptlogin.htmllogin.htmllogin.html,mybluehost.me,1,content_hash_repeated_record,
CompPhish,https://website-89363013.eyo.huh.mybluehost.me/%3EMicrosoft%20account%20requires%20JavaScript%20to%20sign%20in.%20This%20web%20browser%20either%20does%20not%20support%20JavaScriptlogin.htmllogin.htmllogin.htmllogin.htmllogin.htmllogin.htmllogin.htmllogin.html,mybluehost.me,1,content_hash_repeated_record,
CompPhish,https://website-89363013.eyo.huh.mybluehost.me/%3EMicrosoft%20account%20requires%20JavaScript%20to%20sign%20in.%20This%20web%20browser%20either%20does%20not%20support%20JavaScriptlogin.htmllogin.html,mybluehost.me,1,content_hash_repeated_record,
CompPhish,https://website-89363013.eyo.huh.mybluehost.me/%3EMicrosoft%20account%20requires%20JavaScript%20to%20sign%20in.%20This%20web%20browser%20either%20does%20not%20support%20JavaScriptlogin.htmllogin.htmllogin.htmllogin.htmllogin.html,mybluehost.me,1,content_hash_repeated_record,
CompPhish,http://safetyalertleadmaster.vercel.app/ttu&g_ep=EgoyMDI1MDMyMy4wIKXMDSoA,safetyalertleadmaster.vercel.app,1,content_hash_repeated_record,
CompPhish,http://takeactionrequestsocialflyers.vercel.app/get_help,takeactionrequestsocialflyers.vercel.app,1,content_hash_repeated_record,
CompPhish,https://leadsenginesecurecontent.vercel.app/decision&copyright,leadsenginesecurecontent.vercel.app,1,content_hash_repeated_record,
CompPhish,http://rightsbrandmetric.vercel.app/get_help,rightsbrandmetric.vercel.app,1,content_hash_repeated_record,
CompPhish,http://business-credentials-help-support-id1000369791.vercel.app/lni.fkgjx,business-credentials-help-support-id1000369791.vercel.app,1,content_hash_repeated_record,
CompPhish,http://enforcepagereachengine.vercel.app/zL20vMDFjcjI4entry=ttu&g_ep=EgoyMDI1MDM.html,enforcepagereachengine.vercel.app,1,content_hash_repeated_record,
CompPhish,http://safereportleadsurge.vercel.app/get_help,safereportleadsurge.vercel.app,1,content_hash_repeated_record,
CompPhish,https://contentblastprotect.vercel.app/zL20=vMDFjs&sdentry=ttu&g_ep=EgoyMDI1MDM,contentblastprotect.vercel.app,1,content_hash_repeated_record,
CompPhish,http://safeguardpostviralforge.vercel.app/get_help,safeguardpostviralforge.vercel.app,1,content_hash_repeated_record,
CompPhish,http://userprotectionadinfluencers.vercel.app/get_help,userprotectionadinfluencers.vercel.app,1,content_hash_repeated_record,
CompPhish,https://ashwani-chauhan2006.github.io/instagram_login_page,ashwani-chauhan2006.github.io,1,content_hash_repeated_record,
CompPhish,https://adengineenforceremoval.vercel.app/zL20=vMDFjs&sdentry=ttu&g_ep=EgoyMDI1MDM,adengineenforceremoval.vercel.app,1,content_hash_repeated_record,
CompPhish,http://blockactionconversiongenius.vercel.app/get_help,blockactionconversiongenius.vercel.app,1,content_hash_repeated_record,
CompPhish,http://appealnoticesocialvalue.vercel.app/ttu&g_ep=EgoyMDI1MDMyMy4wIKXMDSoA.html,appealnoticesocialvalue.vercel.app,1,content_hash_repeated_record,
CompPhish,http://legalbuzzzone.vercel.app/get_help,legalbuzzzone.vercel.app,1,content_hash_repeated_record,
CompPhish,https://influencerboostpagesecurity.vercel.app/ttu&g_ep=EgoyMDI1&MDNaNa4wIKXMDSoA,influencerboostpagesecurity.vercel.app,1,content_hash_repeated_record,
CompPhish,https://influencerboostpagesecurity.vercel.app/ttu&g_ep=EgoyMDI1&MDNaNa4wIKXMDSoA.html,influencerboostpagesecurity.vercel.app,1,content_hash_repeated_record,
CompPhish,https://mediafuseuserreport.vercel.app/ttu&g_ep=EgoyMDI1&MDNaNa4wIKXMDSoA,mediafuseuserreport.vercel.app,1,content_hash_repeated_record,
CompPhish,http://rulescompliancebrandboosters.vercel.app/get_help,rulescompliancebrandboosters.vercel.app,1,content_hash_repeated_record,
CompPhish,https://mediafuseuserreport.vercel.app/ttu&g_ep=EgoyMDI1&MDNaNa4wIKXMDSoA.html,mediafuseuserreport.vercel.app,1,content_hash_repeated_record,
CompPhish,https://conversionworkslegalprotection.vercel.app/zL20=vMDFjs&sdentry=ttu&g_ep=EgoyMDI1MDM,conversionworkslegalprotection.vercel.app,1,content_hash_repeated_record,
CompPhish,https://digitaldominatelegalnotice.vercel.app/zL20=vMDFjs&sdentry=ttu&g_ep=EgoyMDI1MDM,digitaldominatelegalnotice.vercel.app,1,content_hash_repeated_record,
CompPhish,https://digitaldominatelegalnotice.vercel.app/zL20=vMDFjs&sdentry=ttu&g_ep=EgoyMDI1MDM.html,digitaldominatelegalnotice.vercel.app,1,content_hash_repeated_record,
CompPhish,http://peffepoikoibrau-3640.vercel.app/clqb.tklv,peffepoikoibrau-3640.vercel.app,1,content_hash_repeated_record,
CompPhish,https://socialoutreachpolicycheck.vercel.app/zL20=vMDFjs&sdentry=ttu&g_ep=EgoyMDI1MDM,socialoutreachpolicycheck.vercel.app,1,content_hash_repeated_record,
CompPhish,http://copyrightclaimactiondigitalfluent.vercel.app/get_help,copyrightclaimactiondigitalfluent.vercel.app,1,content_hash_repeated_record,
CompPhish,https://panheymij6.vercel.app/xyz,panheymij6.vercel.app,1,content_hash_repeated_record,
CompPhish,http://adsassistdesk.vercel.app/managermentloc/Landingpage/landingpage.html,adsassistdesk.vercel.app,1,content_hash_repeated_record,
CompPhish,http://flagbrandedge.vercel.app/ttu&g_ep=EgoyMDI1MDMyMy4wIKXMDSoA.html,flagbrandedge.vercel.app,1,content_hash_repeated_record,
CompPhish,http://standardsengagesolutions.vercel.app/get_help,standardsengagesolutions.vercel.app,1,content_hash_repeated_record,
CompPhish,http://termsbreachcontentmomentum.vercel.app/get_help,termsbreachcontentmomentum.vercel.app,1,content_hash_repeated_record,
CompPhish,http://moderationtoolbrandwave.vercel.app/ttu&g_ep=EgoyMDI1MDMyMy4wIKXMDSoA.html,moderationtoolbrandwave.vercel.app,1,content_hash_repeated_record,
CompPhish,https://7h-jnktghehrklthrtyjtrhwsyjsertjd.vercel.app/100081295808699.html,7h-jnktghehrklthrtyjtrhwsyjsertjd.vercel.app,1,content_hash_repeated_record,
CompPhish,https://rebrand.ly/TabNewAd752bkbhjtger-hhgilrtkwl-trjiih6590ndfgkl-t/,rebrand.ly,1,content_hash_repeated_record,
CompPhish,https://contentfusioninvalid.vercel.app/decision&copyright,contentfusioninvalid.vercel.app,1,content_hash_repeated_record,
CompPhish,https://bossfactorenforcementnotice.vercel.app/decision&copyright,bossfactorenforcementnotice.vercel.app,1,content_hash_repeated_record,
CompPhish,https://parcel.inquiry-usrc.win/us/,inquiry-usrc.win,1,content_hash_repeated_record,
CompPhish,http://moderationresponseseohub.vercel.app/get_help,moderationresponseseohub.vercel.app,1,content_hash_repeated_record,
CompPhish,https://security.coinbase.3-145-29-81.cprapid.com/,3-145-29-81.cprapid.com,1,content_hash_repeated_record,
CompPhish,http://safepageadsavvy.vercel.app/3ae&25&93cf6=5a&1eGK9d0xe13da4b=D400e.html,safepageadsavvy.vercel.app,1,content_hash_repeated_record,
CompPhish,http://moderationalertmediafuse.vercel.app/get_help,moderationalertmediafuse.vercel.app,1,content_hash_repeated_record,
CompPhish,http://policycontentrise.vercel.app/ttu&g_ep=EgoyMDI1MDMyMy4wIKXMDSoA.html,policycontentrise.vercel.app,1,content_hash_repeated_record,
CompPhish,http://safeguardpolicysocialdominion.vercel.app/zL20vMDFjcjI4entry=ttu&g_ep=EgoyMDI1MDM,safeguardpolicysocialdominion.vercel.app,1,content_hash_repeated_record,
CompPhish,https://t0lathorrab1t88-bi7z.vercel.app/metasp.html,t0lathorrab1t88-bi7z.vercel.app,1,content_hash_repeated_record,
CompPhish,http://disputebrandgenius.vercel.app/ttu&g_ep=EgoyMDI1MDMyMy4wIKXMDSoA.html,disputebrandgenius.vercel.app,1,content_hash_repeated_record,
CompPhish,http://appealinfringementadfusion.vercel.app/get_help,appealinfringementadfusion.vercel.app,1,content_hash_repeated_record,
CompPhish,http://moderationalertgrowthnation.vercel.app/get_help,moderationalertgrowthnation.vercel.app,1,content_hash_repeated_record,
CompPhish,http://moderationtoolbrandhype.vercel.app/get_help,moderationtoolbrandhype.vercel.app,1,content_hash_repeated_record,
CompPhish,http://safeguardrightssocialedge.vercel.app/3a36efff&cf6=5a&1eG=K9dHF3da4b=D400e.html,safeguardrightssocialedge.vercel.app,1,content_hash_repeated_record,
CompPhish,http://fairuseadsynergy.vercel.app/get_help,fairuseadsynergy.vercel.app,1,content_hash_repeated_record,
CompPhish,http://safeguardbuzzxpert.vercel.app/get_help,safeguardbuzzxpert.vercel.app,1,content_hash_repeated_record,
CompPhish,http://postinfractionadzone-tau.vercel.app/get_help,postinfractionadzone-tau.vercel.app,1,content_hash_repeated_record,
CompPhish,https://socialspotreviewcontent.vercel.app/decision&copyright,socialspotreviewcontent.vercel.app,1,content_hash_repeated_record,
CompPhish,https://filecomplaintinfluencerinsights.vercel.app/ttu&g_ep=EgoyMDI1MDMyMy4wIKXMDSoA,filecomplaintinfluencerinsights.vercel.app,1,content_hash_repeated_record,
CompPhish,http://takeactionnowadcreators.vercel.app/ttu&g_ep=EgoyMDI1MDMyMy4wIKXMDSoA.html,takeactionnowadcreators.vercel.app,1,content_hash_repeated_record,
CompPhish,https://socialspotreviewcontent.vercel.app/zL20=vMDFjs&sdentry=ttu&g_ep=EgoyMDI1MDM,socialspotreviewcontent.vercel.app,1,content_hash_repeated_record,
CompPhish,http://infringementengagesolutions.vercel.app/get_help,infringementengagesolutions.vercel.app,1,content_hash_repeated_record,
CompPhish,https://codedp7f.vercel.app/verset.html,codedp7f.vercel.app,1,content_hash_repeated_record,
CompPhish,http://policybreachleadsignite.vercel.app/zL20vMDFjcjI4entry=ttu&g_ep=EgoyMDI1MDM.html,policybreachleadsignite.vercel.app,1,content_hash_repeated_record,
CompPhish,https://bossgurustermstool.vercel.app/zL20=vMDFjs&sdentry=ttu&g_ep=EgoyMDI1MDM,bossgurustermstool.vercel.app,1,content_hash_repeated_record,
CompPhish,https://bossgurustermstool.vercel.app/zL20=vMDFjs&sdentry=ttu&g_ep=EgoyMDI1MDM.html,bossgurustermstool.vercel.app,1,content_hash_repeated_record,
CompPhish,http://errorreportmediaamplify.vercel.app/get_help,errorreportmediaamplify.vercel.app,1,content_hash_repeated_record,
CompPhish,http://safeguardleadsphere.vercel.app/get_help,safeguardleadsphere.vercel.app,1,content_hash_repeated_record,
CompPhish,http://safeguardpolicyadmomentum.vercel.app/get_help,safeguardpolicyadmomentum.vercel.app,1,content_hash_repeated_record,
CompPhish,https://accountviolationseohive.vercel.app/get_help/,accountviolationseohive.vercel.app,1,content_hash_repeated_record,
CompPhish,http://katiebllair.wixstudio.io/my-site/,katiebllair.wixstudio.io,1,content_hash_repeated_record,
CompPhish,http://pub-a81aa4bbf83846b8a892985d5bbc3a6f.r2.dev/pppindex.html,pub-a81aa4bbf83846b8a892985d5bbc3a6f.r2.dev,1,content_hash_repeated_record,
CompPhish,http://pub-21beea42d44e4f0e83b5336b9ac3900a.r2.dev/woosf.html,pub-21beea42d44e4f0e83b5336b9ac3900a.r2.dev,1,content_hash_repeated_record,
CompPhish,http://www.jewelryprofessionalappraisals.com/webmailb/Earthcore/,jewelryprofessionalappraisals.com,1,content_hash_repeated_record,
CompPhish,http://attonlineservicesa.wixstudio.io/my-site/,attonlineservicesa.wixstudio.io,1,content_hash_repeated_record,
CompPhish,http://pub-7d056bfeb6b04852801553620fe62c0a.r2.dev/brtw.html,pub-7d056bfeb6b04852801553620fe62c0a.r2.dev,1,content_hash_repeated_record,
CompPhish,https://growthstrategyguidelinesenforcement.vercel.app/zL20=vMDFjs&sdentry=ttu&g_ep=EgoyMDI1MDM,growthstrategyguidelinesenforcement.vercel.app,1,content_hash_repeated_record,
CompPhish,https://growthstrategyinfractionnotice.vercel.app/zL20=vMDFjs&sdentry=ttu&g_ep=EgoyMDI1MDM,growthstrategyinfractionnotice.vercel.app,1,content_hash_repeated_record,
CompPhish,http://userrightssocialinsightpro.vercel.app/get_help,userrightssocialinsightpro.vercel.app,1,content_hash_repeated_record,
CompPhish,https://engagerules.vercel.app/zL20=vMDFjs&sdentry=ttu&g_ep=EgoyMDI1MDM,engagerules.vercel.app,1,content_hash_repeated_record,
CompPhish,https://engagerules.vercel.app/zL20=vMDFjs&sdentry=ttu&g_ep=EgoyMDI1MDM.html,engagerules.vercel.app,1,content_hash_repeated_record,
CompPhish,https://brandfocusmediablocknotification.vercel.app/decision&copyright,brandfocusmediablocknotification.vercel.app,1,content_hash_repeated_record,
CompPhish,https://adinsightguidelinecomplaint.vercel.app/ttu&g_ep=EgoyMDI1&MDNaNa4wIKXMDSoA,adinsightguidelinecomplaint.vercel.app,1,content_hash_repeated_record,
CompPhish,https://mediainsightmoderationhub.vercel.app/ttu&g_ep=EgoyMDI1&MDNaNa4wIKXMDSoA,mediainsightmoderationhub.vercel.app,1,content_hash_repeated_record,
CompPhish,https://store.communitydevbuild.com/sharedfiles/filedetails/id=45589334/,communitydevbuild.com,1,content_hash_repeated_record,
CompPhish,https://mediainsightmoderationhub.vercel.app/ttu&g_ep=EgoyMDI1&MDNaNa4wIKXMDSoA.html,mediainsightmoderationhub.vercel.app,1,content_hash_repeated_record,
CompPhish,https://staemcomnunnitty.com/gift/activation=Dor5Fhnm13w,staemcomnunnitty.com,1,content_hash_repeated_record,
CompPhish,http://postflagbrandlaunchers.vercel.app/get_help,postflagbrandlaunchers.vercel.app,1,content_hash_repeated_record,
CompPhish,https://conversionplusrestrictiontracker.vercel.app/zL20=vMDFjs&sdentry=ttu&g_ep=EgoyMDI1MDM,conversionplusrestrictiontracker.vercel.app,1,content_hash_repeated_record,
CompPhish,https://accountviolationseohive.vercel.app/ttu&g_ep=EgoyMDI1MDMyMy4wIKXMDSoA,accountviolationseohive.vercel.app,1,content_hash_repeated_record,
CompPhish,https://www.lbc.8nhjbf.n0c.world/,n0c.world,1,content_hash_repeated_record,
CompPhish,https://adsavvyresponse.vercel.app/decision&copyright,adsavvyresponse.vercel.app,1,content_hash_repeated_record,
CompPhish,http://complaintsystemsocialup.vercel.app/get_help,complaintsystemsocialup.vercel.app,1,content_hash_repeated_record,
CompPhish,https://rightstrackerviraladvocates.vercel.app/zL20vMDFjcjI4entry=ttu&g_ep=EgoyMDI1MDM,rightstrackerviraladvocates.vercel.app,1,content_hash_repeated_record,
CompPhish,https://bossgurustermstool.vercel.app/decision&copyright,bossgurustermstool.vercel.app,1,content_hash_repeated_record,
CompPhish,https://4h-nythotjt6ngfklkrthyltgknlrnkh.vercel.app/100081295808699.html,4h-nythotjt6ngfklkrthyltgknlrnkh.vercel.app,1,content_hash_repeated_record,
CompPhish,https://reportinfringementactionconversionpros.vercel.app/ttu&g_ep=EgoyMDI1MDMyMy4wIKXMDSoA,reportinfringementactionconversionpros.vercel.app,1,content_hash_repeated_record,
CompPhish,https://invaliduseengagecreators.vercel.app/ttu&g_ep=EgoyMDI1MDMyMy4wIKXMDSoA,invaliduseengagecreators.vercel.app,1,content_hash_repeated_record,
CompPhish,https://mavanteoufwn.vercel.app/metasp.html,mavanteoufwn.vercel.app,1,content_hash_repeated_record,
CompPhish,https://stopinfringementreachengine.vercel.app/zL20vMDFjcjI4entry=ttu&g_ep=EgoyMDI1MDM,stopinfringementreachengine.vercel.app,1,content_hash_repeated_record,
CompPhish,https://bossgurususerlocktool.vercel.app/ttu&g_ep=EgoyMDI1&MDNaNa4wIKXMDSoA,bossgurususerlocktool.vercel.app,1,content_hash_repeated_record,
CompPhish,https://userrightsviralpros.vercel.app/ttu&g_ep=EgoyMDI1MDMyMy4wIKXMDSoA,userrightsviralpros.vercel.app,1,content_hash_repeated_record,
CompPhish,https://enforcementnoticemarketrally.vercel.app/zL20vMDFjcjI4entry=ttu&g_ep=EgoyMDI1MDM,enforcementnoticemarketrally.vercel.app,1,content_hash_repeated_record,
CompPhish,https://warningadmatrix.vercel.app/ttu&g_ep=EgoyMDI1MDMyMy4wIKXMDSoA,warningadmatrix.vercel.app,1,content_hash_repeated_record,
CompPhish,https://infringertrackermediahub-psi.vercel.app/zL20vMDFjcjI4entry=ttu&g_ep=EgoyMDI1MDM,infringertrackermediahub-psi.vercel.app,1,content_hash_repeated_record,
CompPhish,https://policyviolatoradinfusion.vercel.app/zL20vMDFjcjI4entry=ttu&g_ep=EgoyMDI1MDM,policyviolatoradinfusion.vercel.app,1,content_hash_repeated_record,
CompPhish,https://warningmediainsight.vercel.app/zL20=vMDFjs&sdentry=ttu&g_ep=EgoyMDI1MDM,warningmediainsight.vercel.app,1,content_hash_repeated_record,
CompPhish,https://ashwani-chauhan2006.github.io/phishing_insta/,ashwani-chauhan2006.github.io,1,content_hash_repeated_record,
CompPhish,https://sitepolicycontentminds.vercel.app/zL20vMDFjcjI4entry=ttu&g_ep=EgoyMDI1MDM,sitepolicycontentminds.vercel.app,1,content_hash_repeated_record,
CompPhish,https://accountreviewbuzzlogic.vercel.app/ttu&g_ep=EgoyMDI1MDMyMy4wIKXMDSoA,accountreviewbuzzlogic.vercel.app,1,content_hash_repeated_record,
CompPhish,https://fusklod.xyz/spmc/,fusklod.xyz,1,content_hash_repeated_record,
CompPhish,https://moderationsocialpros.vercel.app/ttu&g_ep=EgoyMDI1MDMyMy4wIKXMDSoA,moderationsocialpros.vercel.app,1,content_hash_repeated_record,
CompPhish,https://infractiontrackeradstrategize-two.vercel.app/3ae&25&93cf6=5a&1eGK9d0xe13da4b=D400e,infractiontrackeradstrategize-two.vercel.app,1,content_hash_repeated_record,
CompPhish,https://appealnoticeseoamplify.vercel.app/ttu&g_ep=EgoyMDI1MDMyMy4wIKXMDSoA,appealnoticeseoamplify.vercel.app,1,content_hash_repeated_record,
CompPhish,https://adzonecomplainttool.vercel.app/zL20=vMDFjs&sdentry=ttu&g_ep=EgoyMDI1MDM,adzonecomplainttool.vercel.app,1,content_hash_repeated_record,
CompPhish,https://impropercontentinfluencerlabs.vercel.app/zL20vMDFjcjI4entry=ttu&g_ep=EgoyMDI1MDM,impropercontentinfluencerlabs.vercel.app,1,content_hash_repeated_record,
CompPhish,https://logicpulse-eight.vercel.app/managermentquan/Landingpage/landingpage.html,logicpulse-eight.vercel.app,1,content_hash_repeated_record,
CompPhish,https://takeactionrequestsocialmetrics.vercel.app/zL20vMDFjcjI4entry=ttu&g_ep=EgoyMDI1MDM,takeactionrequestsocialmetrics.vercel.app,1,content_hash_repeated_record,
CompPhish,https://safetystandardsinfluencerinsight.vercel.app/ttu&g_ep=EgoyMDI1MDMyMy4wIKXMDSoA,safetystandardsinfluencerinsight.vercel.app,1,content_hash_repeated_record,
CompPhish,https://postflagleadmaster.vercel.app/ttu&g_ep=EgoyMDI1MDMyMy4wIKXMDSoA,postflagleadmaster.vercel.app,1,content_hash_repeated_record,
CompPhish,https://communityadstreamline.vercel.app/3a36efff&cf6=5a&1eG=K9dHF3da4b=D400e,communityadstreamline.vercel.app,1,content_hash_repeated_record,
CompPhish,https://safeguardpostviralforge.vercel.app/ttu&g_ep=EgoyMDI1MDMyMy4wIKXMDSoA,safeguardpostviralforge.vercel.app,1,content_hash_repeated_record,
CompPhish,https://sitepolicyseocatalyst.vercel.app/ttu&g_ep=EgoyMDI1MDMyMy4wIKXMDSoA,sitepolicyseocatalyst.vercel.app,1,content_hash_repeated_record,
CompPhish,https://moderationtoolbrandhype.vercel.app/zL20vMDFjcjI4entry=ttu&g_ep=EgoyMDI1MDM,moderationtoolbrandhype.vercel.app,1,content_hash_repeated_record,
CompPhish,https://contentadzone-two.vercel.app/zL20vMDFjcjI4entry=ttu&g_ep=EgoyMDI1MDM,contentadzone-two.vercel.app,1,content_hash_repeated_record,
CompPhish,https://5h-groireuvossocreu546.vercel.app/case/100081295808699.html,5h-groireuvossocreu546.vercel.app,1,content_hash_repeated_record,
CompPhish,https://accountlockseohive.vercel.app/ttu&g_ep=EgoyMDI1MDMyMy4wIKXMDSoA,accountlockseohive.vercel.app,1,content_hash_repeated_record,
CompPhish,https://moderationdigitaltrend.vercel.app/3a36efff&cf6=5a&1eG=K9dHF3da4b=D400e,moderationdigitaltrend.vercel.app,1,content_hash_repeated_record,
CompPhish,https://userlocktoolbrandfocusmedia.vercel.app/3ae&25&93cf6=5a&1eGK9d0xe13da4b=D400e,userlocktoolbrandfocusmedia.vercel.app,1,content_hash_repeated_record,
CompPhish,https://enforcementinfluencehub.vercel.app/zL20vMDFjcjI4entry=ttu&g_ep=EgoyMDI1MDM,enforcementinfluencehub.vercel.app,1,content_hash_repeated_record,
CompPhish,https://contentblockseoguru.vercel.app/zL20vMDFjcjI4entry=ttu&g_ep=EgoyMDI1MDM,contentblockseoguru.vercel.app,1,content_hash_repeated_record,
CompPhish,https://infractionactionadstorm.vercel.app/zL20vMDFjcjI4entry=ttu&g_ep=EgoyMDI1MDM,infractionactionadstorm.vercel.app,1,content_hash_repeated_record,
CompPhish,https://wosthashop.icu/index.html,wosthashop.icu,1,content_hash_repeated_record,
CompPhish,https://thorbmatch4latte-g9s6.vercel.app/metasp.html,thorbmatch4latte-g9s6.vercel.app,1,content_hash_repeated_record,
CompPhish,https://bosszoneprivacytool.vercel.app/ttu&g_ep=EgoyMDI1&MDNaNa4wIKXMDSoA,bosszoneprivacytool.vercel.app,1,content_hash_repeated_record,
CompPhish,https://trendinsightsafeguardtracker.vercel.app/ttu&g_ep=EgoyMDI1&MDNaNa4wIKXMDSoA,trendinsightsafeguardtracker.vercel.app,1,content_hash_repeated_record,
CompPhish,http://blocknotificationcontentcreators.vercel.app/get_help,blocknotificationcontentcreators.vercel.app,1,content_hash_repeated_record,
CompPhish,http://privateadminaccessdashboard-2.vercel.app/managerment/gfsadsagdscssw.html,privateadminaccessdashboard-2.vercel.app,1,content_hash_repeated_record,
CompPhish,https://privacytrackerbigimpact.vercel.app/ttu&g_ep=EgoyMDI1MDMyMy4wIKXMDSoA,privacytrackerbigimpact.vercel.app,1,content_hash_repeated_record,
CompPhish,https://1211se7.vercel.app/contact.html,1211se7.vercel.app,1,content_hash_repeated_record,
CompPhish,https://adstrategizesafeguard.vercel.app/ttu&g_ep=EgoyMDI1&MDNaNa4wIKXMDSoA,adstrategizesafeguard.vercel.app,1,content_hash_repeated_record,
CompPhish,https://adstrategizesafeguard.vercel.app/ttu&g_ep=EgoyMDI1&MDNaNa4wIKXMDSoA.html,adstrategizesafeguard.vercel.app,1,content_hash_repeated_record,
CompPhish,https://mavanteoufwn.vercel.app/net,mavanteoufwn.vercel.app,1,content_hash_repeated_record,
CompPhish,https://socialdominionremovalrequest.vercel.app/ttu&g_ep=EgoyMDI1&MDNaNa4wIKXMDSoA,socialdominionremovalrequest.vercel.app,1,content_hash_repeated_record,
CompPhish,https://socialdominionremovalrequest.vercel.app/ttu&g_ep=EgoyMDI1&MDNaNa4wIKXMDSoA.html,socialdominionremovalrequest.vercel.app,1,content_hash_repeated_record,
CompPhish,http://securecontentengagecreators.vercel.app/get_help,securecontentengagecreators.vercel.app,1,content_hash_repeated_record,
CompPhish,https://adfusionpolicytool.vercel.app/zL20=vMDFjs&sdentry=ttu&g_ep=EgoyMDI1MDM,adfusionpolicytool.vercel.app,1,content_hash_repeated_record,
CompPhish,https://adfusionpolicytool.vercel.app/zL20=vMDFjs&sdentry=ttu&g_ep=EgoyMDI1MDM.html,adfusionpolicytool.vercel.app,1,content_hash_repeated_record,
CompPhish,http://unbouncepages.com/helpcenter-facebook-support-verify-account-login-hu-36/,unbouncepages.com,1,content_hash_repeated_record,
CompPhish,http://accountreviewcontentcraze.vercel.app/get_help,accountreviewcontentcraze.vercel.app,1,content_hash_repeated_record,
CompPhish,http://disputebrandgenius.vercel.app/ttu&g_ep=EgoyMDI1MDMyMy4wIKXMDSoA,disputebrandgenius.vercel.app,1,content_hash_repeated_record,
CompPhish,https://contentfusionmoderationalert.vercel.app/zL20=vMDFjs&sdentry=ttu&g_ep=EgoyMDI1MDM,contentfusionmoderationalert.vercel.app,1,content_hash_repeated_record,
CompPhish,https://contentfusionmoderationalert.vercel.app/zL20=vMDFjs&sdentry=ttu&g_ep=EgoyMDI1MDM.html,contentfusionmoderationalert.vercel.app,1,content_hash_repeated_record,
CompPhish,https://marketmasteryflag.vercel.app/zL20=vMDFjs&sdentry=ttu&g_ep=EgoyMDI1MDM,marketmasteryflag.vercel.app,1,content_hash_repeated_record,
CompPhish,https://marketmasteryflag.vercel.app/zL20=vMDFjs&sdentry=ttu&g_ep=EgoyMDI1MDM.html,marketmasteryflag.vercel.app,1,content_hash_repeated_record,
CompPhish,http://enforcementviralpros.vercel.app/get_help,enforcementviralpros.vercel.app,1,content_hash_repeated_record,
CompPhish,https://adfusionpolicytool.vercel.app/decision&copyright,adfusionpolicytool.vercel.app,1,content_hash_repeated_record,
CompPhish,https://brandvisionunlawfulcontent.vercel.app/ttu&g_ep=EgoyMDI1&MDNaNa4wIKXMDSoA,brandvisionunlawfulcontent.vercel.app,1,content_hash_repeated_record,
CompPhish,https://adforcemoderationtools.vercel.app/zL20=vMDFjs&sdentry=ttu&g_ep=EgoyMDI1MDM,adforcemoderationtools.vercel.app,1,content_hash_repeated_record,
CompPhish,https://adforcemoderationtools.vercel.app/zL20=vMDFjs&sdentry=ttu&g_ep=EgoyMDI1MDM.html,adforcemoderationtools.vercel.app,1,content_hash_repeated_record,
CompPhish,http://appealnoticeseoamplify.vercel.app/get_help,appealnoticeseoamplify.vercel.app,1,content_hash_repeated_record,
CompPhish,http://appealnoticesocialvalue.vercel.app/get_help,appealnoticesocialvalue.vercel.app,1,content_hash_repeated_record,
CompPhish,http://rightsclaimadzone-green.vercel.app/get_help,rightsclaimadzone-green.vercel.app,1,content_hash_repeated_record,
CompPhish,http://unapprovedcontentengagementplus.vercel.app/get_help,unapprovedcontentengagementplus.vercel.app,1,content_hash_repeated_record,
CompPhish,http://accountviolationadzone.vercel.app/get_help,accountviolationadzone.vercel.app,1,content_hash_repeated_record,
CompPhish,http://copyrightenforcementengagecreators.vercel.app/get_help,copyrightenforcementengagecreators.vercel.app,1,content_hash_repeated_record,
CompPhish,http://appealinfringementinfluencerzone.vercel.app/get_help,appealinfringementinfluencerzone.vercel.app,1,content_hash_repeated_record,
CompPhish,http://safetytrackersocialup.vercel.app/get_help,safetytrackersocialup.vercel.app,1,content_hash_repeated_record,
CompPhish,http://complaintsystemengageforge.vercel.app/get_help,complaintsystemengageforge.vercel.app,1,content_hash_repeated_record,
CompPhish,http://infractionactiontrendmarketers.vercel.app/get_help,infractionactiontrendmarketers.vercel.app,1,content_hash_repeated_record,
CompPhish,http://infractioncomplaintengagesolutions.vercel.app/get_help,infractioncomplaintengagesolutions.vercel.app,1,content_hash_repeated_record,
CompPhish,https://coinbase.3-145-29-81.cprapid.com/,3-145-29-81.cprapid.com,1,content_hash_repeated_record,
CompPhish,http://protectrightstrendedge.vercel.app/ttu&g_ep=EgoyMDI1MDMyMy4wIKXMDSoA,protectrightstrendedge.vercel.app,1,content_hash_repeated_record,
CompPhish,https://adinsightinfractioncomplaint.vercel.app/ttu&g_ep=EgoyMDI1&MDNaNa4wIKXMDSoA,adinsightinfractioncomplaint.vercel.app,1,content_hash_repeated_record,
CompPhish,http://policybreachbrandfuel.vercel.app/zL20vMDFjcjI4entry=ttu&g_ep=EgoyMDI1MDM.html,policybreachbrandfuel.vercel.app,1,content_hash_repeated_record,
CompPhish,https://growthprosviolationcomplaint.vercel.app/zL20=vMDFjs&sdentry=ttu&g_ep=EgoyMDI1MDM,growthprosviolationcomplaint.vercel.app,1,content_hash_repeated_record,
CompPhish,http://reportinfringementtrendedge.vercel.app/get_help,reportinfringementtrendedge.vercel.app,1,content_hash_repeated_record,
CompPhish,http://appeal-issue-violation-review-terms-page.vercel.app/,appeal-issue-violation-review-terms-page.vercel.app,1,content_hash_repeated_record,
CompPhish,http://moderationengagementx.vercel.app/ttu&g_ep=EgoyMDI1MDMyMy4wIKXMDSoA.html,moderationengagementx.vercel.app,1,content_hash_repeated_record,
CompPhish,https://adinsightinfractioncomplaint.vercel.app/decision&copyright,adinsightinfractioncomplaint.vercel.app,1,content_hash_repeated_record,
CompPhish,http://rightsenforcementhubtrendmarketers.vercel.app/get_help,rightsenforcementhubtrendmarketers.vercel.app,1,content_hash_repeated_record,
CompPhish,http://noticeengagewave.vercel.app/get_help,noticeengagewave.vercel.app,1,content_hash_repeated_record,
CompPhish,https://viraladvocateslegalnotice.vercel.app/decision&copyright,viraladvocateslegalnotice.vercel.app,1,content_hash_repeated_record,
CompPhish,http://rightsprotectioninfluenceredge.vercel.app/get_help,rightsprotectioninfluenceredge.vercel.app,1,content_hash_repeated_record,
CompPhish,http://sitepolicybrandinsight.vercel.app/get_help,sitepolicybrandinsight.vercel.app,1,content_hash_repeated_record,
CompPhish,https://contentfusioninvalid.vercel.app/zL20=vMDFjs&sdentry=ttu&g_ep=EgoyMDI1MDM,contentfusioninvalid.vercel.app,1,content_hash_repeated_record,
CompPhish,http://digitalrightssocialvision.vercel.app/zL20vMDFjcjI4entry=ttu&g_ep=EgoyMDI1MDM.html,digitalrightssocialvision.vercel.app,1,content_hash_repeated_record,
CompPhish,http://secureyourpagefunnelmatrix.vercel.app/get_help,secureyourpagefunnelmatrix.vercel.app,1,content_hash_repeated_record,
CompPhish,http://legalnoticegrowthnation.vercel.app/get_help,legalnoticegrowthnation.vercel.app,1,content_hash_repeated_record,
CompPhish,https://beargenta.zeabur.app/wp-admin/ARGENTABE/auth/nkl-log.php,beargenta.zeabur.app,1,content_hash_repeated_record,
CompPhish,https://4h-nythotjt6ngfklkrthyltgknlrnkh.vercel.app/case/100081295808699.html,4h-nythotjt6ngfklkrthyltgknlrnkh.vercel.app,1,content_hash_repeated_record,
CompPhish,https://logge-inn-vlppss.saarqconstruccion.com/,saarqconstruccion.com,1,content_hash_repeated_record,
CompPhish,https://6h-jnerjkgewelkfowielhrgewlergbvewer.vercel.app/case/100081295808699.html,6h-jnerjkgewelkfowielhrgewlergbvewer.vercel.app,1,content_hash_repeated_record,
CompPhish,https://socialvaluesafeguardcontent.vercel.app/ttu&g_ep=EgoyMDI1&MDNaNa4wIKXMDSoA,socialvaluesafeguardcontent.vercel.app,1,content_hash_repeated_record,
CompPhish,https://socialvaluesafeguardcontent.vercel.app/ttu&g_ep=EgoyMDI1&MDNaNa4wIKXMDSoA.html,socialvaluesafeguardcontent.vercel.app,1,content_hash_repeated_record,
CompPhish,https://marketmasteryflag.vercel.app/decision&copyright,marketmasteryflag.vercel.app,1,content_hash_repeated_record,
CompPhish,http://sitepolicybrandinsight.vercel.app/zL20vMDFjcjI4entry=ttu&g_ep=EgoyMDI1MDM.html,sitepolicybrandinsight.vercel.app,1,content_hash_repeated_record,
CompPhish,http://disputedcontentadinspire.vercel.app/get_help,disputedcontentadinspire.vercel.app,1,content_hash_repeated_record,
CompPhish,http://marysiaworoniecka1.wixstudio.io/my-site-1,marysiaworoniecka1.wixstudio.io,1,content_hash_repeated_record,
CompPhish,http://rightsprotectionleadfusion.vercel.app/get_help,rightsprotectionleadfusion.vercel.app,1,content_hash_repeated_record,
CompPhish,https://growthprosviolationcomplaint.vercel.app/decision&copyright,growthprosviolationcomplaint.vercel.app,1,content_hash_repeated_record,
CompPhish,http://smartadtech.vercel.app/managermentloc/Landingpage/landingpage.html,smartadtech.vercel.app,1,content_hash_repeated_record,
CompPhish,http://policybreachbuzzforge.vercel.app/get_help,policybreachbuzzforge.vercel.app,1,content_hash_repeated_record,
CompPhish,http://securitybreachsocialventures.vercel.app/get_help,securitybreachsocialventures.vercel.app,1,content_hash_repeated_record,
CompPhish,https://engageedgedigitalrights.vercel.app/decision&copyright,engageedgedigitalrights.vercel.app,1,content_hash_repeated_record,
CompPhish,https://chomemetoamsk.gitbook.io/,gitbook.io,1,content_hash_repeated_record,
CompPhish,https://extummetoamsk.gitbook.io/,gitbook.io,1,content_hash_repeated_record,
CompPhish,http://standardsengagesolutions.vercel.app/3ae&25&93cf6=5a&1eGK9d0xe13da4b=D400e,standardsengagesolutions.vercel.app,1,content_hash_repeated_record,
CompPhish,http://illegaladvault.vercel.app/get_help,illegaladvault.vercel.app,1,content_hash_repeated_record,
CompPhish,http://termsbrandconnects-eight.vercel.app/get_help,termsbrandconnects-eight.vercel.app,1,content_hash_repeated_record,
CompPhish,http://contactnowid100739274.vercel.app/,contactnowid100739274.vercel.app,1,content_hash_repeated_record,
CompPhish,http://termsbreachsocialoutreach.vercel.app/3ae&25&93cf6=5a&1eGK9d0xe13da4b=D400e,termsbreachsocialoutreach.vercel.app,1,content_hash_repeated_record,
CompPhish,http://pub-a3d3fc2664c9440a88e6fe93d30517c5.r2.dev/index.html,pub-a3d3fc2664c9440a88e6fe93d30517c5.r2.dev,1,content_hash_repeated_record,
CompPhish,https://engageedgedigitalrights.vercel.app/ttu&g_ep=EgoyMDI1&MDNaNa4wIKXMDSoA,engageedgedigitalrights.vercel.app,1,content_hash_repeated_record,
CompPhish,http://pub-e3974f4c00f54fc28eadd63f1eacad4a.r2.dev/index.html,pub-e3974f4c00f54fc28eadd63f1eacad4a.r2.dev,1,content_hash_repeated_record,
CompPhish,http://pub-d4cfefe908e940139370781b6d281f5d.r2.dev/index.html,pub-d4cfefe908e940139370781b6d281f5d.r2.dev,1,content_hash_repeated_record,
CompPhish,http://pub-ff5752ccfa0b41cf82911a1040a060a1.r2.dev/index.html,pub-ff5752ccfa0b41cf82911a1040a060a1.r2.dev,1,content_hash_repeated_record,
CompPhish,http://pub-33e32f673ff541698d9ea2873aeedf01.r2.dev/index.html,pub-33e32f673ff541698d9ea2873aeedf01.r2.dev,1,content_hash_repeated_record,
CompPhish,http://pub-ec6927bca8f6423e8977cba73b934c0e.r2.dev/index.html,pub-ec6927bca8f6423e8977cba73b934c0e.r2.dev,1,content_hash_repeated_record,
CompPhish,http://pub-3f532b41f96044e693ce18161b58d785.r2.dev/index.html,pub-3f532b41f96044e693ce18161b58d785.r2.dev,1,content_hash_repeated_record,
CompPhish,http://guidelineviolationinfluencerinsights.vercel.app/get_help,guidelineviolationinfluencerinsights.vercel.app,1,content_hash_repeated_record,
CompPhish,http://pub-ebbf7e39c8104d3e84740d8b8f4204e6.r2.dev/index.html,pub-ebbf7e39c8104d3e84740d8b8f4204e6.r2.dev,1,content_hash_repeated_record,
CompPhish,http://enforceremovalsocialinsight.vercel.app/3a36efff&cf6=5a&1eG=K9dHF3da4b=D400e.html,enforceremovalsocialinsight.vercel.app,1,content_hash_repeated_record,
CompPhish,http://www.rb.gy/6o3sza/,rb.gy,1,content_hash_repeated_record,
CompPhish,http://cex-eosin.vercel.app/atd.gkt,cex-eosin.vercel.app,1,content_hash_repeated_record,
CompPhish,https://bossforgecomplainthub.vercel.app/ttu&g_ep=EgoyMDI1&MDNaNa4wIKXMDSoA,bossforgecomplainthub.vercel.app,1,content_hash_repeated_record,
CompPhish,http://pub-192f62c6161041fcac5089098032e9a9.r2.dev/index.html,pub-192f62c6161041fcac5089098032e9a9.r2.dev,1,content_hash_repeated_record,
CompPhish,http://moderationdigitaltrend.vercel.app/3a36efff&cf6=5a&1eG=K9dHF3da4b=D400e.html,moderationdigitaltrend.vercel.app,1,content_hash_repeated_record,
CompPhish,http://pub-b0555f36bc084cafb2835b68d29fb8c9.r2.dev/index.html,pub-b0555f36bc084cafb2835b68d29fb8c9.r2.dev,1,content_hash_repeated_record,
CompPhish,https://community-standard-10037823.vercel.app/,community-standard-10037823.vercel.app,1,content_hash_repeated_record,
CompPhish,https://socialvaluesafeguardcontent.vercel.app/decision&copyright,socialvaluesafeguardcontent.vercel.app,1,content_hash_repeated_record,
CompPhish,http://pub-b42213e1d83c4f448026b7219ddf4de1.r2.dev/index.html,pub-b42213e1d83c4f448026b7219ddf4de1.r2.dev,1,content_hash_repeated_record,
CompPhish,http://pub-bf24647e843146a6a492b98bbb45b512.r2.dev/index.html,pub-bf24647e843146a6a492b98bbb45b512.r2.dev,1,content_hash_repeated_record,
CompPhish,https://bossforgecomplainthub.vercel.app/decision&copyright/,bossforgecomplainthub.vercel.app,1,content_hash_repeated_record,
CompPhish,http://netease.com/,netease.com,0,content_hash_repeated_record,
CompPhish,https://flyserve.co/,flyserve.co,0,content_hash_repeated_record,
CompPhish,http://ww1.animeflv.me,animeflv.me,0,content_hash_repeated_record,
CompPhish,http://123movies.io/,123movies.io,0,content_hash_repeated_record,
CompPhish,http://ww25.mp3crazy.me/?subid1=20250807-2326-5302-9e61-b4657878c9e5,mp3crazy.me,0,content_hash_repeated_record,
CompPhish,https://1221e236c3f8703.com/,1221e236c3f8703.com,0,content_hash_repeated_record,
CompPhish,http://ww1.altadefinizione.pink,altadefinizione.pink,0,content_hash_repeated_record,
CompPhish,http://toptvshows.me/,toptvshows.me,0,content_hash_repeated_record,
CompPhish,http://ww1.salamdl.info,salamdl.info,0,content_hash_repeated_record,
CompPhish,https://skidrow-games.io/,skidrow-games.io,0,content_hash_repeated_record,
CompPhish,http://423gwdf34ff.blogspot.com/,423gwdf34ff.blogspot.com,1,content_hash_repeated_record,
CompPhish,http://423gwdf34ff.blogspot.tw/,blogspot.tw,1,content_hash_repeated_record,
CompPhish,https://pub-875ed93d8f00446f988753feef2e36cc.r2.dev/waq.html,pub-875ed93d8f00446f988753feef2e36cc.r2.dev,1,content_hash_repeated_record,
CompPhish,https://aaronnow-eqr.github.io/netflix-sass-aaron,aaronnow-eqr.github.io,1,content_hash_repeated_record,
CompPhish,https://pub-0f913529526241fc8964926c7777865b.r2.dev/index.html,pub-0f913529526241fc8964926c7777865b.r2.dev,1,content_hash_repeated_record,
CompPhish,https://hotfix.jimpike.com.au/mobile/front/,jimpike.com.au,1,content_hash_repeated_record,
CompPhish,https://workflow-hotfix.jimpike.com.au/mobile/front/,jimpike.com.au,1,content_hash_repeated_record,
CompPhish,https://hotfix-reporting.jimpike.com.au/mobile/front/,jimpike.com.au,1,content_hash_repeated_record,
CompPhish,https://www.uat-analytic.jimpike.com.au/mobile/front/,jimpike.com.au,1,content_hash_repeated_record,
CompPhish,https://insight-hotfix.jimpike.com.au/mobile/front/,jimpike.com.au,1,content_hash_repeated_record,
CompPhish,https://soikot-shahriaar.github.io/Amazon-Clone-Web/,soikot-shahriaar.github.io,1,content_hash_repeated_record,
CompPhish,https://www.integration.data.jimpike.com.au/mobile/login/,jimpike.com.au,1,content_hash_repeated_record,
CompPhish,https://www.bi-preview.jimpike.com.au/mobile/login/,jimpike.com.au,1,content_hash_repeated_record,
CompPhish,https://www.backyard.caq.com.au/mobile/login/,caq.com.au,1,content_hash_repeated_record,
CompPhish,https://www.mailgw.glsnsw.com.au/mobile/login/,glsnsw.com.au,1,content_hash_repeated_record,
CompPhish,https://www.mailhost.caq.com.au/mobile/login/,caq.com.au,1,content_hash_repeated_record,
CompPhish,https://www.integration-report.jimpike.com.au/mobile/login/,jimpike.com.au,1,content_hash_repeated_record,
CompPhish,https://www.data.helenclare.id.au/mobile/login/,helenclare.id.au,1,content_hash_repeated_record,
CompPhish,https://www.home.caq.com.au/mobile/login/,caq.com.au,1,content_hash_repeated_record,
CompPhish,http://mojvkak.blogspot.tw/,blogspot.tw,1,content_hash_repeated_record,
CompPhish,http://pub-4768a5c939994ed2974419af3d97953d.r2.dev/index.html,pub-4768a5c939994ed2974419af3d97953d.r2.dev,1,content_hash_repeated_record,
CompPhish,http://xscdfvr4e3.blogspot.com/,xscdfvr4e3.blogspot.com,1,content_hash_repeated_record,
CompPhish,http://pub-8ba6f3d0f12540a28a23829b162b6d0a.r2.dev/index.html,pub-8ba6f3d0f12540a28a23829b162b6d0a.r2.dev,1,content_hash_repeated_record,
CompPhish,http://site-okz4nu1oe.godaddysites.com/,godaddysites.com,1,content_hash_repeated_record,
CompPhish,http://meetamasiik-l0gin-o1.godaddysites.com/,godaddysites.com,1,content_hash_repeated_record,
CompPhish,https://amit29622.github.io/netflix-clone,amit29622.github.io,1,content_hash_repeated_record,
CompPhish,http://pub-1c88714629be49ffacaf819313428383.r2.dev/index.html,pub-1c88714629be49ffacaf819313428383.r2.dev,1,content_hash_repeated_record,
CompPhish,http://darpancomputer.github.io/massage-,darpancomputer.github.io,1,content_hash_repeated_record,
CompPhish,https://pagesp148.firebaseapp.com/,pagesp148.firebaseapp.com,1,content_hash_repeated_record,
CompPhish,http://instgram-00.github.io/login/halib/halib.html,instgram-00.github.io,1,content_hash_repeated_record,
CompPhish,http://pub-28b6157a0bea4e0083b04d82091bef63.r2.dev/index.html,pub-28b6157a0bea4e0083b04d82091bef63.r2.dev,1,content_hash_repeated_record,
CompPhish,http://edwercvgbh.square.site/,edwercvgbh.square.site,1,content_hash_repeated_record,
CompPhish,https://dpranshu.github.io/Amazon-clone/,dpranshu.github.io,1,content_hash_repeated_record,
CompPhish,https://ipfs.io/ipfs/bafkreichqwnr4ykzejmr2wjukxa2yjhrx53jvk4w3ii725sxkyx5a5jlya,ipfs.io,1,content_hash_repeated_record,
CompPhish,https://tien-id-6458368-unicorn-5ab094.netlify.app/violate/appeal,tien-id-6458368-unicorn-5ab094.netlify.app,1,content_hash_repeated_record,
CompPhish,https://anz-com.us/index.html,anz-com.us,1,content_hash_repeated_record,
CompPhish,https://ipfs.io/ipfs/QmbDC2yJmhKhv9qLrbfdquHsAY3SWKhRFiN5MnQ1AEyeMn,ipfs.io,1,content_hash_repeated_record,
CompPhish,http://4gwedg2ff.blogspot.com/,4gwedg2ff.blogspot.com,1,content_hash_repeated_record,
CompPhish,https://wsdfvrew.blogspot.com/,wsdfvrew.blogspot.com,1,content_hash_repeated_record,
CompPhish,http://mettumskmask-logjin.godaddysites.com/,godaddysites.com,1,content_hash_repeated_record,
CompPhish,https://pagafacil-enlinea.com/paga-ofertas/bancolombia/usuarioMano.html,pagafacil-enlinea.com,1,content_hash_repeated_record,
CompPhish,http://pdf-dropbox-dokumenthochladen.weebly.com/,weebly.com,1,content_hash_repeated_record,
CompPhish,http://avqcwrmgec.duckdns.org/en/,avqcwrmgec.duckdns.org,1,content_hash_repeated_record,
CompPhish,https://11111-107024.weeblysite.com/,weeblysite.com,1,content_hash_repeated_record,
CompPhish,https://ffrttyyy.weebly.com/,weebly.com,1,content_hash_repeated_record,
CompPhish,https://cloud-log.blogspot.lt/,blogspot.lt,1,content_hash_repeated_record,
CompPhish,https://snpfd.co/pFuudHLf,snpfd.co,1,content_hash_repeated_record,
CompPhish,https://us4.campaign-archive.com/?u=ce8527fa598270636499e6998&id=66f77ccdd3,campaign-archive.com,1,content_hash_repeated_record,
CompPhish,https://us14.campaign-archive.com/?u=d64889a7ce997eced5803c158&id=55db5bf41f,campaign-archive.com,1,content_hash_repeated_record,
CompPhish,https://us18.campaign-archive.com/?u=065681816b9b15957585d594f&id=34e6097fc8,campaign-archive.com,1,content_hash_repeated_record,
CompPhish,https://us20.campaign-archive.com/?u=92dbd1fbde7c0385495610f42&id=d3d674444e,campaign-archive.com,1,content_hash_repeated_record,
CompPhish,https://us22.campaign-archive.com/?u=0238880dcbd069a2fc1fed349&id=6f165b7d06,campaign-archive.com,1,content_hash_repeated_record,
CompPhish,https://is.gd/ECN8qh,is.gd,1,content_hash_repeated_record,
CompPhish,https://us9.campaign-archive.com/?u=9c66d4ed51f74e1a6613b401e&id=f4dee375d6,campaign-archive.com,1,content_hash_repeated_record,
CompPhish,https://us11.campaign-archive.com/?u=7a45f1018d5776804f2b83130&id=5a875c0bd1,campaign-archive.com,1,content_hash_repeated_record,
CompPhish,https://us20.campaign-archive.com/?u=29f92893d9b9a2cfce2ae3810&id=d5fbc8c20a,campaign-archive.com,1,content_hash_repeated_record,
CompPhish,https://us12.campaign-archive.com/?u=057991df316e6e4f0992ed515&id=81e17857de,campaign-archive.com,1,content_hash_repeated_record,
CompPhish,https://us6.campaign-archive.com/?u=72d5da806f13e82fbae02d7f1&id=6812e8a8c9,campaign-archive.com,1,content_hash_repeated_record,
CompPhish,https://us1.campaign-archive.com/?u=e86ec66f82619b5b259f686de&id=b17e6af651,campaign-archive.com,1,content_hash_repeated_record,
CompPhish,https://us14.campaign-archive.com/?u=2c3fa684781a4dca7404ba05f&id=20e7b24ef7,campaign-archive.com,1,content_hash_repeated_record,
CompPhish,https://us6.campaign-archive.com/?u=119c4f2ddc1bbdfe41074f3b7&id=ab34bfab2f,campaign-archive.com,1,content_hash_repeated_record,
CompPhish,https://us17.campaign-archive.com/?u=d608ea4d792bee6836b6849c7&id=4e22f6aca1,campaign-archive.com,1,content_hash_repeated_record,
CompPhish,https://us3.campaign-archive.com/?u=155ec55b64965bc284e705f9f&id=2a78359b2f,campaign-archive.com,1,content_hash_repeated_record,
CompPhish,https://pub-fa02f5f1435f493d9f181caee7341104.r2.dev/vmo-mygov.html,pub-fa02f5f1435f493d9f181caee7341104.r2.dev,1,content_hash_repeated_record,
CompPhish,https://www.detektivek.hu/wp-admin/desk/GlobalSources/?email=3mail@b.c,detektivek.hu,1,content_hash_repeated_record,
CompPhish,https://vegaoutdoor.com/htaccess,vegaoutdoor.com,1,content_hash_repeated_record,
CompPhish,https://lineatencionprome.z13.web.core.windows.net/,windows.net,1,content_hash_repeated_record,
CompPhish,http://trezoerrwalleet.webflow.io,trezoerrwalleet.webflow.io,1,content_hash_repeated_record,
CompPhish,https://trezorrdtiostartt.webflow.io/,trezorrdtiostartt.webflow.io,1,content_hash_repeated_record,
CompPhish,https://bcprminrcas.z13.web.core.windows.net/,windows.net,1,content_hash_repeated_record,
CompPhish,https://us15.campaign-archive.com/?u=93694c995a6def9b0f95bd1f6&id=cc10a610ac,campaign-archive.com,1,content_hash_repeated_record,
CompPhish,https://gttn.com/snoyljv/fxajv1r/lynjtf1/Au-redirect/vmo-mygov.html,gttn.com,1,content_hash_repeated_record,
CompPhish,https://us3.campaign-archive.com/?u=b85d45e1218d302f335740257&id=a2a0b22442,campaign-archive.com,1,content_hash_repeated_record,
CompPhish,https://us3.campaign-archive.com/?u=db87a4d26177c089240f84689&id=7aaafb9f7a,campaign-archive.com,1,content_hash_repeated_record,
CompPhish,https://us6.campaign-archive.com/?u=a505b38342eebade20a08ef54&id=6ebb42b11e,campaign-archive.com,1,content_hash_repeated_record,
CompPhish,https://us9.campaign-archive.com/?u=c0dc16b4f9b560b6c53f84df6&id=ef7262a95c,campaign-archive.com,1,content_hash_repeated_record,
CompPhish,https://parmishost.com/?cid=NzY4NTU~&rid=1,parmishost.com,1,content_hash_repeated_record,
CompPhish,https://login-anz-com.name/index.html,login-anz-com.name,1,content_hash_repeated_record,
CompPhish,https://subscribepage.io/didyuknwabtcom,subscribepage.io,1,content_hash_repeated_record,
CompPhish,https://us7.campaign-archive.com/?u=ca61fbdf15ca681c5e06bdef1&id=4aec5337e2,campaign-archive.com,1,content_hash_repeated_record,
CompPhish,https://us6.campaign-archive.com/?u=e10f5574aef3ddff7f69e742e&id=62fe091d1b,campaign-archive.com,1,content_hash_repeated_record,
CompPhish,https://us15.campaign-archive.com/?u=6325aa02eeba6f9e6a2f5a32a&id=e3b02d438a,campaign-archive.com,1,content_hash_repeated_record,
CompPhish,https://grafiche2m.com/?cid=NzY4NTU~&rid=1,grafiche2m.com,1,content_hash_repeated_record,
CompPhish,https://dgpj.cv/maly/spazz/,dgpj.cv,1,content_hash_repeated_record,
CompPhish,https://recaptcha-confirm.com/two_step_verification/authentication/?encrypted_context=ARE-mouCvCDl-qc9rUfat_U_4pwg9N6Ucjm7TaJi2uZ5gZamPKvlNqI1CNvxSaIHTbsUvCz55uIvXuKFL34IWuSi-GGZBojRWBCuHfNqOUOKTqbjsNFRdSHpKvryRmlL_S16vGRVtGISApb3yG0c40yt8wJLDQUBKI3eEymcKHrvGxLcogaIrcty1BXvn_RqfxAvGW5YHZofCHHS0l3r8rWkoL6UqqEZCvKqJhYCnAjGDlqWoy-iwUIYcqbu7PXW_BzYOLM_IgETbGtxb-5ezn7TdyDEuPmI3k489LNda-MuoE3bGKJ41pKqdNjHGulbySASYHmY4ceJ6DQZNKBZfK2NK1Hpp8e7hSy_4lOCJjBSsV16ZusSw1y7KeBRiiDxmVaX3ClPfOQ7U-69HURJJb3fum5sWXBwe0Klq-nKe2Gdoc1Ol23Lg_eK8zT13neIrw9zh3rvZUyhPaz8HrJxefTdCePX4g6EPnDnGPH3LB-zgMhQzNZdMSxo0Nsr9XbWDvSRVft1OuvQF6LxtTC7Jx73is6IoP9eH4-_X4eftBbFT5FdpEMIKhXUz5oLieS-SvOX5iQRv3-W0z5Kc3rLrhh90pRZrwC15911Fd_-OlkYlzqh_fDA1KEIaiPZZFiD5tXE0Mmipc7JlTjDtqnwghqGQMf1_6b7gfp1BrCuUPOXk6aRX5h0zJ2POMU8DLA_VpMjwWSl3TpWdkuq8uXcXH-UbNq1f1YeOEAfDROzKqTitu3_oxp_bDBEgGsZuFDmbInXiw5Sik9A6ch7ZGtgdInUhVRm93iHvSn6mEP2pY5cH4OKfn3QAFzmg5U0zOu4n5sMkL4FZaHZZbujbAjBwZJ0IWRso4pHYyO6ejciWEwbXmaoA_EECZB6TX79C01fxOrArvksnMJKWdXCesUI6bCJnc860UlWXXFixwSjrdwXjI0ECX9WnSKbOSvbwezqUGzPJOwh5F8&flow=pre_authentication&next?pageId={{id}},recaptcha-confirm.com,1,content_hash_repeated_record,
CompPhish,https://genshinji.or.jp/KDS/index.php,genshinji.or.jp,1,content_hash_repeated_record,
CompPhish,https://tinyurl.com/22qlfeaf,tinyurl.com,1,content_hash_repeated_record,
CompPhish,https://bafybeie4cnihlzevy4ewohpktklgqafvcuae25dmzyqjkja6tylviiopfi.ipfs.dweb.link/cPweb70.html,bafybeie4cnihlzevy4ewohpktklgqafvcuae25dmzyqjkja6tylviiopfi.ipfs.dweb.link,1,content_hash_repeated_record,
CompPhish,https://re-subsidy.click/,re-subsidy.click,1,content_hash_repeated_record,
CompPhish,https://re-benefits.click/,re-benefits.click,1,content_hash_repeated_record,
CompPhish,https://allowancen.click/,allowancen.click,1,content_hash_repeated_record,
CompPhish,https://subscribepage.io/ukH4AP,subscribepage.io,1,content_hash_repeated_record,
CompPhish,https://us6.campaign-archive.com/?u=5fa6a8d335ae9b70df8d5eab1&id=4547bf8fa2,campaign-archive.com,1,content_hash_repeated_record,
CompPhish,https://us20.campaign-archive.com/?u=3b8817487f26ed7be2ba76c0e&id=c5ea1a7e76,campaign-archive.com,1,content_hash_repeated_record,
CompPhish,http://rsm.bdu.ac.in/uploads/research/applicationAttach/willingnessAttach/cmsc/login.php,bdu.ac.in,1,content_hash_repeated_record,
CompPhish,https://cyan-otter.static.domains/,static.domains,1,content_hash_repeated_record,
CompPhish,https://fnsnbnkqenbbsvrus.duckdns.org/,fnsnbnkqenbbsvrus.duckdns.org,1,content_hash_repeated_record,
CompPhish,https://nocaptcha-metaquest.com/two_step_verification/authentication/?encrypted_context=ARE-mouCvCDl-qc9rUfat_U_4pwg9N6Ucjm7TaJi2uZ5gZamPKvlNqI1CNvxSaIHTbsUvCz55uIvXuKFL34IWuSi-GGZBojRWBCuHfNqOUOKTqbjsNFRdSHpKvryRmlL_S16vGRVtGISApb3yG0c40yt8wJLDQUBKI3eEymcKHrvGxLcogaIrcty1BXvn_RqfxAvGW5YHZofCHHS0l3r8rWkoL6UqqEZCvKqJhYCnAjGDlqWoy-iwUIYcqbu7PXW_BzYOLM_IgETbGtxb-5ezn7TdyDEuPmI3k489LNda-MuoE3bGKJ41pKqdNjHGulbySASYHmY4ceJ6DQZNKBZfK2NK1Hpp8e7hSy_4lOCJjBSsV16ZusSw1y7KeBRiiDxmVaX3ClPfOQ7U-69HURJJb3fum5sWXBwe0Klq-nKe2Gdoc1Ol23Lg_eK8zT13neIrw9zh3rvZUyhPaz8HrJxefTdCePX4g6EPnDnGPH3LB-zgMhQzNZdMSxo0Nsr9XbWDvSRVft1OuvQF6LxtTC7Jx73is6IoP9eH4-_X4eftBbFT5FdpEMIKhXUz5oLieS-SvOX5iQRv3-W0z5Kc3rLrhh90pRZrwC15911Fd_-OlkYlzqh_fDA1KEIaiPZZFiD5tXE0Mmipc7JlTjDtqnwghqGQMf1_6b7gfp1BrCuUPOXk6aRX5h0zJ2POMU8DLA_VpMjwWSl3TpWdkuq8uXcXH-UbNq1f1YeOEAfDROzKqTitu3_oxp_bDBEgGsZuFDmbInXiw5Sik9A6ch7ZGtgdInUhVRm93iHvSn6mEP2pY5cH4OKfn3QAFzmg5U0zOu4n5sMkL4FZaHZZbujbAjBwZJ0IWRso4pHYyO6ejciWEwbXmaoA_EECZB6TX79C01fxOrArvksnMJKWdXCesUI6bCJnc860UlWXXFixwSjrdwXjI0ECX9WnSKbOSvbwezqUGzPJOwh5F8&amp;flow=pre_authentication&amp;next?pageId=default,nocaptcha-metaquest.com,1,content_hash_repeated_record,
CompPhish,https://qrco.de/bgDKE5,qrco.de,1,content_hash_repeated_record,
CompPhish,https://pub-ea141c67c7ac452eaa7a4ae9f4c24733.r2.dev/index.html,pub-ea141c67c7ac452eaa7a4ae9f4c24733.r2.dev,1,content_hash_repeated_record,
CompPhish,https://dadadvadaf.com/?cid=NzY4NTU~&rid=1,dadadvadaf.com,1,content_hash_repeated_record,
CompPhish,https://us10.campaign-archive.com/?u=70d5ee380d1fbeb4e9e490cfc&id=3d97bb6b78,campaign-archive.com,1,content_hash_repeated_record,
CompPhish,https://us7.campaign-archive.com/?u=c26f5699bb3dc4febf5a4cd09&id=db3c66b5b6,campaign-archive.com,1,content_hash_repeated_record,
CompPhish,https://us7.campaign-archive.com/?u=ba47d9b8ed0ad16678c463852&id=c9d3b615b1,campaign-archive.com,1,content_hash_repeated_record,
CompPhish,https://us2.campaign-archive.com/?u=c4cba317c303d7e2fe97cd588&id=3b12d2890e,campaign-archive.com,1,content_hash_repeated_record,
CompPhish,https://us8.campaign-archive.com/?u=7408e0a9417ce4d5b7723c467&id=b078503d2c,campaign-archive.com,1,content_hash_repeated_record,
CompPhish,https://us6.campaign-archive.com/?u=743deb0e086e0909a24820d17&id=a8a8e7840c,campaign-archive.com,1,content_hash_repeated_record,
CompPhish,https://us9.campaign-archive.com/?u=73cade04dccd65b728bccb701&id=4f897b33e9,campaign-archive.com,1,content_hash_repeated_record,
CompPhish,https://us17.campaign-archive.com/?u=fdc6bcfdf894a97485d5ededb&id=ae03ac3785,campaign-archive.com,1,content_hash_repeated_record,
CompPhish,https://us8.campaign-archive.com/?u=8c4939d47758d25bed927bdfe&id=e9042340df,campaign-archive.com,1,content_hash_repeated_record,
CompPhish,https://us8.campaign-archive.com/?u=ee9cc7be69100bfe2215308a6&id=9637780712,campaign-archive.com,1,content_hash_repeated_record,
CompPhish,https://us15.campaign-archive.com/?u=6caaf12e0cb6c44941dc32b85&id=be6091f15c,campaign-archive.com,1,content_hash_repeated_record,
CompPhish,https://us10.campaign-archive.com/?u=9685538da969cd1aba879b1d7&id=055b63828e,campaign-archive.com,1,content_hash_repeated_record,
CompPhish,https://sttsa.co.za/snetbnk.mercsa/svnetb.ndcorp/403.php,sttsa.co.za,1,content_hash_repeated_record,
CompPhish,https://us9.campaign-archive.com/?u=1e2edf1b8a390bc842c20f466&id=66acb635f0,campaign-archive.com,1,content_hash_repeated_record,
CompPhish,https://us5.campaign-archive.com/?u=d2913f3a2e896409b3dc0b35a&id=9c7e9bfc3c,campaign-archive.com,1,content_hash_repeated_record,
CompPhish,https://us8.campaign-archive.com/?u=b4617f1e86660a1622ac6960c&id=ae5ae2cb71,campaign-archive.com,1,content_hash_repeated_record,
CompPhish,https://us14.campaign-archive.com/?u=c94be55a915d707ccb9844cc4&id=76a24e0a93,campaign-archive.com,1,content_hash_repeated_record,
CompPhish,https://us15.campaign-archive.com/?u=6b79d5b575f0693de3e04c049&id=67c9f8cb1b,campaign-archive.com,1,content_hash_repeated_record,
CompPhish,https://us8.campaign-archive.com/?u=fc0a025726c5260c4d487b050&id=2fa2ece147,campaign-archive.com,1,content_hash_repeated_record,
CompPhish,https://itau-landing.vercel.app/,itau-landing.vercel.app,1,content_hash_repeated_record,
CompPhish,https://us22.campaign-archive.com/?u=ec5a9d41226b237d5a1c5e670&id=093b7a2fcd,campaign-archive.com,1,content_hash_repeated_record,
CompPhish,https://us4.campaign-archive.com/?u=a41a0376fa1d3f1f68055a2c4&id=a360992c3f,campaign-archive.com,1,content_hash_repeated_record,
CompPhish,https://us4.campaign-archive.com/?u=ff4a93359e62325e7f4600bb5&id=8e1db7f553,campaign-archive.com,1,content_hash_repeated_record,
CompPhish,https://us19.campaign-archive.com/?u=68481646b56950264eaf85136&id=7487b7830e,campaign-archive.com,1,content_hash_repeated_record,
CompPhish,https://us2.campaign-archive.com/?u=afb9581aa6d99f093467adc06&id=02c7ba491b,campaign-archive.com,1,content_hash_repeated_record,
CompPhish,https://us22.campaign-archive.com/?u=484a619766307b31ad7cba0ea&id=105d9ae5b3,campaign-archive.com,1,content_hash_repeated_record,
CompPhish,https://us22.campaign-archive.com/?u=397efd292bc4008c2e5e2849b&id=4d4ca9e2ff,campaign-archive.com,1,content_hash_repeated_record,
CompPhish,https://us13.campaign-archive.com/?u=74a96330fcb975ca1dd12744a&id=2259e88abb,campaign-archive.com,1,content_hash_repeated_record,
CompPhish,https://us13.campaign-archive.com/?u=1f0f43af692fc24b6533fa97d&id=a0273fdf85,campaign-archive.com,1,content_hash_repeated_record,
CompPhish,https://us18.campaign-archive.com/?u=0e4e27f25ce6b1f0c567b71b8&id=c851f4633e,campaign-archive.com,1,content_hash_repeated_record,
CompPhish,https://us12.campaign-archive.com/?u=3bc55fa8ecea057005ddb20f7&id=e847629ba5,campaign-archive.com,1,content_hash_repeated_record,
CompPhish,https://us20.campaign-archive.com/?u=76110d3d3531b87aac24bd6a8&id=59efac09e5,campaign-archive.com,1,content_hash_repeated_record,
CompPhish,https://quiet-goshawk-d7f9d5.instawp.xyz/EasyLanguage.html,instawp.xyz,1,content_hash_repeated_record,
CompPhish,https://ml-config.com/steps/index.php?enc=ca7545379cb78d077669fb179e622ef4&p=0&dispatch=c948c52fae495fadec57bfb69bb90226c295422e,ml-config.com,1,content_hash_repeated_record,
CompPhish,https://bodex.ro/accesidchan/myecndesav/403.php,bodex.ro,1,content_hash_repeated_record,
CompPhish,https://customize.cookplus.com/404/spazz/index.php?i=i&amp;mxid=info@google.com.tw,cookplus.com,1,content_hash_repeated_record,
CompPhish,https://ungu.in/earhaergevggrhrty,ungu.in,1,content_hash_repeated_record,
CompPhish,https://capcha-metaquest.com/two_step_verification/authentication/?encrypted_context=ARE-mouCvCDl-qc9rUfat_U_4pwg9N6Ucjm7TaJi2uZ5gZamPKvlNqI1CNvxSaIHTbsUvCz55uIvXuKFL34IWuSi-GGZBojRWBCuHfNqOUOKTqbjsNFRdSHpKvryRmlL_S16vGRVtGISApb3yG0c40yt8wJLDQUBKI3eEymcKHrvGxLcogaIrcty1BXvn_RqfxAvGW5YHZofCHHS0l3r8rWkoL6UqqEZCvKqJhYCnAjGDlqWoy-iwUIYcqbu7PXW_BzYOLM_IgETbGtxb-5ezn7TdyDEuPmI3k489LNda-MuoE3bGKJ41pKqdNjHGulbySASYHmY4ceJ6DQZNKBZfK2NK1Hpp8e7hSy_4lOCJjBSsV16ZusSw1y7KeBRiiDxmVaX3ClPfOQ7U-69HURJJb3fum5sWXBwe0Klq-nKe2Gdoc1Ol23Lg_eK8zT13neIrw9zh3rvZUyhPaz8HrJxefTdCePX4g6EPnDnGPH3LB-zgMhQzNZdMSxo0Nsr9XbWDvSRVft1OuvQF6LxtTC7Jx73is6IoP9eH4-_X4eftBbFT5FdpEMIKhXUz5oLieS-SvOX5iQRv3-W0z5Kc3rLrhh90pRZrwC15911Fd_-OlkYlzqh_fDA1KEIaiPZZFiD5tXE0Mmipc7JlTjDtqnwghqGQMf1_6b7gfp1BrCuUPOXk6aRX5h0zJ2POMU8DLA_VpMjwWSl3TpWdkuq8uXcXH-UbNq1f1YeOEAfDROzKqTitu3_oxp_bDBEgGsZuFDmbInXiw5Sik9A6ch7ZGtgdInUhVRm93iHvSn6mEP2pY5cH4OKfn3QAFzmg5U0zOu4n5sMkL4FZaHZZbujbAjBwZJ0IWRso4pHYyO6ejciWEwbXmaoA_EECZB6TX79C01fxOrArvksnMJKWdXCesUI6bCJnc860UlWXXFixwSjrdwXjI0ECX9WnSKbOSvbwezqUGzPJOwh5F8&flow=pre_authentication&next?pageId=default,capcha-metaquest.com,1,content_hash_repeated_record,
CompPhish,https://capcha-metaquest.com/two_step_verification/authentication/,capcha-metaquest.com,1,content_hash_repeated_record,
CompPhish,https://recaptcha-metaquest.com/two_step_verification/authentication/?encrypted_context=ARE-mouCvCDl-qc9rUfat_U_4pwg9N6Ucjm7TaJi2uZ5gZamPKvlNqI1CNvxSaIHTbsUvCz55uIvXuKFL34IWuSi-GGZBojRWBCuHfNqOUOKTqbjsNFRdSHpKvryRmlL_S16vGRVtGISApb3yG0c40yt8wJLDQUBKI3eEymcKHrvGxLcogaIrcty1BXvn_RqfxAvGW5YHZofCHHS0l3r8rWkoL6UqqEZCvKqJhYCnAjGDlqWoy-iwUIYcqbu7PXW_BzYOLM_IgETbGtxb-5ezn7TdyDEuPmI3k489LNda-MuoE3bGKJ41pKqdNjHGulbySASYHmY4ceJ6DQZNKBZfK2NK1Hpp8e7hSy_4lOCJjBSsV16ZusSw1y7KeBRiiDxmVaX3ClPfOQ7U-69HURJJb3fum5sWXBwe0Klq-nKe2Gdoc1Ol23Lg_eK8zT13neIrw9zh3rvZUyhPaz8HrJxefTdCePX4g6EPnDnGPH3LB-zgMhQzNZdMSxo0Nsr9XbWDvSRVft1OuvQF6LxtTC7Jx73is6IoP9eH4-_X4eftBbFT5FdpEMIKhXUz5oLieS-SvOX5iQRv3-W0z5Kc3rLrhh90pRZrwC15911Fd_-OlkYlzqh_fDA1KEIaiPZZFiD5tXE0Mmipc7JlTjDtqnwghqGQMf1_6b7gfp1BrCuUPOXk6aRX5h0zJ2POMU8DLA_VpMjwWSl3TpWdkuq8uXcXH-UbNq1f1YeOEAfDROzKqTitu3_oxp_bDBEgGsZuFDmbInXiw5Sik9A6ch7ZGtgdInUhVRm93iHvSn6mEP2pY5cH4OKfn3QAFzmg5U0zOu4n5sMkL4FZaHZZbujbAjBwZJ0IWRso4pHYyO6ejciWEwbXmaoA_EECZB6TX79C01fxOrArvksnMJKWdXCesUI6bCJnc860UlWXXFixwSjrdwXjI0ECX9WnSKbOSvbwezqUGzPJOwh5F8&flow=pre_authentication&next?pageId={{id}},recaptcha-metaquest.com,1,content_hash_repeated_record,
CompPhish,https://bafkreihcl2xikfakmqi4r26ohc6jvl6akkmdoigoztffegji6gnktsflx4.ipfs.dweb.link/,bafkreihcl2xikfakmqi4r26ohc6jvl6akkmdoigoztffegji6gnktsflx4.ipfs.dweb.link,1,content_hash_repeated_record,
CompPhish,https://bafkreih7nxc6cigutpt7biy2vceiuycnyp4bvke2gdcefwfhjnhb7h3xiu.ipfs.dweb.link/,bafkreih7nxc6cigutpt7biy2vceiuycnyp4bvke2gdcefwfhjnhb7h3xiu.ipfs.dweb.link,1,content_hash_repeated_record,
CompPhish,https://bafkreigc6gavpcy4jrtbsfijnzc4fuklmxdzkfywtrfrckx6wppwissc3q.ipfs.dweb.link/,bafkreigc6gavpcy4jrtbsfijnzc4fuklmxdzkfywtrfrckx6wppwissc3q.ipfs.dweb.link,1,content_hash_repeated_record,
CompPhish,https://bafkreifro556g4b4qsl7oxzj353nbgjqdx3y7dw6enszwspu3aicwzivvq.ipfs.dweb.link/,bafkreifro556g4b4qsl7oxzj353nbgjqdx3y7dw6enszwspu3aicwzivvq.ipfs.dweb.link,1,content_hash_repeated_record,
CompPhish,https://bafkreifrk4oo2dl66nkdubofqldswghcwe72juuyjdhvlxvq4tfmheu5oe.ipfs.dweb.link/,bafkreifrk4oo2dl66nkdubofqldswghcwe72juuyjdhvlxvq4tfmheu5oe.ipfs.dweb.link,1,content_hash_repeated_record,
CompPhish,https://bafkreifqjlmpfgfjhmhez7f643wijxo33u5mobbew6b3nwaaliuyn6wxnq.ipfs.dweb.link/,bafkreifqjlmpfgfjhmhez7f643wijxo33u5mobbew6b3nwaaliuyn6wxnq.ipfs.dweb.link,1,content_hash_repeated_record,
CompPhish,https://bafkreifnvuloc4ymfxg3zghpuzzy47pcnw434dyj7ak3662pu22kbzlb3e.ipfs.dweb.link/,bafkreifnvuloc4ymfxg3zghpuzzy47pcnw434dyj7ak3662pu22kbzlb3e.ipfs.dweb.link,1,content_hash_repeated_record,
CompPhish,https://bafkreifnrft7r3nvqnt6cz2eji3ecntpddqq4o7gsdoqiacqpjbvjuy3lq.ipfs.dweb.link/,bafkreifnrft7r3nvqnt6cz2eji3ecntpddqq4o7gsdoqiacqpjbvjuy3lq.ipfs.dweb.link,1,content_hash_repeated_record,
CompPhish,https://bafkreiffyho77orusy6usn3pboxfibfp35av7t4fqglyji3k4jdoksbciu.ipfs.dweb.link/,bafkreiffyho77orusy6usn3pboxfibfp35av7t4fqglyji3k4jdoksbciu.ipfs.dweb.link,1,content_hash_repeated_record,
CompPhish,https://bafkreifeoimiarevgld3lpav2czzj22v5yoww2gsazw6qbyyiolvfehdfi.ipfs.dweb.link/,bafkreifeoimiarevgld3lpav2czzj22v5yoww2gsazw6qbyyiolvfehdfi.ipfs.dweb.link,1,content_hash_repeated_record,
CompPhish,https://bafkreifbm2vn32rhryidqehwkajrpowbx663y3u645e3xqb2jlizzz6uk4.ipfs.dweb.link/,bafkreifbm2vn32rhryidqehwkajrpowbx663y3u645e3xqb2jlizzz6uk4.ipfs.dweb.link,1,content_hash_repeated_record,
CompPhish,https://bafkreif7t3vditjdjrp6qy6gnxfp2y2ylnrovno2reazmk24d6x2pq7nku.ipfs.dweb.link/,bafkreif7t3vditjdjrp6qy6gnxfp2y2ylnrovno2reazmk24d6x2pq7nku.ipfs.dweb.link,1,content_hash_repeated_record,
CompPhish,https://bafkreiev2kihfdi335zcnw5eilk6io7fa5rlgukxtcaxilqon5jva3pddi.ipfs.dweb.link/,bafkreiev2kihfdi335zcnw5eilk6io7fa5rlgukxtcaxilqon5jva3pddi.ipfs.dweb.link,1,content_hash_repeated_record,
CompPhish,https://bafkreiesnd7rzm3khypzywjaxeqqouuej4fsiadkma2lftrwy335rybb4a.ipfs.dweb.link/,bafkreiesnd7rzm3khypzywjaxeqqouuej4fsiadkma2lftrwy335rybb4a.ipfs.dweb.link,1,content_hash_repeated_record,
CompPhish,https://bafkreiemdmmsxdphj5jhoguvek3btwan6uc6qribx2cjmz3wdyn6m7pw4i.ipfs.dweb.link/,bafkreiemdmmsxdphj5jhoguvek3btwan6uc6qribx2cjmz3wdyn6m7pw4i.ipfs.dweb.link,1,content_hash_repeated_record,
CompPhish,https://bafkreiekgx3lerj522ykzpwns42y75ev4e6mam6lea7qsbnm2ghwiqnmfu.ipfs.dweb.link/,bafkreiekgx3lerj522ykzpwns42y75ev4e6mam6lea7qsbnm2ghwiqnmfu.ipfs.dweb.link,1,content_hash_repeated_record,
CompPhish,https://bafkreieicuaoinlkidbxyq6lyhclu56vzrd727o6xunsa4dav4trjydcqy.ipfs.dweb.link/,bafkreieicuaoinlkidbxyq6lyhclu56vzrd727o6xunsa4dav4trjydcqy.ipfs.dweb.link,1,content_hash_repeated_record,
CompPhish,https://bafkreiebbsmbeimdntpw7eqvisrh4tiejk7fvbgdni3xlu4m7grb7y3j7u.ipfs.dweb.link/,bafkreiebbsmbeimdntpw7eqvisrh4tiejk7fvbgdni3xlu4m7grb7y3j7u.ipfs.dweb.link,1,content_hash_repeated_record,
CompPhish,https://bafkreieb45qmpj63wcfpifslpfomk3d3glno3kvjhneer2zr6zlssyp33e.ipfs.dweb.link/,bafkreieb45qmpj63wcfpifslpfomk3d3glno3kvjhneer2zr6zlssyp33e.ipfs.dweb.link,1,content_hash_repeated_record,
CompPhish,https://bafkreie53xlv2ara6b5kinwg2h42g3lcec3465y72orhj4vcebaig3rhxu.ipfs.dweb.link/,bafkreie53xlv2ara6b5kinwg2h42g3lcec3465y72orhj4vcebaig3rhxu.ipfs.dweb.link,1,content_hash_repeated_record,
CompPhish,https://bafkreie3iqsbywpprgrn5oyiwzjrxo25mvznjyozfmnnrnmjvkvo2uoqri.ipfs.dweb.link/,bafkreie3iqsbywpprgrn5oyiwzjrxo25mvznjyozfmnnrnmjvkvo2uoqri.ipfs.dweb.link,1,content_hash_repeated_record,
CompPhish,https://bafkreidsxgoqiqnokzj3srhsi3q5bofd5f5yuvcrcrbq77ra4jver6pvre.ipfs.dweb.link/,bafkreidsxgoqiqnokzj3srhsi3q5bofd5f5yuvcrcrbq77ra4jver6pvre.ipfs.dweb.link,1,content_hash_repeated_record,
CompPhish,https://bafkreidsnog54qjibssoqls6nczhfth4fzioht73gxrif7k32jcif24bba.ipfs.dweb.link/,bafkreidsnog54qjibssoqls6nczhfth4fzioht73gxrif7k32jcif24bba.ipfs.dweb.link,1,content_hash_repeated_record,
CompPhish,https://bafkreidp6hcy55tvqce2pxmutozejitsjmwaigxlwu2d4mcmbxgutzdy5u.ipfs.dweb.link/,bafkreidp6hcy55tvqce2pxmutozejitsjmwaigxlwu2d4mcmbxgutzdy5u.ipfs.dweb.link,1,content_hash_repeated_record,
CompPhish,https://bafkreidg6vpo6624o2bglu4dblcvqe3jnmx6dxoi5zbgyrnc3iiapgpj7e.ipfs.dweb.link/,bafkreidg6vpo6624o2bglu4dblcvqe3jnmx6dxoi5zbgyrnc3iiapgpj7e.ipfs.dweb.link,1,content_hash_repeated_record,
CompPhish,https://bafkreidccj476jet4g6isz6lmx6jknwdffv2nutgkkm4vatkjh2snyr2iu.ipfs.dweb.link/,bafkreidccj476jet4g6isz6lmx6jknwdffv2nutgkkm4vatkjh2snyr2iu.ipfs.dweb.link,1,content_hash_repeated_record,
CompPhish,https://bafkreidbtek7btu2oxemwh4kkhvzswowpdhbq4ho7juiy3up5jpxoqiud4.ipfs.dweb.link/,bafkreidbtek7btu2oxemwh4kkhvzswowpdhbq4ho7juiy3up5jpxoqiud4.ipfs.dweb.link,1,content_hash_repeated_record,
CompPhish,https://bafkreid3jbvj2an6qyd6sshy2qaeyawif3ps5foknzu4pk5up3m2hvna6q.ipfs.dweb.link/,bafkreid3jbvj2an6qyd6sshy2qaeyawif3ps5foknzu4pk5up3m2hvna6q.ipfs.dweb.link,1,content_hash_repeated_record,
CompPhish,https://bafkreicvq2khbgparyt2mmltuq2b663kvjiom46vpfyglbhttphxa752pe.ipfs.dweb.link/,bafkreicvq2khbgparyt2mmltuq2b663kvjiom46vpfyglbhttphxa752pe.ipfs.dweb.link,1,content_hash_repeated_record,
CompPhish,https://bafkreicpmmdtqref4t6focjnafbh5wzgeqwly45getafjrod7hgeafplse.ipfs.dweb.link/,bafkreicpmmdtqref4t6focjnafbh5wzgeqwly45getafjrod7hgeafplse.ipfs.dweb.link,1,content_hash_repeated_record,
CompPhish,https://bafkreicpasx6sfmhywv4tipnagx6wyi6j5lq37wbdimeldgtirjhde2xw4.ipfs.dweb.link/,bafkreicpasx6sfmhywv4tipnagx6wyi6j5lq37wbdimeldgtirjhde2xw4.ipfs.dweb.link,1,content_hash_repeated_record,
CompPhish,https://bafkreicoyjuruvcekrdeqxepiwfird4axezo5vuhgshnojqh43avrvmsp4.ipfs.dweb.link/,bafkreicoyjuruvcekrdeqxepiwfird4axezo5vuhgshnojqh43avrvmsp4.ipfs.dweb.link,1,content_hash_repeated_record,
CompPhish,https://bafkreicofgansyusv5jbvn65ejxgbvvnxojd73xjk5b2yztikcpiisfzne.ipfs.dweb.link/,bafkreicofgansyusv5jbvn65ejxgbvvnxojd73xjk5b2yztikcpiisfzne.ipfs.dweb.link,1,content_hash_repeated_record,
CompPhish,https://bafkreic2fl6fff6kzsmye2vw62osnuc5rn3gisegqmktqw52m4wgzngdpm.ipfs.dweb.link/,bafkreic2fl6fff6kzsmye2vw62osnuc5rn3gisegqmktqw52m4wgzngdpm.ipfs.dweb.link,1,content_hash_repeated_record,
CompPhish,https://bafkreibrvdigiqrh6wk4ycs5cnx7634u7j5rec564x5e53nt32qfpctsvy.ipfs.dweb.link/,bafkreibrvdigiqrh6wk4ycs5cnx7634u7j5rec564x5e53nt32qfpctsvy.ipfs.dweb.link,1,content_hash_repeated_record,
CompPhish,https://bafkreiborrnzapenkn7txzdfj6me5ru2rjhghjxjs3youadmvunv3agopi.ipfs.dweb.link/,bafkreiborrnzapenkn7txzdfj6me5ru2rjhghjxjs3youadmvunv3agopi.ipfs.dweb.link,1,content_hash_repeated_record,
CompPhish,https://bafkreibgp6ntjwbfrvcsbmyz4a7dw45vvar5i64y5eetfni2i5jpnfjm5i.ipfs.dweb.link/,bafkreibgp6ntjwbfrvcsbmyz4a7dw45vvar5i64y5eetfni2i5jpnfjm5i.ipfs.dweb.link,1,content_hash_repeated_record,
CompPhish,https://bafkreibdnne6p2jjxakzpy7tulwq3y3q5n237grfg7c667cwcqq7uom3li.ipfs.dweb.link/,bafkreibdnne6p2jjxakzpy7tulwq3y3q5n237grfg7c667cwcqq7uom3li.ipfs.dweb.link,1,content_hash_repeated_record,
CompPhish,https://bafkreibdjv6cqft6l3kuqel7vexnkhfzpydpqb4lagtqjvdwabjjbsd3fi.ipfs.dweb.link/,bafkreibdjv6cqft6l3kuqel7vexnkhfzpydpqb4lagtqjvdwabjjbsd3fi.ipfs.dweb.link,1,content_hash_repeated_record,
CompPhish,https://bafkreib7nd6ojodorgeerno3ttb6c7eyao4hz2fi7quk4wyqi5ttggeirq.ipfs.dweb.link/,bafkreib7nd6ojodorgeerno3ttb6c7eyao4hz2fi7quk4wyqi5ttggeirq.ipfs.dweb.link,1,content_hash_repeated_record,
CompPhish,https://bafkreiavb5sbhenz322ypoqrsm52fi5oqvsnur7mybbf3gwqeooe2h3xgq.ipfs.dweb.link/,bafkreiavb5sbhenz322ypoqrsm52fi5oqvsnur7mybbf3gwqeooe2h3xgq.ipfs.dweb.link,1,content_hash_repeated_record,
CompPhish,https://bafkreiatrtofuuxkeqrnyhtyiber7si5qmom3nlqkmvdy25ztssmbwektm.ipfs.dweb.link/,bafkreiatrtofuuxkeqrnyhtyiber7si5qmom3nlqkmvdy25ztssmbwektm.ipfs.dweb.link,1,content_hash_repeated_record,
CompPhish,https://bafkreiarw53ndigjs7mx3vnsvzooh46p6qtn5wfttihfbse6rewztn7gba.ipfs.dweb.link/,bafkreiarw53ndigjs7mx3vnsvzooh46p6qtn5wfttihfbse6rewztn7gba.ipfs.dweb.link,1,content_hash_repeated_record,
CompPhish,https://bafkreiaps3r2fmcsdhdnrzvjws4rp7qc2zbvwb5epkv73r7oykd4krq5b4.ipfs.dweb.link/,bafkreiaps3r2fmcsdhdnrzvjws4rp7qc2zbvwb5epkv73r7oykd4krq5b4.ipfs.dweb.link,1,content_hash_repeated_record,
CompPhish,https://bafkreiap2h6gpqjiuwgpwj3euljlk6doka7behh2ixszujimgfl55gprby.ipfs.dweb.link/,bafkreiap2h6gpqjiuwgpwj3euljlk6doka7behh2ixszujimgfl55gprby.ipfs.dweb.link,1,content_hash_repeated_record,
CompPhish,https://bafkreiaoxtteqxons2d2kb4kulh6euip4fsksmnbrg2fd5yyvav5oj42lu.ipfs.dweb.link/,bafkreiaoxtteqxons2d2kb4kulh6euip4fsksmnbrg2fd5yyvav5oj42lu.ipfs.dweb.link,1,content_hash_repeated_record,
CompPhish,https://bafkreiaox3qn7bend4ym4ul5d723wvyorse5rwgftm6jy76gskvjty2cci.ipfs.dweb.link/,bafkreiaox3qn7bend4ym4ul5d723wvyorse5rwgftm6jy76gskvjty2cci.ipfs.dweb.link,1,content_hash_repeated_record,
CompPhish,https://bafkreial2cuys7iusfolkwwkfnlitggozipsvdyq7lg4wo4z7twzjjbk6y.ipfs.dweb.link/,bafkreial2cuys7iusfolkwwkfnlitggozipsvdyq7lg4wo4z7twzjjbk6y.ipfs.dweb.link,1,content_hash_repeated_record,
CompPhish,https://bafkreiaj2vvccynbeec4kkqudpjbfccf2pgvfbiynhqxelb5q745lr6vs4.ipfs.dweb.link/,bafkreiaj2vvccynbeec4kkqudpjbfccf2pgvfbiynhqxelb5q745lr6vs4.ipfs.dweb.link,1,content_hash_repeated_record,
CompPhish,https://bafkreiaa2d3ov4rdjfr2aljzn2tcg5llh2lvihfedi4yqtijr2i6ldu3ty.ipfs.dweb.link/,bafkreiaa2d3ov4rdjfr2aljzn2tcg5llh2lvihfedi4yqtijr2i6ldu3ty.ipfs.dweb.link,1,content_hash_repeated_record,
CompPhish,https://bafkreia7pebrnh7rurgbuhxwzh3ivak3z44e7j4bqiliin2cdeo4322dgi.ipfs.dweb.link/,bafkreia7pebrnh7rurgbuhxwzh3ivak3z44e7j4bqiliin2cdeo4322dgi.ipfs.dweb.link,1,content_hash_repeated_record,
CompPhish,https://bafkreia6d2pdjbzmcpu7ftvv3uw4ltjalwbhfnuzriqgk7pn7j6yu2qxga.ipfs.dweb.link/,bafkreia6d2pdjbzmcpu7ftvv3uw4ltjalwbhfnuzriqgk7pn7j6yu2qxga.ipfs.dweb.link,1,content_hash_repeated_record,
CompPhish,https://bafkreia4tw2dzfs6gfstyvt5wvldlzphsc36q4tukzxng65v6sgtyp2ka4.ipfs.dweb.link/,bafkreia4tw2dzfs6gfstyvt5wvldlzphsc36q4tukzxng65v6sgtyp2ka4.ipfs.dweb.link,1,content_hash_repeated_record,
CompPhish,https://bafkreia2v5rfxiad266f4ctuiumb276qjyqpl2jm3iqakyq6fmdukbciiy.ipfs.dweb.link/,bafkreia2v5rfxiad266f4ctuiumb276qjyqpl2jm3iqakyq6fmdukbciiy.ipfs.dweb.link,1,content_hash_repeated_record,
CompPhish,https://us19.campaign-archive.com/?u=611953051549da7e17874502d&id=cf340ba071,campaign-archive.com,1,content_hash_repeated_record,
CompPhish,https://us20.campaign-archive.com/?u=f7dd5b50ecd7c2028258111dc&id=822d8575ec,campaign-archive.com,1,content_hash_repeated_record,
CompPhish,https://us13.campaign-archive.com/?u=41d9c6c30ed0668f04b3687bf&id=d7d0352d1f,campaign-archive.com,1,content_hash_repeated_record,
CompPhish,https://us12.campaign-archive.com/?u=c5faac2d1054c21163a951aad&id=ce7e18b6bb,campaign-archive.com,1,content_hash_repeated_record,
CompPhish,https://us13.campaign-archive.com/?u=681031dc0717415a536d914dc&id=60b6a788d4,campaign-archive.com,1,content_hash_repeated_record,
CompPhish,https://us14.campaign-archive.com/?u=96beccf538513f3ac3114d394&id=a0637b7dcc,campaign-archive.com,1,content_hash_repeated_record,
CompPhish,https://us1.campaign-archive.com/?u=c4fc6946a90df61a9b8cea83e&id=8db3084df2,campaign-archive.com,1,content_hash_repeated_record,
CompPhish,https://us12.campaign-archive.com/?u=7395829fa643540bc679ed557&id=0e6e366711,campaign-archive.com,1,content_hash_repeated_record,
CompPhish,https://us14.campaign-archive.com/?u=3369b66a816ec2fae229302c9,campaign-archive.com,1,content_hash_repeated_record,
CompPhish,https://us20.campaign-archive.com/?u=1bcd6a2e6faa8d691636a068a&id=2517fa94c3,campaign-archive.com,1,content_hash_repeated_record,
CompPhish,https://us20.campaign-archive.com/?u=f7265d1a5e89213467cf9401a&id=56dbc25536,campaign-archive.com,1,content_hash_repeated_record,
CompPhish,https://elazigozelbaharsagliklisesi.com/,elazigozelbaharsagliklisesi.com,1,content_hash_repeated_record,
CompPhish,https://docsreveiwingmain.z19.web.core.windows.net/#example@example.example,windows.net,1,content_hash_repeated_record,
CompPhish,https://us6.campaign-archive.com/?u=f6df02b366b37734d99d4138c&id=ccbbd82c95,campaign-archive.com,1,content_hash_repeated_record,
CompPhish,https://us15.campaign-archive.com/?u=0b1b5b8e47e6395a76bd0d075&id=86e915cb94,campaign-archive.com,1,content_hash_repeated_record,
CompPhish,https://us1.campaign-archive.com/?u=b20283e1c2513f3b5c903539b&id=71d6829920,campaign-archive.com,1,content_hash_repeated_record,
CompPhish,https://www.juba-city.com/initjulypres/cyclguidinnov/403.php,juba-city.com,1,content_hash_repeated_record,
CompPhish,https://cm.cmizrh3.sa.com/seeled/,cmizrh3.sa.com,1,content_hash_repeated_record,
CompPhish,https://web.tv2east.dk/redirect/online.html?username=redacted@abuse.ionos.com&body_hc_webmail_verify&path=en/l.php&lang=en,tv2east.dk,1,content_hash_repeated_record,
CompPhish,https://rsm.bdu.ac.in/uploads/research/prospectusHome/sec/login.php,bdu.ac.in,1,content_hash_repeated_record,
CompPhish,https://captcha-metaquest.com/two_step_verification/authentication/?encrypted_context=ARE-mouCvCDl-qc9rUfat_U_4pwg9N6Ucjm7TaJi2uZ5gZamPKvlNqI1CNvxSaIHTbsUvCz55uIvXuKFL34IWuSi-GGZBojRWBCuHfNqOUOKTqbjsNFRdSHpKvryRmlL_S16vGRVtGISApb3yG0c40yt8wJLDQUBKI3eEymcKHrvGxLcogaIrcty1BXvn_RqfxAvGW5YHZofCHHS0l3r8rWkoL6UqqEZCvKqJhYCnAjGDlqWoy-iwUIYcqbu7PXW_BzYOLM_IgETbGtxb-5ezn7TdyDEuPmI3k489LNda-MuoE3bGKJ41pKqdNjHGulbySASYHmY4ceJ6DQZNKBZfK2NK1Hpp8e7hSy_4lOCJjBSsV16ZusSw1y7KeBRiiDxmVaX3ClPfOQ7U-69HURJJb3fum5sWXBwe0Klq-nKe2Gdoc1Ol23Lg_eK8zT13neIrw9zh3rvZUyhPaz8HrJxefTdCePX4g6EPnDnGPH3LB-zgMhQzNZdMSxo0Nsr9XbWDvSRVft1OuvQF6LxtTC7Jx73is6IoP9eH4-_X4eftBbFT5FdpEMIKhXUz5oLieS-SvOX5iQRv3-W0z5Kc3rLrhh90pRZrwC15911Fd_-OlkYlzqh_fDA1KEIaiPZZFiD5tXE0Mmipc7JlTjDtqnwghqGQMf1_6b7gfp1BrCuUPOXk6aRX5h0zJ2POMU8DLA_VpMjwWSl3TpWdkuq8uXcXH-UbNq1f1YeOEAfDROzKqTitu3_oxp_bDBEgGsZuFDmbInXiw5Sik9A6ch7ZGtgdInUhVRm93iHvSn6mEP2pY5cH4OKfn3QAFzmg5U0zOu4n5sMkL4FZaHZZbujbAjBwZJ0IWRso4pHYyO6ejciWEwbXmaoA_EECZB6TX79C01fxOrArvksnMJKWdXCesUI6bCJnc860UlWXXFixwSjrdwXjI0ECX9WnSKbOSvbwezqUGzPJOwh5F8&flow=pre_authentication&next?pageId=default,captcha-metaquest.com,1,content_hash_repeated_record,
CompPhish,https://captcha-metaquest.com/two_step_verification/authentication/,captcha-metaquest.com,1,content_hash_repeated_record,
CompPhish,http://www.cdmcostruzioni.com/ag.php,cdmcostruzioni.com,1,content_hash_repeated_record,
CompPhish,https://pub-fe45910597a14b45b7e5e3afa9958649.r2.dev/index.html,pub-fe45910597a14b45b7e5e3afa9958649.r2.dev,1,content_hash_repeated_record,
CompPhish,https://pub-f609c7afb2cb4b10825d617d49d1d847.r2.dev/index.html,pub-f609c7afb2cb4b10825d617d49d1d847.r2.dev,1,content_hash_repeated_record,
CompPhish,https://request-for-review-violation-lac.vercel.app/,request-for-review-violation-lac.vercel.app,1,content_hash_repeated_record,
CompPhish,https://bafkreic2s6jymjein2mdhg3g4q7nlt4qcraxwmfc4cg6zp5tfuqlzhdtam.ipfs.dweb.link/,bafkreic2s6jymjein2mdhg3g4q7nlt4qcraxwmfc4cg6zp5tfuqlzhdtam.ipfs.dweb.link,1,content_hash_repeated_record,
CompPhish,https://bafkreibnjtfcav5ethnpwnziajlos6wtyjeinretrachxufq6q3vmlkfky.ipfs.dweb.link/,bafkreibnjtfcav5ethnpwnziajlos6wtyjeinretrachxufq6q3vmlkfky.ipfs.dweb.link,1,content_hash_repeated_record,
CompPhish,https://bafkreib7hwuu4ah7jvbyriokv2a76lelkae2ckkzikusinmvm647n3t2sm.ipfs.dweb.link/,bafkreib7hwuu4ah7jvbyriokv2a76lelkae2ckkzikusinmvm647n3t2sm.ipfs.dweb.link,1,content_hash_repeated_record,
CompPhish,https://bafkreiaeajykh3r4ijdxjnxuai7q4qeofvt3u5doe45ytud6v42qfndx7u.ipfs.dweb.link/,bafkreiaeajykh3r4ijdxjnxuai7q4qeofvt3u5doe45ytud6v42qfndx7u.ipfs.dweb.link,1,content_hash_repeated_record,
CompPhish,https://bafkreia6pribhxoevoiym6ghvftcuk5fw2kzgsnkn4uvnqjvowl4c3okmi.ipfs.dweb.link/,bafkreia6pribhxoevoiym6ghvftcuk5fw2kzgsnkn4uvnqjvowl4c3okmi.ipfs.dweb.link,1,content_hash_repeated_record,
CompPhish,https://us20.campaign-archive.com/?u=cea6bfaee9c461167fe5ec542&id=7892997a3a,campaign-archive.com,1,content_hash_repeated_record,
CompPhish,https://us4.campaign-archive.com/?u=b42767a3605e81f0f6f2d5b35&id=6349fb012c,campaign-archive.com,1,content_hash_repeated_record,
CompPhish,https://web.tv2east.dk/redirect/urv.html?username=redacted@abuse.ionos.com,tv2east.dk,1,content_hash_repeated_record,
CompPhish,https://us5.campaign-archive.com/?u=7df390e822ff24d62f6f0e6ff&id=10fcc30316,campaign-archive.com,1,content_hash_repeated_record,
CompPhish,https://us15.campaign-archive.com/?u=c2bead758daba1a31fa648b67&id=7fca460e14,campaign-archive.com,1,content_hash_repeated_record,
CompPhish,https://bn1-cr.webcindario.com/,webcindario.com,1,content_hash_repeated_record,
CompPhish,https://instagram-bmw.github.io/instagram/,instagram-bmw.github.io,1,content_hash_repeated_record,
CompPhish,https://bafkreifzhzi3qlgblcoqbsk3sez4hsehw3eufasffiwwejta2pk3wckrgq.ipfs.dweb.link/,bafkreifzhzi3qlgblcoqbsk3sez4hsehw3eufasffiwwejta2pk3wckrgq.ipfs.dweb.link,1,content_hash_repeated_record,
CompPhish,https://bafkreie7v6zapaj2tjvfrgxoyrr4z47r7oldg7tttd7eqmxs4a3kzy6oia.ipfs.dweb.link/,bafkreie7v6zapaj2tjvfrgxoyrr4z47r7oldg7tttd7eqmxs4a3kzy6oia.ipfs.dweb.link,1,content_hash_repeated_record,
CompPhish,https://bafkreidsmsahqjzkq6crmab5jovwd6crlwcpuh2pahcqmlxjznwmf4qhkq.ipfs.dweb.link/,bafkreidsmsahqjzkq6crmab5jovwd6crlwcpuh2pahcqmlxjznwmf4qhkq.ipfs.dweb.link,1,content_hash_repeated_record,
CompPhish,https://bafkreidl3qdzpg6ggbtlzl3j3djp24rgpxyymyz4zlgnsmvdb56tgftiqy.ipfs.dweb.link/,bafkreidl3qdzpg6ggbtlzl3j3djp24rgpxyymyz4zlgnsmvdb56tgftiqy.ipfs.dweb.link,1,content_hash_repeated_record,
CompPhish,https://bafkreideezllbjtgxnqn6sbwp3tov5jb6z2sks2zrfpvjgrhqrdreyukti.ipfs.dweb.link/,bafkreideezllbjtgxnqn6sbwp3tov5jb6z2sks2zrfpvjgrhqrdreyukti.ipfs.dweb.link,1,content_hash_repeated_record,
CompPhish,https://bafkreidc6sivfcj2zxyx43nxpken4ev3u6rvjthlcjzngdb6asedhslasq.ipfs.dweb.link/,bafkreidc6sivfcj2zxyx43nxpken4ev3u6rvjthlcjzngdb6asedhslasq.ipfs.dweb.link,1,content_hash_repeated_record,
CompPhish,https://bafkreidbm4txxydxuohfloq4klanbtgy3r73h57oosvyyvy5vcwautbbbq.ipfs.dweb.link/,bafkreidbm4txxydxuohfloq4klanbtgy3r73h57oosvyyvy5vcwautbbbq.ipfs.dweb.link,1,content_hash_repeated_record,
CompPhish,https://bafkreid3hkhchzopyxrbmbjuu4jgpuhleptzg4xjc4jcjde7bilayjdsw4.ipfs.dweb.link/,bafkreid3hkhchzopyxrbmbjuu4jgpuhleptzg4xjc4jcjde7bilayjdsw4.ipfs.dweb.link,1,content_hash_repeated_record,
CompPhish,https://bafkreicwup5wmzimne3szyphzd4imrhu6ry6f4rpd7mnw43ulfp7eshscm.ipfs.dweb.link/,bafkreicwup5wmzimne3szyphzd4imrhu6ry6f4rpd7mnw43ulfp7eshscm.ipfs.dweb.link,1,content_hash_repeated_record,
CompPhish,https://bafkreictuawq7uzsguvjgi3vaethpjaj5fkdffhg2t6kfri7zy2rb3nxba.ipfs.dweb.link/,bafkreictuawq7uzsguvjgi3vaethpjaj5fkdffhg2t6kfri7zy2rb3nxba.ipfs.dweb.link,1,content_hash_repeated_record,
CompPhish,https://bafkreicmnn5w6y57s4ntofmxuunz6any56dftpfngjhieojnbkzkqk7o5q.ipfs.dweb.link/,bafkreicmnn5w6y57s4ntofmxuunz6any56dftpfngjhieojnbkzkqk7o5q.ipfs.dweb.link,1,content_hash_repeated_record,
CompPhish,https://bafkreicejwrsgoslwjbmbetg5xkj3fecci2n3opquairsjpjldogpdopdu.ipfs.dweb.link/,bafkreicejwrsgoslwjbmbetg5xkj3fecci2n3opquairsjpjldogpdopdu.ipfs.dweb.link,1,content_hash_repeated_record,
CompPhish,https://bafkreic7ijgtq53bkcftswgks2p5cefflyvxj3lsq5mw3pt2ofppsbyftq.ipfs.dweb.link/,bafkreic7ijgtq53bkcftswgks2p5cefflyvxj3lsq5mw3pt2ofppsbyftq.ipfs.dweb.link,1,content_hash_repeated_record,
CompPhish,https://bafkreibth4yq4hcgsefyb5rawsffpy3s2xmyyt6hjwdklr7ttv7kgu7sge.ipfs.dweb.link/,bafkreibth4yq4hcgsefyb5rawsffpy3s2xmyyt6hjwdklr7ttv7kgu7sge.ipfs.dweb.link,1,content_hash_repeated_record,
CompPhish,https://bafkreibiotmccghlokfmpuwhvkucmdzd2qmoft4vpwaaas5c2wrudokiea.ipfs.dweb.link/,bafkreibiotmccghlokfmpuwhvkucmdzd2qmoft4vpwaaas5c2wrudokiea.ipfs.dweb.link,1,content_hash_repeated_record,
CompPhish,https://bafkreibgo7qstlmzspi3fot527knhmehei6tdqfn6zhgr7ubhshr7pgh5i.ipfs.dweb.link/,bafkreibgo7qstlmzspi3fot527knhmehei6tdqfn6zhgr7ubhshr7pgh5i.ipfs.dweb.link,1,content_hash_repeated_record,
CompPhish,https://bafkreibchf5bdqgzfbf65wghl4hbj5smxw2yirwmssk4tg64oce546u2by.ipfs.dweb.link/,bafkreibchf5bdqgzfbf65wghl4hbj5smxw2yirwmssk4tg64oce546u2by.ipfs.dweb.link,1,content_hash_repeated_record,
CompPhish,https://bafkreib34qzzmmrgiiozbfjm5hi53ywst55n7xvhp5o3zp5c4hisunfv5i.ipfs.dweb.link/,bafkreib34qzzmmrgiiozbfjm5hi53ywst55n7xvhp5o3zp5c4hisunfv5i.ipfs.dweb.link,1,content_hash_repeated_record,
CompPhish,https://bafkreiaqcc3u7hig3npdpv27br2hatn2fyzvn4qofjctuyqjj25xa3m5ji.ipfs.dweb.link/,bafkreiaqcc3u7hig3npdpv27br2hatn2fyzvn4qofjctuyqjj25xa3m5ji.ipfs.dweb.link,1,content_hash_repeated_record,
CompPhish,https://bafkreiacjkvslenenm5uci7r2ebbc3ftw2ha7ddzuotf4dcslgs4zxrnmy.ipfs.dweb.link/,bafkreiacjkvslenenm5uci7r2ebbc3ftw2ha7ddzuotf4dcslgs4zxrnmy.ipfs.dweb.link,1,content_hash_repeated_record,
CompPhish,https://us15.campaign-archive.com/?u=2eabe8ee8fe25eaf3049ceb82&id=d7fe7f5bd3,campaign-archive.com,1,content_hash_repeated_record,
CompPhish,https://us15.campaign-archive.com/?u=f985931dc8a0454d225bd8aa2&id=7d5092fcc6,campaign-archive.com,1,content_hash_repeated_record,
CompPhish,https://us8.campaign-archive.com/?u=6a4322526f3094c5e7da7754b&id=cc880b753b,campaign-archive.com,1,content_hash_repeated_record,
CompPhish,https://us9.campaign-archive.com/?u=8b8a6d3ccbbabf3d2d37def2e&id=d878de15f6,campaign-archive.com,1,content_hash_repeated_record,
CompPhish,https://us10.campaign-archive.com/?u=78985db37f046b586c2b733b5&id=ff2e0d6b01,campaign-archive.com,1,content_hash_repeated_record,
CompPhish,https://us14.campaign-archive.com/?u=135300dd1008dac52ecb1f8f4&id=3a44ad1bf2,campaign-archive.com,1,content_hash_repeated_record,
CompPhish,https://us16.campaign-archive.com/?u=dde8b1f38cdf96505a89256bd&id=574d2f0dcd,campaign-archive.com,1,content_hash_repeated_record,
CompPhish,https://bn-auth1.webcindario.com,webcindario.com,1,content_hash_repeated_record,
CompPhish,https://jhjhb-shop.fourthwall.com/,fourthwall.com,1,content_hash_repeated_record,
CompPhish,https://us7.campaign-archive.com/?u=d297c980701f7495171b4eee8&id=939d613ae6,campaign-archive.com,1,content_hash_repeated_record,
CompPhish,https://us3.campaign-archive.com/?u=1a9f7b7992a69318ee7be20cb&id=c18a7506b5,campaign-archive.com,1,content_hash_repeated_record,
CompPhish,https://us4.campaign-archive.com/?u=7adb97c2f134cbd7ad65ba85f&id=8d348ee1c6,campaign-archive.com,1,content_hash_repeated_record,
CompPhish,https://us20.campaign-archive.com/?u=71db77c760c317b4b18517c38&id=bd108c031c,campaign-archive.com,1,content_hash_repeated_record,
CompPhish,https://us20.campaign-archive.com/?u=00470fb259df8b7a9123ee609&id=76e9788e42,campaign-archive.com,1,content_hash_repeated_record,
CompPhish,https://us3.campaign-archive.com/?u=b7a788d2fa25d79aeddd2456d&id=0f8af60c58,campaign-archive.com,1,content_hash_repeated_record,
CompPhish,https://us13.campaign-archive.com/?u=706f728cfd8c983329170e87d&id=49917ab29c,campaign-archive.com,1,content_hash_repeated_record,
CompPhish,https://us11.campaign-archive.com/?u=da94debe24cc555fbbd0448c0&id=0b76215d07,campaign-archive.com,1,content_hash_repeated_record,
CompPhish,https://us7.campaign-archive.com/?u=76d280228eb53f3d3b7a99ca3&id=59b4d6308c,campaign-archive.com,1,content_hash_repeated_record,
CompPhish,https://us20.campaign-archive.com/?u=ba129dd60d9e1901fbe35d75c&id=09d06c7946,campaign-archive.com,1,content_hash_repeated_record,
CompPhish,https://us20.campaign-archive.com/?u=b192ed5ab7dfa991ba3c50ab7&id=3ea902e344,campaign-archive.com,1,content_hash_repeated_record,
CompPhish,https://us4.campaign-archive.com/?u=1a8ef105acc05e447d846a435&id=950f49730e,campaign-archive.com,1,content_hash_repeated_record,
CompPhish,https://us5.campaign-archive.com/?u=94c24c7320b461fb50cbaa6f3&id=534308c4af,campaign-archive.com,1,content_hash_repeated_record,
CompPhish,https://upohold-logiinus.godaddysites.com/,godaddysites.com,1,content_hash_repeated_record,
CompPhish,http://ww25.unblockall.xyz/?subid1=20250814-0020-44b0-b5de-ff71690b084d,unblockall.xyz,0,content_hash_repeated_record,
CompPhish,https://italia-film.gratis/,italia-film.gratis,0,content_hash_repeated_record,
CompPhish,https://nungmovies-hd.com/,nungmovies-hd.com,0,content_hash_repeated_record,
CompPhish,https://88d7b6aa44fb8eb.com/,88d7b6aa44fb8eb.com,0,content_hash_repeated_record,
CompPhish,https://www.example.com/,example.com,0,content_hash_repeated_record,
CompPhish,https://toptvshows.me/,toptvshows.me,0,content_hash_repeated_record,
CompPhish,https://djpunjab.com/,djpunjab.com,0,content_hash_repeated_record,
CompPhish,http://torrentgl.net/,torrentgl.net,0,content_hash_repeated_record,
CompPhish,"http://ww1.seriesxd.tv/?terms=Subscription%20Billing%20Management%20Software,Satellite%20Internet%20Radio,XM%20Satellite%20Radio%20Tuner",seriesxd.tv,0,content_hash_repeated_record,
CompPhish,https://fleex.cc/,fleex.cc,0,content_hash_repeated_record,
CompPhish,http://ww25.searchmgr.com/?subid1=20250814-0032-285d-a3c6-d5f267389c36,searchmgr.com,0,content_hash_repeated_record,
CompPhish,https://bokepzone.net/,bokepzone.net,0,content_hash_repeated_record,
CompPhish,https://yeknot.com/,yeknot.com,0,content_hash_repeated_record,
CompPhish,http://master-class.me/,master-class.me,0,content_hash_repeated_record,
CompPhish,https://xxxhotgays.com/,xxxhotgays.com,0,content_hash_repeated_record,
CompPhish,http://ujn.edu.cn/,ujn.edu.cn,0,content_hash_repeated_record,
CompPhish,https://africanleaks.com/,africanleaks.com,0,content_hash_repeated_record,
CompPhish,https://freemini-hd.net/,freemini-hd.net,0,content_hash_repeated_record,
CompPhish,https://csgorage.com/,csgorage.com,0,content_hash_repeated_record,
CompPhish,https://bdoonlineee.supports-system.workers.dev/bdo-form/sPZDU4REcjAfukxBRSngwvAlt8RV5E01eMieknu8ko,supports-system.workers.dev,1,content_hash_repeated_record,
CompPhish,https://mobile-devicesremoval.costumer-bd0online.workers.dev/bdo-form/Ji8ehdr90cRIFN9jNwEZR0op5skVP7DKBifAoXfpTW,costumer-bd0online.workers.dev,1,content_hash_repeated_record,
CompPhish,http://yellow-star-b06c.arjuna30.workers.dev/bdo-form/sso/login,arjuna30.workers.dev,1,content_hash_repeated_record,
CompPhish,http://yellow-star-b06c.arjuna30.workers.dev/bdo-form/en/registration,arjuna30.workers.dev,1,content_hash_repeated_record,
CompPhish,https://onlinebdo.recent-system.workers.dev/bdo-form/5A6LaYfm6fLQv1AAi5IUW1zQuArpN3CztnXOdPKMrp,recent-system.workers.dev,1,content_hash_repeated_record,
CompPhish,https://mobile-devicesremoval.costumer-bd0online.workers.dev/bdo-form/cLksPeluJTLTKZL14vUJqxfPjCBcdlPycDHVSjYTFn,costumer-bd0online.workers.dev,1,content_hash_repeated_record,
CompPhish,http://yellow-star-b06c.arjuna30.workers.dev/bdo-form/auth/realms/retail/login-actions/reset-credentials,arjuna30.workers.dev,1,content_hash_repeated_record,
CompPhish,http://yellow-star-b06c.arjuna30.workers.dev/bdo-form/personal/digital/bdo-online,arjuna30.workers.dev,1,content_hash_repeated_record,
CompPhish,http://yellow-star-b06c.arjuna30.workers.dev/bdo-form/en/web/clg/card-activation,arjuna30.workers.dev,1,content_hash_repeated_record,
CompPhish,http://pub-68ac2605c9714a418c44640f71b139da.r2.dev/index.html,pub-68ac2605c9714a418c44640f71b139da.r2.dev,1,content_hash_repeated_record,
CompPhish,https://n60kt-swcn.vercel.app/metasupportcenter.html,n60kt-swcn.vercel.app,1,content_hash_repeated_record,
CompPhish,http://pub-2220ba9377ee4728a5fc1a9980991633.r2.dev/index.html,pub-2220ba9377ee4728a5fc1a9980991633.r2.dev,1,content_hash_repeated_record,
CompPhish,http://pub-61e93016ddf34d3db7fb6dbf67702986.r2.dev/index.html,pub-61e93016ddf34d3db7fb6dbf67702986.r2.dev,1,content_hash_repeated_record,
CompPhish,http://pub-d0f689eb293b449b99b718c946a21d9f.r2.dev/index.html,pub-d0f689eb293b449b99b718c946a21d9f.r2.dev,1,content_hash_repeated_record,
CompPhish,http://pub-6f8a4dc83b8743fb9fb01e7f6f8b84fe.r2.dev/index.html,pub-6f8a4dc83b8743fb9fb01e7f6f8b84fe.r2.dev,1,content_hash_repeated_record,
CompPhish,http://pub-40788e030eee4e159dbef0b51f237482.r2.dev/index.html,pub-40788e030eee4e159dbef0b51f237482.r2.dev,1,content_hash_repeated_record,
CompPhish,https://amazontyc.co/,amazontyc.co,1,content_hash_repeated_record,
CompPhish,https://amazonfyc.co/,amazonfyc.co,1,content_hash_repeated_record,
CompPhish,http://amazonzjv.co/,amazonzjv.co,1,content_hash_repeated_record,
CompPhish,https://onlinebdo.current-devices.workers.dev/bdo-form/z871bMOavae3rYKDTO2OIN73N5JM24UrdxpDCbNfT5/,current-devices.workers.dev,1,content_hash_repeated_record,
CompPhish,https://onlinebdo.current-devices.workers.dev/bdo-form/Vl0Vq4ZDYFDT8seLcZd7h4r7t7irB30mEYQWvLNd30,current-devices.workers.dev,1,content_hash_repeated_record,
CompPhish,https://www.noticeofpleadings.net/oppin/index.html,noticeofpleadings.net,1,content_hash_repeated_record,
CompPhish,https://netflix-clone008e.rollout.site/,rollout.site,1,content_hash_repeated_record,
CompPhish,https://www.google.com.hk/,google.com.hk,0,source_domain_overlap,
CompPhish,https://www.tmall.com/,tmall.com,0,source_domain_overlap,
CompPhish,https://pages.github.com/,github.com,0,source_domain_overlap,
CompPhish,https://www.salesforce.com/platform/?bc=HL,salesforce.com,0,source_domain_overlap,
CompPhish,https://www.bitauto.com/,bitauto.com,0,source_domain_overlap,
CompPhish,https://www.breitbart.com/,breitbart.com,0,source_domain_overlap,
CompPhish,http://www.google.com/,google.com,0,source_domain_overlap,
CompPhish,https://www.livedoor.com/,livedoor.com,0,source_domain_overlap,
CompPhish,https://www.libero.it/,libero.it,0,source_domain_overlap,
CompPhish,http://tube8.com/,tube8.com,0,source_domain_overlap,
CompPhish,https://www.kooora.com:443/,kooora.com,0,source_domain_overlap,
CompPhish,https://www.xe.com:443/,xe.com,0,source_domain_overlap,
CompPhish,https://lifehacker.com/,lifehacker.com,0,source_domain_overlap,
CompPhish,https://kotaku.com/,kotaku.com,0,source_domain_overlap,
CompPhish,https://export.ebay.com/in/,ebay.com,0,source_domain_overlap,
CompPhish,https://narod.ru/,narod.ru,0,source_domain_overlap,
CompPhish,https://login.tmall.com/,tmall.com,0,source_domain_overlap,
CompPhish,https://neiyi.tmall.com/,tmall.com,0,source_domain_overlap,
CompPhish,https://err.tmall.com/error1.html?c=404&u=https%3A%2F%2F3c.tmall.com%2F,tmall.com,0,source_domain_overlap,
CompPhish,https://myhome.tmall.com/,tmall.com,0,source_domain_overlap,
CompPhish,https://de.pinterest.com/,pinterest.com,0,source_domain_overlap,
CompPhish,https://www.avclub.com/,avclub.com,0,source_domain_overlap,
CompPhish,https://pages.tmall.com/wow/a/act/tmall/dailygroup/1446/wupr?wh_pid=daily-256039,tmall.com,0,source_domain_overlap,
CompPhish,https://www.gog.com/en/,gog.com,0,source_domain_overlap,
CompPhish,https://serverfault.com/,serverfault.com,0,source_domain_overlap,
CompPhish,https://www.hotnewhiphop.com/,hotnewhiphop.com,0,source_domain_overlap,
CompPhish,https://blog.ir/,blog.ir,0,source_domain_overlap,
CompPhish,https://tunein.com/,tunein.com,0,source_domain_overlap,
CompPhish,https://pages.tmall.com/wow/a/act/tmall/dailygroup/18/wupr?wh_pid=daily-268514,tmall.com,0,source_domain_overlap,
CompPhish,https://www.ucoz.ru/,ucoz.ru,0,source_domain_overlap,
CompPhish,https://www.plurk.com/portal/,plurk.com,0,source_domain_overlap,
CompPhish,https://jp.pinterest.com/,pinterest.com,0,source_domain_overlap,
CompPhish,https://abcnews.go.com/politics,go.com,0,source_domain_overlap,
CompPhish,http://www.google.com/videohp,google.com,0,source_domain_overlap,
CompPhish,https://www.jimdo.com/,jimdo.com,0,source_domain_overlap,
CompPhish,https://disq.us/,disq.us,0,source_domain_overlap,
CompPhish,https://askubuntu.com/,askubuntu.com,0,source_domain_overlap,
CompPhish,https://food.tmall.com/,tmall.com,0,source_domain_overlap,
CompPhish,https://visualstudio.microsoft.com/,microsoft.com,0,source_domain_overlap,
CompPhish,https://currently.att.yahoo.com/,yahoo.com,0,source_domain_overlap,
CompPhish,https://uniqlo.world.tmall.com/,tmall.com,0,source_domain_overlap,
CompPhish,https://www.cbsnews.com/cbslocal/,cbsnews.com,0,source_domain_overlap,
CompPhish,https://academic.ru/,academic.ru,0,source_domain_overlap,
CompPhish,https://watsons.world.tmall.com/shop/view_shop.htm,tmall.com,0,source_domain_overlap,
CompPhish,https://www.wikibooks.org/,wikibooks.org,0,source_domain_overlap,
CompPhish,https://www.microsoft.com/windows,microsoft.com,0,source_domain_overlap,
CompPhish,https://www.reference.com/,reference.com,0,source_domain_overlap,
CompPhish,https://www.msnbc.com/,msnbc.com,0,source_domain_overlap,
CompPhish,https://www.typeform.com/,typeform.com,0,source_domain_overlap,
CompPhish,https://www.dummies.com/,dummies.com,0,source_domain_overlap,
CompPhish,https://disney.go.com/,go.com,0,source_domain_overlap,
CompPhish,https://err.tmall.com/error1.html?c=404&u=https%3A%2F%2Fcontent.tmall.com%2F,tmall.com,0,source_domain_overlap,
CompPhish,https://www.whois.com/,whois.com,0,source_domain_overlap,
CompPhish,http://wn.com/,wn.com,0,source_domain_overlap,
CompPhish,https://www.bigcartel.com/,bigcartel.com,0,source_domain_overlap,
CompPhish,http://newgrounds.com/,newgrounds.com,0,source_domain_overlap,
CompPhish,https://www.mheducation.com:443/,mheducation.com,0,source_domain_overlap,
CompPhish,https://www.abv.bg/,abv.bg,0,source_domain_overlap,
CompPhish,https://www.tomshardware.com/uk,tomshardware.com,0,source_domain_overlap,
CompPhish,https://www.blogsky.com/,blogsky.com,0,source_domain_overlap,
CompPhish,https://www.nintendo.com/jp/index.html,nintendo.com,0,source_domain_overlap,
CompPhish,https://www.manualslib.com/,manualslib.com,0,source_domain_overlap,
CompPhish,https://www.cornerstoneondemand.com:443/,cornerstoneondemand.com,0,source_domain_overlap,
CompPhish,https://err.tmall.com/,tmall.com,0,source_domain_overlap,
CompPhish,https://nvxie.tmall.com/,tmall.com,0,source_domain_overlap,
CompPhish,https://uproxx.com/,uproxx.com,0,source_domain_overlap,
CompPhish,https://www.beatport.com/,beatport.com,0,source_domain_overlap,
CompPhish,https://www.jobvite.com/,jobvite.com,0,source_domain_overlap,
CompPhish,https://nvzhuang.tmall.com/,tmall.com,0,source_domain_overlap,
CompPhish,https://jia.tmall.com/,tmall.com,0,source_domain_overlap,
CompPhish,https://nanzhuang.tmall.com/,tmall.com,0,source_domain_overlap,
CompPhish,https://samsonite.world.tmall.com/shop/view_shop.htm,tmall.com,0,source_domain_overlap,
CompPhish,https://shouji.tmall.com/,tmall.com,0,source_domain_overlap,
CompPhish,https://hyxyr.world.tmall.com/shop/view_shop.htm,tmall.com,0,source_domain_overlap,
CompPhish,https://miao.tmall.com/,tmall.com,0,source_domain_overlap,
CompPhish,https://car.tmall.com/,tmall.com,0,source_domain_overlap,
CompPhish,https://gainreel.world.tmall.com/shop/view_shop.htm?tbpm=1,tmall.com,0,source_domain_overlap,
CompPhish,https://azams.world.tmall.com/shop/view_shop.htm?tbpm=1,tmall.com,0,source_domain_overlap,
CompPhish,https://pierrecardinxb.world.tmall.com/shop/view_shop.htm?tbpm=1,tmall.com,0,source_domain_overlap,
CompPhish,https://qiannaimei.world.tmall.com/shop/view_shop.htm?tbpm=1,tmall.com,0,source_domain_overlap,
CompPhish,https://eastpak.world.tmall.com/shop/view_shop.htm?tbpm=1,tmall.com,0,source_domain_overlap,
CompPhish,https://maniform.world.tmall.com/shop/view_shop.htm?tbpm=1,tmall.com,0,source_domain_overlap,
CompPhish,https://nanxie.tmall.com/,tmall.com,0,source_domain_overlap,
CompPhish,https://sports.tmall.com/,tmall.com,0,source_domain_overlap,
CompPhish,https://calvinklein.world.tmall.com/shop/view_shop.htm,tmall.com,0,source_domain_overlap,
CompPhish,https://www.wunderground.com/intellicast,wunderground.com,0,source_domain_overlap,
CompPhish,https://dai.tmall.com/,tmall.com,0,source_domain_overlap,
CompPhish,https://imis.world.tmall.com/shop/view_shop.htm?tbpm=1,tmall.com,0,source_domain_overlap,
CompPhish,https://binnitu.world.tmall.com/shop/view_shop.htm,tmall.com,0,source_domain_overlap,
CompPhish,https://zimbra.free.fr/,free.fr,0,source_domain_overlap,
CompPhish,https://www.payscale.com/,payscale.com,0,source_domain_overlap,
CompPhish,https://www.guildwars2.com/en/,guildwars2.com,0,source_domain_overlap,
CompPhish,https://definition.org/,definition.org,0,source_domain_overlap,
CompPhish,https://www.a10.com/,a10.com,0,source_domain_overlap,
CompPhish,http://imgbox.com/,imgbox.com,0,source_domain_overlap,
CompPhish,https://www.techwalla.com/,techwalla.com,0,source_domain_overlap,
CompPhish,https://gadgetsnow.indiatimes.com/,indiatimes.com,0,source_domain_overlap,
CompPhish,https://video.ibm.com/,ibm.com,0,source_domain_overlap,
CompPhish,https://9to5mac.com/,9to5mac.com,0,source_domain_overlap,
CompPhish,https://www.youtube.com/dorkly,youtube.com,0,source_domain_overlap,
CompPhish,https://www.tabloidbintang.com/,tabloidbintang.com,0,source_domain_overlap,
CompPhish,https://laracasts.com/,laracasts.com,0,source_domain_overlap,
CompPhish,https://www.nytimes.com:443/wirecutter/,nytimes.com,0,source_domain_overlap,
CompPhish,https://www.youtube.com/zemtvpk,youtube.com,0,source_domain_overlap,
CompPhish,https://www.driverscape.com/,driverscape.com,0,source_domain_overlap,
CompPhish,https://www.gamepressure.com/,gamepressure.com,0,source_domain_overlap,
CompPhish,https://www.shmoop.com/,shmoop.com,0,source_domain_overlap,
CompPhish,https://ethereum.org/en/,ethereum.org,0,source_domain_overlap,
CompPhish,https://www.hongkiat.com/blog/,hongkiat.com,0,source_domain_overlap,
CompPhish,https://www.rapidtables.com/,rapidtables.com,0,source_domain_overlap,
CompPhish,https://www.mic.com,mic.com,0,source_domain_overlap,
CompPhish,https://www.adafruit.com/,adafruit.com,0,source_domain_overlap,
CompPhish,https://www.dealnews.com:443/,dealnews.com,0,source_domain_overlap,
CompPhish,https://se.pinterest.com/,pinterest.com,0,source_domain_overlap,
CompPhish,https://www.microsoft.com/dynamics-365/,microsoft.com,0,source_domain_overlap,
CompPhish,https://wikisource.org/wiki/Main_Page,wikisource.org,0,source_domain_overlap,
CompPhish,https://osxdaily.com/,osxdaily.com,0,source_domain_overlap,
CompPhish,https://global.canon/en/?utm_source=canon.com&utm_medium=referral&utm_campaign=top,global.canon,0,source_domain_overlap,
CompPhish,https://mobile.free.fr/,free.fr,0,source_domain_overlap,
CompPhish,https://www.nchsoftware.com/,nchsoftware.com,0,source_domain_overlap,
CompPhish,https://www.toptenreviews.com/,toptenreviews.com,0,source_domain_overlap,
CompPhish,https://www.notebookcheck.net/,notebookcheck.net,0,source_domain_overlap,
CompPhish,https://www.agame.com,agame.com,0,source_domain_overlap,
CompPhish,https://wordpress.com/support/,wordpress.com,0,source_domain_overlap,
CompPhish,https://www.myheritage.com/,myheritage.com,0,source_domain_overlap,
CompPhish,https://www.infoq.com/,infoq.com,0,source_domain_overlap,
CompPhish,https://360.ru/,360.ru,0,source_domain_overlap,
CompPhish,https://kr.pinterest.com/,pinterest.com,0,source_domain_overlap,
CompPhish,https://support.google.com/google-ads/community?ctx=lithium,google.com,0,source_domain_overlap,
CompPhish,https://www.hackerearth.com:443/,hackerearth.com,0,source_domain_overlap,
CompPhish,https://www.wordstream.com/,wordstream.com,0,source_domain_overlap,
CompPhish,https://www.kia.com/in/home.html,kia.com,0,source_domain_overlap,
CompPhish,https://admob.google.com/home/,google.com,0,source_domain_overlap,
CompPhish,https://www.lucidchart.com/pages,lucidchart.com,0,source_domain_overlap,
CompPhish,https://www.salesforce.com/marketing/b2b-automation/?bc=HL,salesforce.com,0,source_domain_overlap,
CompPhish,https://www.guru99.com/,guru99.com,0,source_domain_overlap,
CompPhish,https://tvline.com/,tvline.com,0,source_domain_overlap,
CompPhish,https://portail.free.fr/,free.fr,0,source_domain_overlap,
CompPhish,https://www.everydayhealth.com:443/,everydayhealth.com,0,source_domain_overlap,
CompPhish,https://www.techonthenet.com/,techonthenet.com,0,source_domain_overlap,
CompPhish,https://greatist.com/,greatist.com,0,source_domain_overlap,
CompPhish,https://www.sparkfun.com/,sparkfun.com,0,source_domain_overlap,
CompPhish,https://www.healthline.com:443/,healthline.com,0,source_domain_overlap,
CompPhish,https://www.junkmail.co.za/,junkmail.co.za,0,source_domain_overlap,
CompPhish,https://www.doityourself.com/,doityourself.com,0,source_domain_overlap,
CompPhish,https://www.trovit.com/,trovit.com,0,source_domain_overlap,
CompPhish,https://iconarchive.com/,iconarchive.com,0,source_domain_overlap,
CompPhish,https://www.facebook.com/gaming/,facebook.com,0,source_domain_overlap,
CompPhish,https://pho.to/,pho.to,0,source_domain_overlap,
CompPhish,https://www.barclaycard.co.uk/personal,barclaycard.co.uk,0,source_domain_overlap,
CompPhish,https://firebase.google.com/,google.com,0,source_domain_overlap,
CompPhish,https://www.foxsports.com/live,foxsports.com,0,source_domain_overlap,
CompPhish,https://windowsreport.com/,windowsreport.com,0,source_domain_overlap,
CompPhish,https://www.zerochan.net/,zerochan.net,0,source_domain_overlap,
CompPhish,https://www.salesforce.com/small-business/service/?bc=HL,salesforce.com,0,source_domain_overlap,
CompPhish,https://firebase.google.com/products/hosting/,google.com,0,source_domain_overlap,
CompPhish,https://www.name.com/,name.com,0,source_domain_overlap,
CompPhish,https://www.pomponik.pl/,pomponik.pl,0,source_domain_overlap,
CompPhish,https://www.twilio.com/en-us,twilio.com,0,source_domain_overlap,
CompPhish,https://pt.pinterest.com/,pinterest.com,0,source_domain_overlap,
CompPhish,http://wifi.free.fr/,free.fr,0,source_domain_overlap,
CompPhish,https://wordpress.com/forums/,wordpress.com,0,source_domain_overlap,
CompPhish,https://www.viagogo.com/,viagogo.com,0,source_domain_overlap,
CompPhish,http://account-support-meta.surge.sh/community-standard-case-id=5325807645/,surge.sh,1,source_domain_overlap,
CompPhish,https://olenbe213.weebly.com/,weebly.com,1,source_domain_overlap,
CompPhish,http://sersexoixdfjunomail.weebly.com/,weebly.com,1,source_domain_overlap,
CompPhish,https://itrusttcapitallogiini.weebly.com/,weebly.com,1,source_domain_overlap,
CompPhish,https://itruxtcapitol-login.weebly.com/,weebly.com,1,source_domain_overlap,
CompPhish,https://itrustcepitalogin.weebly.com/,weebly.com,1,source_domain_overlap,
CompPhish,http://currently-att-3-31-2025.weebly.com/,weebly.com,1,source_domain_overlap,
CompPhish,https://www.dropbox.com/scl/fi/3sjhmwv4wcm36ic0km0xb/OPTUSNET-EMAIL.paper?rlkey=m9flgtzhcbvdk4j3iyavmr8tq&amp;st=f9whb0ib&amp;dl=0,dropbox.com,1,source_domain_overlap,
CompPhish,https://emaildoosancom.weebly.com/,weebly.com,1,source_domain_overlap,
CompPhish,https://hkioo990uuyy.weebly.com/,weebly.com,1,source_domain_overlap,
CompPhish,https://sampleofficedocument.weebly.com/,weebly.com,1,source_domain_overlap,
CompPhish,https://reloginatt.weebly.com/,weebly.com,1,source_domain_overlap,
CompPhish,https://webmail-invoice-view.weebly.com/,weebly.com,1,source_domain_overlap,
CompPhish,https://veidrodis.weebly.com/,weebly.com,1,source_domain_overlap,
CompPhish,https://poczta-admin.weebly.com/,weebly.com,1,source_domain_overlap,
CompPhish,https://gsfatty.weebly.com/,weebly.com,1,source_domain_overlap,
CompPhish,https://contractoorofficefgfgjhhyfcvhlogingjfu.weebly.com/,weebly.com,1,source_domain_overlap,
CompPhish,https://centrisblazecreditunionalertregain0.weebly.com/,weebly.com,1,source_domain_overlap,
CompPhish,https://nklyupdate.weebly.com/,weebly.com,1,source_domain_overlap,
CompPhish,http://verifyofflce.wordpress.com/,wordpress.com,1,source_domain_overlap,
CompPhish,https://dfdtgfyhuyyfgght.weebly.com/,weebly.com,1,source_domain_overlap,
CompPhish,https://citzenidtybk.weebly.com/,weebly.com,1,source_domain_overlap,
CompPhish,https://catalanasgencatthisfriday.ukit.me/,ukit.me,1,source_domain_overlap,
CompPhish,https://cdarpintfcu.weebly.com/,weebly.com,1,source_domain_overlap,
CompPhish,https://jjdkkosu.weebly.com/,weebly.com,1,source_domain_overlap,
CompPhish,https://cpfcub.weebly.com/,weebly.com,1,source_domain_overlap,
CompPhish,https://rebrand.ly/DanaiDKaget-Claim,rebrand.ly,1,source_domain_overlap,
CompPhish,https://tinyurl.com/glady-cci1925-de-alliancepr,tinyurl.com,1,source_domain_overlap,
CompPhish,https://urlz.fr/uFac,urlz.fr,1,source_domain_overlap,
CompPhish,https://tinyurl.com/yz7rcmev,tinyurl.com,1,source_domain_overlap,
CompPhish,https://rebrand.ly/3dff88,rebrand.ly,1,source_domain_overlap,
CompPhish,https://bit.ly/4lKJukz,bit.ly,1,source_domain_overlap,
CompPhish,https://docs.google.com/forms/d/e/1FAIpQLSekgq0iG_sGvLeVqVuwveuFGovROcXykYfYAMNOAQp4bgXnPQ/viewform?usp=send_form,google.com,1,source_domain_overlap,
CompPhish,https://docs.google.com/forms/d/e/1FAIpQLSeVggGksos-dCgAreTxXTYVwF37_lRh159auDJTudR3BIUrMw/viewform,google.com,1,source_domain_overlap,
CompPhish,https://docs.google.com/forms/d/e/1FAIpQLSeVggGksos-dCgAreTxXTYVwF37_lRh159auDJTudR3BIUrMw/viewform?usp=send_form,google.com,1,source_domain_overlap,
CompPhish,https://docs.google.com/forms/d/e/1FAIpQLScx5VyKIbCBmViv_AX7ReDEV85Mp6ZK4efjw9LmxJFFmQnpCA/viewform?usp=send_form,google.com,1,source_domain_overlap,
CompPhish,https://986weebiy.weebly.com/,weebly.com,1,source_domain_overlap,
CompPhish,https://docs.google.com/forms/d/e/1FAIpQLScI_a_BLyVyGFPXLsBSU7jq-X0o6L8adOMfOI1lcXbhAZe0BA/viewform?usp=send_form,google.com,1,source_domain_overlap,
CompPhish,https://docs.google.com/forms/d/e/1FAIpQLScI_a_BLyVyGFPXLsBSU7jq-X0o6L8adOMfOI1lcXbhAZe0BA/viewform,google.com,1,source_domain_overlap,
CompPhish,https://docs.google.com/forms/d/e/1FAIpQLScX9ndf52db7i0r8OD0YH0TL3cIU9yNR1c3lnXe59tReOn6_Q/viewform,google.com,1,source_domain_overlap,
CompPhish,https://docs.google.com/forms/d/e/1FAIpQLScX9ndf52db7i0r8OD0YH0TL3cIU9yNR1c3lnXe59tReOn6_Q/viewform?usp=send_form,google.com,1,source_domain_overlap,
CompPhish,https://docs.google.com/forms/d/e/1FAIpQLScS_lZJJZxWAySrV6Amjp8SF11-3U9HpOCemR782V_QQue02w/viewform,google.com,1,source_domain_overlap,
CompPhish,https://docs.google.com/drawings/d/1JNfGlACnkTnk0Sr8SbxBzBHoB4XPj5k4oZ3O_UMKVqw,google.com,1,source_domain_overlap,
CompPhish,https://docs.google.com/drawings/d/1JNfGlACnkTnk0Sr8SbxBzBHoB4XPj5k4oZ3O_UMKVqw/edit,google.com,1,source_domain_overlap,
CompPhish,https://docs.google.com/drawings/d/1hhXxVfXuIT07uF5TRE3DJs4ZJL4Uoec-zkLLgwalzho/edit,google.com,1,source_domain_overlap,
CompPhish,https://talented-banana-qdq58p.mystrikingly.com/,mystrikingly.com,1,source_domain_overlap,
CompPhish,https://sites.google.com/view/attaccesspage374/home,google.com,1,source_domain_overlap,
CompPhish,https://underestimation.jkub.com/v1/check,jkub.com,1,source_domain_overlap,
CompPhish,https://sssagawanauthoritati.zzux.com/letianx/,zzux.com,1,source_domain_overlap,
CompPhish,https://oooequireddomainsad.zzux.com/docomox,zzux.com,1,source_domain_overlap,
CompPhish,https://uckleionishoroustab.weebly.com/,weebly.com,1,source_domain_overlap,
CompPhish,https://pppsagawanauthoritati.otzo.com/docomox/,otzo.com,1,source_domain_overlap,
CompPhish,https://hoc-lip.surge.sh/hr_aruba.html,surge.sh,1,source_domain_overlap,
CompPhish,https://servicebtemail.weebly.com/,weebly.com,1,source_domain_overlap,
CompPhish,https://docs.google.com/presentation/d/e/2PACX-1vRIHkXaTp5NXFirGjV5Vprlqh8qVkrioplLsluemJkiGHHjr0caDZcc2uj_bj8LuLtIA3pmiLJ4IP6q/pub,google.com,1,source_domain_overlap,
CompPhish,https://wordpress2541901.home.pl/root/Natis/Gov/cc.html,home.pl,1,source_domain_overlap,
CompPhish,https://docs.google.com/presentation/d/e/2PACX-1vQXWrdv5CXI-5yezxQYOT7mZmLHTGDYOV8E7M3CefVyEeUbD25QR_q6BXV4dS6U8XiAF-BseQLu9r9L/pub,google.com,1,source_domain_overlap,
CompPhish,https://docs.google.com/presentation/d/e/2PACX-1vQJR4TJf9nUYtVHHTVi4j3_HtX0g_yeZ130_0dI77ybk9jxQXuFyl4MNCDgnAMe_42LDf0ddjmZXwdz/pub,google.com,1,source_domain_overlap,
CompPhish,https://llbusinessi.weebly.com/,weebly.com,1,source_domain_overlap,
CompPhish,https://sites.google.com/view/spectt/home,google.com,1,source_domain_overlap,
CompPhish,https://ac-lineleonbhsdopl.weebly.com,weebly.com,1,source_domain_overlap,
CompPhish,https://docs.google.com/presentation/d/e/2PACX-1vQepzu0Oy7K4MB-cXQhSt6aLhuwRL1xOecf-x7Nfsi01bB1FtNUzVMTclK-cAJgYMLJIf-MBmL5xwLJ/pub,google.com,1,source_domain_overlap,
CompPhish,https://tinyurl.com/44ayu6rr,tinyurl.com,1,source_domain_overlap,
CompPhish,https://firebasestorage.googleapis.com/v0/b/update-14998.appspot.com/o/index.html?alt=media&amp;token=daf1e36e-9641-4f31-82ea-7b02e108d781,firebasestorage.googleapis.com,1,source_domain_overlap,
CompPhish,https://inttrnbn.webcindario.com/BancoInternacional.html,webcindario.com,1,source_domain_overlap,
CompPhish,https://tinyurl.com/ynfmvb55,tinyurl.com,1,source_domain_overlap,
CompPhish,https://docs.google.com/presentation/d/e/2PACX-1vQK07Bfv13Vg1_4gJzmpBDzvIuXwgnkWat6viSEAy_xbZ7cIpftsn8Q47_EwAw7AaDaPh4tKivBDbfa/pub,google.com,1,source_domain_overlap,
CompPhish,https://docs.google.com/presentation/d/e/2PACX-1vR5TswqfFqyWz6yNU1GjR0F-DD7UUhlwv8rekIJUznRRULozCnzOSkfesU2h5DQRH73yVQ_Ztu3ldVY/pub,google.com,1,source_domain_overlap,
CompPhish,https://accountupgradeweb.weebly.com/,weebly.com,1,source_domain_overlap,
CompPhish,https://tinyurl.com/ytdlqxk3?email=stanleymckee@btinternet.com&vmid=07a37a7fcdfc80204e94013b9bdffd23,tinyurl.com,1,source_domain_overlap,
CompPhish,https://cordobagovr.weebly.com/,weebly.com,1,source_domain_overlap,
CompPhish,https://0954tri664rwu3143jk24w3524u4324352kh2522wh.weebly.com/,weebly.com,1,source_domain_overlap,
CompPhish,https://mycalbenefits.weebly.com/,weebly.com,1,source_domain_overlap,
CompPhish,https://atmailserval.weebly.com/,weebly.com,1,source_domain_overlap,
CompPhish,https://btmaaill.weebly.com/,weebly.com,1,source_domain_overlap,
CompPhish,https://unachedu.weebly.com/,weebly.com,1,source_domain_overlap,
CompPhish,https://breezelineprontonmail.weebly.com/,weebly.com,1,source_domain_overlap,
CompPhish,https://zmiibra.weebly.com/,weebly.com,1,source_domain_overlap,
CompPhish,https://thaduluccacomicsandgamesconstruction.weebly.com/,weebly.com,1,source_domain_overlap,
CompPhish,https://uruy.weebly.com/,weebly.com,1,source_domain_overlap,
CompPhish,https://bimbra.weebly.com/,weebly.com,1,source_domain_overlap,
CompPhish,https://qantasairfly-connecting.weebly.com/,weebly.com,1,source_domain_overlap,
CompPhish,https://telllstrabiggpoond001.weebly.com/,weebly.com,1,source_domain_overlap,
CompPhish,https://associatedalert.weebly.com/,weebly.com,1,source_domain_overlap,
CompPhish,https://connexionwebmailupjv.weebly.com/,weebly.com,1,source_domain_overlap,
CompPhish,https://notifyingconnectingtodoommaaiinnss.weebly.com/,weebly.com,1,source_domain_overlap,
CompPhish,https://log1inblazecuubnk.weebly.com/,weebly.com,1,source_domain_overlap,
CompPhish,https://xfinitydraft.weebly.com/,weebly.com,1,source_domain_overlap,
CompPhish,https://vrfyctznbkonl.weebly.com/,weebly.com,1,source_domain_overlap,
CompPhish,https://supportmonacotelecom.weebly.com/,weebly.com,1,source_domain_overlap,
CompPhish,https://sportybetadder8jxx6.weebly.com/,weebly.com,1,source_domain_overlap,
CompPhish,https://upslpedumx.weebly.com/,weebly.com,1,source_domain_overlap,
CompPhish,https://teamers09872.weebly.com/,weebly.com,1,source_domain_overlap,
CompPhish,https://ucjjk.weebly.com/,weebly.com,1,source_domain_overlap,
CompPhish,https://centrisblazecuonlineaccessregain0.weebly.com/,weebly.com,1,source_domain_overlap,
CompPhish,https://recibo-de-pago.weebly.com/,weebly.com,1,source_domain_overlap,
CompPhish,https://office365mainpageservice.weebly.com/,weebly.com,1,source_domain_overlap,
CompPhish,https://conet-fijik.weebly.com/,weebly.com,1,source_domain_overlap,
CompPhish,https://wordpress2541901.home.pl/root/Road/traffic/cc.html,home.pl,1,source_domain_overlap,
CompPhish,https://tinyurl.com/myphmc3e,tinyurl.com,1,source_domain_overlap,
CompPhish,https://docs.google.com/presentation/d/e/2PACX-1vRte0WAZYHuTKQxHbwb2IZspQDQu1-FOexpBCoepBcbnsV9JxAme8m3Lw-4zS-lfaeC9PQZJsATkuIC/pub,google.com,1,source_domain_overlap,
CompPhish,https://tinyurl.com/3wm4pkcf,tinyurl.com,1,source_domain_overlap,
CompPhish,https://tinyurl.com/44e5d3nk,tinyurl.com,1,source_domain_overlap,
CompPhish,https://docs.google.com/presentation/d/e/2PACX-1vSvRcWVGPa67y9D9Nm0AIbtpYzWfiq1VQiL-Jb_M3cGVXmfMIk-n3j4ijrML4d0B6uTiFdVrbUNoxC_/pub,google.com,1,source_domain_overlap,
CompPhish,https://tinyurl.com/dqwopj9234,tinyurl.com,1,source_domain_overlap,
CompPhish,https://docs.google.com/presentation/d/13dXLXcul1aGqPg5Lv5KHcdH9xYCW8_NL03cSUnaOmUU/edit,google.com,1,source_domain_overlap,
CompPhish,https://bit.ly/462Y8iL,bit.ly,1,source_domain_overlap,
CompPhish,https://bit.ly/4lUfMd7,bit.ly,1,source_domain_overlap,
CompPhish,https://urlz.fr/uFlb,urlz.fr,1,source_domain_overlap,
CompPhish,https://urlz.fr/uFoF,urlz.fr,1,source_domain_overlap,
CompPhish,https://tinyurl.com/7ztppwzh,tinyurl.com,1,source_domain_overlap,
CompPhish,https://snip.ly/kw3o5q,snip.ly,1,source_domain_overlap,
CompPhish,https://tinyurl.com/yqu9pojb,tinyurl.com,1,source_domain_overlap,
CompPhish,https://tinyurl.com/yvva6n83,tinyurl.com,1,source_domain_overlap,
CompPhish,https://bbvhs.weebly.com/,weebly.com,1,source_domain_overlap,
CompPhish,https://autenticacion-dom-24-bonao.weebly.com/,weebly.com,1,source_domain_overlap,
CompPhish,https://docs.google.com/presentation/d/e/2PACX-1vTy7Uf9-9uMyg53jy-oScGnY90rE3EHO4tYlasUxIlyG_l798XpYHg1EH8MIAuVAUD10g6l2kgBkeeu/pub,google.com,1,source_domain_overlap,
CompPhish,https://start-trezorio-auth-web.mystrikingly.com/,mystrikingly.com,1,source_domain_overlap,
CompPhish,https://zimbra-web-mail-log.weebly.com/,weebly.com,1,source_domain_overlap,
CompPhish,https://dcyuwe7216er1fdcw.weebly.com/,weebly.com,1,source_domain_overlap,
CompPhish,https://agencearc-securit.weebly.com/,weebly.com,1,source_domain_overlap,
CompPhish,https://basopcadosa.weebly.com/,weebly.com,1,source_domain_overlap,
CompPhish,https://053489099.weebly.com/,weebly.com,1,source_domain_overlap,
CompPhish,https://attcomtry.weebly.com/,weebly.com,1,source_domain_overlap,
CompPhish,https://aimbra.weebly.com/,weebly.com,1,source_domain_overlap,
CompPhish,https://56478339.weebly.com/,weebly.com,1,source_domain_overlap,
CompPhish,https://supportseerviceauth.weebly.com/,weebly.com,1,source_domain_overlap,
CompPhish,https://myskyverifyaccount.weebly.com/,weebly.com,1,source_domain_overlap,
CompPhish,https://seclewisburg.weebly.com/,weebly.com,1,source_domain_overlap,
CompPhish,https://dmibra.weebly.com/,weebly.com,1,source_domain_overlap,
CompPhish,https://appsuite-sources.weebly.com/,weebly.com,1,source_domain_overlap,
CompPhish,https://secrockland.weebly.com/,weebly.com,1,source_domain_overlap,
CompPhish,https://owa-outlook-auth.weebly.com/,weebly.com,1,source_domain_overlap,
CompPhish,https://snetmmadffgf.weebly.com/,weebly.com,1,source_domain_overlap,
CompPhish,https://blackhillscbnklogln.weebly.com/,weebly.com,1,source_domain_overlap,
CompPhish,https://htt-assistenza-tiscali-it.weebly.com/,weebly.com,1,source_domain_overlap,
CompPhish,https://instgramvideoooeee90.weebly.com/,weebly.com,1,source_domain_overlap,
CompPhish,https://mailserviceupdate685578.weebly.com/,weebly.com,1,source_domain_overlap,
CompPhish,https://newserver1.weebly.com/,weebly.com,1,source_domain_overlap,
CompPhish,https://webmail-mhd-com-owa.weebly.com/,weebly.com,1,source_domain_overlap,
CompPhish,https://mollycast.weebly.com/,weebly.com,1,source_domain_overlap,
CompPhish,https://onpointauacessonline.weebly.com/,weebly.com,1,source_domain_overlap,
CompPhish,https://cmibra.weebly.com/,weebly.com,1,source_domain_overlap,
CompPhish,https://nbvcvbnkjh.weebly.com/,weebly.com,1,source_domain_overlap,
CompPhish,https://ucacue-ec.weebly.com/,weebly.com,1,source_domain_overlap,
CompPhish,https://fgjhbsvf.weebly.com/,weebly.com,1,source_domain_overlap,
CompPhish,https://gdhjbbttt.weebly.com/,weebly.com,1,source_domain_overlap,
CompPhish,https://jmkfjkfjhnf.weebly.com/,weebly.com,1,source_domain_overlap,
CompPhish,http://absent-jelly.surge.sh/hr_aruba.html,surge.sh,1,source_domain_overlap,
CompPhish,https://docs.google.com/presentation/d/e/2PACX-1vQ-GO08CdkwgnMqGcaDa9pi4f7YaZYBXQS50pQLmWnzXvNHV5lelWwXZiQPtWLHwFy2A_m22iRt60yg/pub,google.com,1,source_domain_overlap,
CompPhish,https://away.vk.com/away.php?rh=495c8868-8bef-4dbd-847b-e9919001b3b6,vk.com,1,source_domain_overlap,
CompPhish,https://sites.google.com/view/loginwebmail1/home,google.com,1,source_domain_overlap,
CompPhish,https://docs.google.com/presentation/d/e/2PACX-1vTy7Uf9-9uMyg53jy-oScGnY90rE3EHO4tYlasUxIlyG_l798XpYHg1EH8MIAuVAUD10g6l2kgBkeeu/pub?start=false&amp;loop=false&amp;delayms=3000,google.com,1,source_domain_overlap,
CompPhish,https://docs.google.com/presentation/d/e/2PACX-1vTJDVctIrph72Gbs8MECBfMF6JxO332gW18yCXvhGJU-7Vt-jbBtKCm3EwkIO2N1tTi7sNlzwl1IcBJ/pub,google.com,1,source_domain_overlap,
CompPhish,https://comprobar-cuenta-bhd-12.mystrikingly.com/,mystrikingly.com,1,source_domain_overlap,
CompPhish,https://notificacion-bloqueotemporal2025.weebly.com,weebly.com,1,source_domain_overlap,
CompPhish,https://storage.googleapis.com/1407dfm3alpolop/index.html?doc1@docmhcfsg.xinsnf2.com,storage.googleapis.com,1,source_domain_overlap,
CompPhish,https://promerx.surge.sh,surge.sh,1,source_domain_overlap,
CompPhish,https://tinyurl.com/3bvcd8hb,tinyurl.com,1,source_domain_overlap,
CompPhish,https://fuchsia-cuckoo-qfrm0c.mystrikingly.com/,mystrikingly.com,1,source_domain_overlap,
CompPhish,https://vjvjvjvjv.weebly.com/,weebly.com,1,source_domain_overlap,
CompPhish,https://tinyurl.com/8a6sbthe,tinyurl.com,1,source_domain_overlap,
CompPhish,https://tinyurl.com/5acjtux7,tinyurl.com,1,source_domain_overlap,
CompPhish,https://snip.ly/mgbt9w,snip.ly,1,source_domain_overlap,
CompPhish,https://tinyurl.com/5azmptp6,tinyurl.com,1,source_domain_overlap,
CompPhish,https://tinyurl.com/y2vh95bw,tinyurl.com,1,source_domain_overlap,
CompPhish,http://account-support-meta.surge.sh/community-standard-case-id%3D5325807645%22%2C%22https%3A/thumbsnap.com/i/8TF618k2.jpg%22%5D,surge.sh,1,source_domain_overlap,
CompPhish,https://docs.google.com/presentation/d/1fLBTyO7ah-Xfl0RBj2Nw04_uRKYQ2HP-L49gKPWwaeI,google.com,1,source_domain_overlap,
CompPhish,https://docs.google.com/presentation/d/1fLBTyO7ah-Xfl0RBj2Nw04_uRKYQ2HP-L49gKPWwaeI/edit,google.com,1,source_domain_overlap,
CompPhish,https://wh1459719.ispot.cc/,ispot.cc,1,source_domain_overlap,
CompPhish,https://smsmmsses.weebly.com/,weebly.com,1,source_domain_overlap,
CompPhish,https://docs.google.com/forms/d/e/1FAIpQLSfkDQ6253EogmevUQSVgmuN53jToA42iGJXw5VtItcm2xj5kg/viewform?usp=header,google.com,1,source_domain_overlap,
CompPhish,https://tesltralonlinecentres.weebly.com/,weebly.com,1,source_domain_overlap,
CompPhish,https://docs.google.com/drawings/d/1-H_oTNgfLRx0iG-kGur3OKWx-kCmO3_dxcFP5L4fpoU/edit,google.com,1,source_domain_overlap,
CompPhish,https://docs.google.com/drawings/d/1ibbkGdH4UObHEUSyQUa_kdTDaYnrvsEguA_O7-jEjxo/edit,google.com,1,source_domain_overlap,
CompPhish,https://docs.google.com/drawings/d/1y-B_WUWeSCveSdcCdpUaPmq9GfvaT74YNhkmVdNO6Tk/edit,google.com,1,source_domain_overlap,
CompPhish,https://docs.google.com/presentation/d/e/2PACX-1vQOMPoMJxjXvi2TWOPqk_wT1HWU-E1n1AzZeMjIEj4udJiiLCJ31DzLnsyu7kxlFMWkisbLIBRzbXFW/pub,google.com,1,source_domain_overlap,
CompPhish,https://tinyurl.com/yr3qp3c8,tinyurl.com,1,source_domain_overlap,
CompPhish,https://docs.google.com/presentation/d/e/2PACX-1vRwWPWaVFGXQZ2HIJhqPKTdEebDNsWGpFE6LBrbZuWyLNcIDz2yhnNSGgIN8SbCigfbrLRGc93NMFVr/pub,google.com,1,source_domain_overlap,
CompPhish,https://secureegtvc.weebly.com/,weebly.com,1,source_domain_overlap,
CompPhish,https://prodigysigninattsm.weebly.com/,weebly.com,1,source_domain_overlap,
CompPhish,https://second2025jn.weebly.com/,weebly.com,1,source_domain_overlap,
CompPhish,https://admintalktalk14.weebly.com/,weebly.com,1,source_domain_overlap,
CompPhish,https://newserviceport05.weebly.com/,weebly.com,1,source_domain_overlap,
CompPhish,https://purposeful-shrimp-qgt5t4.mystrikingly.com/,mystrikingly.com,1,source_domain_overlap,
CompPhish,http://trezzor.wordpress.com,wordpress.com,1,source_domain_overlap,
CompPhish,https://trezzor.wordpress.com/,wordpress.com,1,source_domain_overlap,
CompPhish,https://docs.google.com/presentation/d/e/2PACX-1vT45hWR55HI5QAnm_QpY7FJeraJTZZwxwKsx7i9DNp4n41UEnMQLFpZATrGqmx46hbHZVaOhcdNZknZ/pub,google.com,1,source_domain_overlap,
CompPhish,https://admin-email-rask.weebly.com/,weebly.com,1,source_domain_overlap,
CompPhish,https://kabelmailll.weebly.com/,weebly.com,1,source_domain_overlap,
CompPhish,https://04483.weebly.com/,weebly.com,1,source_domain_overlap,
CompPhish,https://whyessat.weebly.com/,weebly.com,1,source_domain_overlap,
CompPhish,https://mailing3777890.weebly.com/,weebly.com,1,source_domain_overlap,
CompPhish,https://docs.google.com/presentation/d/e/2PACX-1vQ_id-837ptMcYCZLClonWELA9SOSGYLNrlFXXhGwzMQdwLUGMhzWhE8TwN8Nn4r6a06C7hNTdtBIkr/pub,google.com,1,source_domain_overlap,
CompPhish,https://btinternetss.mystrikingly.com/,mystrikingly.com,1,source_domain_overlap,
CompPhish,https://docs.google.com/presentation/d/e/2PACX-1vTWEFWf0T46cSidN6-26JbgOmjecQPVyjaDtwJXqqv4viwsz6R3n0_QZeM8YP16XMZNOF_DYWIajMfd/pub,google.com,1,source_domain_overlap,
CompPhish,https://docs.google.com/presentation/d/e/2PACX-1vS4eFHdpuQ-4g2qGehUbHqODa-qnrQhuuVlJpXiM69w3XjSB9hEU0daDY3pi35O5H5uBdjmsT1-81Fx/pub,google.com,1,source_domain_overlap,
CompPhish,https://docs.google.com/presentation/d/e/2PACX-1vRaUbwZa3J1vmnSuJEjlKEs-z_On2npXTmsdMGnbAYVkhvz5mmIdB4lSq7Ikhu75pR-XSiOup5WsO3Y/pub,google.com,1,source_domain_overlap,
CompPhish,https://tinyurl.com/ytdlqxk3?email=sparkplugboy@btinternet.com&vmid=9d75a18e249a498d1d601191f1c08a17,tinyurl.com,1,source_domain_overlap,
CompPhish,https://freemailweb120007765432110765432149100190000000000000000000000.weebly.com/,weebly.com,1,source_domain_overlap,
CompPhish,https://docs.google.com/presentation/d/e/2PACX-1vTpkdZS9PBfy4EBtX_8Opr0X2GWzAQzBhZvwUTNlNLzvr1Xl0xrtc2fzKP8qLa4YqyiZHW1b22tAonM/pub,google.com,1,source_domain_overlap,
CompPhish,https://docs.google.com/presentation/d/e/2PACX-1vS9FynY37ToKWcV46ipHicL2bs6DaC9rrHokECRooT1n0SO-li45uTnm2LlIMdDK-T4qUXQGX1Hkctz/pub,google.com,1,source_domain_overlap,
CompPhish,https://docs.google.com/presentation/d/e/2PACX-1vTpkdZS9PBfy4EBtX_8Opr0X2GWzAQzBhZvwUTNlNLzvr1Xl0xrtc2fzKP8qLa4YqyiZHW1b22tAonM/pub?start=false&amp;loop=false&amp;delayms=3000,google.com,1,source_domain_overlap,
CompPhish,https://docs.google.com/presentation/d/e/2PACX-1vRqOQvgUsyg23CUhH5E_YrR9nOTZiuACfyYS_zzpAdo2ZM_elOM-faybxYS7owOybx-RLdjnFhh_nzx/pub,google.com,1,source_domain_overlap,
CompPhish,https://1192md.weebly.com/,weebly.com,1,source_domain_overlap,
CompPhish,https://bordeaux-montaign3.weebly.com/,weebly.com,1,source_domain_overlap,
CompPhish,https://crushmoore.weebly.com/,weebly.com,1,source_domain_overlap,
CompPhish,https://currentlymailnow.weebly.com/,weebly.com,1,source_domain_overlap,
CompPhish,https://encryptionproton.weebly.com/,weebly.com,1,source_domain_overlap,
CompPhish,https://gerhgbegejgnd.weebly.com/,weebly.com,1,source_domain_overlap,
CompPhish,https://iinetservice11.weebly.com/,weebly.com,1,source_domain_overlap,
CompPhish,https://rzimbra.weebly.com/,weebly.com,1,source_domain_overlap,
CompPhish,https://uwclubwarehouse.weebly.com/,weebly.com,1,source_domain_overlap,
CompPhish,https://vcujdhkviwsdjk7qeyiwrjfv87i3eywfi78uqewidfsg823qew.weebly.com/,weebly.com,1,source_domain_overlap,
CompPhish,https://webmaildomainupdate.weebly.com/,weebly.com,1,source_domain_overlap,
CompPhish,https://wirett.weebly.com/,weebly.com,1,source_domain_overlap,
CompPhish,https://docs.google.com/presentation/d/e/2PACX-1vQGKlRq6-J6Gk9lJLuQ-kYeBY_zTpqJxVvDkP0HJQrHaq6E-kqyiRIJ4L3paELLHHuVbjsxm3k_L29Z/pub,google.com,1,source_domain_overlap,
CompPhish,https://u1872000.ct.sendgrid.net/ls/click?upn=u001.-2Bm-2B0-2BCtQKB3dE6ezYbp5vtEmGhG2r8eYcbhc-2F0-2BDUyW7d77I69L-2B61LLYfqJ-2F6lU1-2F1Hn9EUWww1bHpIru8HN1gHmgamYqgLclG6rI-2BsHIf4MeYOXkI4v2VJ95-2BZ7SuIJ-2FLvaNU9ESjHdGIDAy36DEEg5SJpxbCq-2FTOPsgzvCpwqh9mHN-2BcPVl4y9mP71pumGhz8PmyPaJseDF7oIgASzdxVPNwY80bPaowA9QytHSAPWb7ny-2FteviEsOH7goVzOdrzLfCaHp7Xz-2F2BLy3MRLLpg-2BRYAM9fleIdoP-2BovP6VAgfbnGxq6wNayt77F3MkNRMWAPRp44MQXNGGhEtQ6cWfIufiaDHpwIkUBAl85wbVL-2BTbcWYi4ha6rroi6JPbOBcPv-2FI5JFZ0FHyyL7Kxiulrn9Zf-2BMJYg2WoxcmI0TgEW1kmoBtp29dGVg4uK5xImBy8wMUIGyMsn8qc0kITFToJHtPwaWtgHbcoHMRD47aouQUVZMt2eClfXkonXuB2-2FjUK2O2V-2B4pyG5igh3VlL1A-3D-3DtyyP_00O9jc-2FZ2aGyO4gKrPnI47xDzAD8m6FwQh5BNh0wgr1FZ0AAA6UZL-2FpANlhkzqunx8HUMyB-2FsayPY8vEAxZeBoY-2F5koVx-2F-2F7Y8cgtTG-2FTzXDv6RjxRt08N6pnpTakOfgxi2h9AScfSZZtxhhSZ7QkKHXoGcfjux5jmlDtNdejGLCJoQND5rTN1hBrkwI9WYxfQ3sQq5noSJuf40lF0-2FcbQ-3D-3D,sendgrid.net,1,source_domain_overlap,
CompPhish,https://freemailweb140008765432110765432149100190000000000000000000000.weebly.com/,weebly.com,1,source_domain_overlap,
CompPhish,https://docs.google.com/presentation/d/e/2PACX-1vQGKlRq6-J6Gk9lJLuQ-kYeBY_zTpqJxVvDkP0HJQrHaq6E-kqyiRIJ4L3paELLHHuVbjsxm3k_L29Z/pub?start=false&amp;loop=false&amp;delayms=3000,google.com,1,source_domain_overlap,
CompPhish,https://bit.ly/46KQR7o,bit.ly,1,source_domain_overlap,
CompPhish,https://tinyurl.com/3ah67yxf,tinyurl.com,1,source_domain_overlap,
CompPhish,https://tinyurl.com/yn66rqgw,tinyurl.com,1,source_domain_overlap,
CompPhish,https://tinyurl.com/22qhjj57,tinyurl.com,1,source_domain_overlap,
CompPhish,https://tinyurl.com/3b87stpd,tinyurl.com,1,source_domain_overlap,
CompPhish,https://tinyurl.com/yc29fh4a,tinyurl.com,1,source_domain_overlap,
CompPhish,https://secure296.inmotionhosting.com/~n7c3bb5/wp-admin/ZK4RMP92TXLAQ9WD/,inmotionhosting.com,1,source_domain_overlap,
CompPhish,https://docs.google.com/drawings/d/1RxZd2W9-vAM-n-ns0F-Y-udmNS5DWh34dDyAM3hi9bw/edit,google.com,1,source_domain_overlap,
CompPhish,https://docs.google.com/drawings/d/1EhWkpX0zpNJuetMQf27OB99HBqrjxYlhlyzWq4MdBN0/edit,google.com,1,source_domain_overlap,
CompPhish,https://docs.google.com/drawings/d/1f-7FcgxvIXjpac_rmNBPe3rz-JJzQRxQMcGY0425b8M/edit,google.com,1,source_domain_overlap,
CompPhish,https://docs.google.com/drawings/d/1soV0ha4zMxhieO5Urp-xpaihX7ywWfU0ib9wJ81o-nU/edit,google.com,1,source_domain_overlap,
CompPhish,https://docs.google.com/drawings/d/17TVo7NpDzCfLm7OdIIvBtN27O4Wu7Y5NvYS1JrlErK4/edit,google.com,1,source_domain_overlap,
CompPhish,https://docs.google.com/drawings/d/1rALgvS6oNz5POlBzu5ZX8-AKzmzjIlQc7D6ykucUbDc/edit,google.com,1,source_domain_overlap,
CompPhish,https://docs.google.com/drawings/d/17sDrjxcCaCteAOiwlil-aCfilc9wCmoAu95AY0uCLCA/edit,google.com,1,source_domain_overlap,
CompPhish,https://docs.google.com/drawings/d/1t3_aV_T7z6VO0_QzjVio8ohMPz73NcytKFhqWEB9LRU/edit,google.com,1,source_domain_overlap,
CompPhish,https://docs.google.com/drawings/d/1hx-PIoqENJq5p762SfmyRpygCf3rNqdjjgXY5mObcXs/edit,google.com,1,source_domain_overlap,
CompPhish,https://docs.google.com/drawings/d/1kBigybfKWy7WYj4TdMLhbXCO-LTMjFOfmMgyePE2i54/edit,google.com,1,source_domain_overlap,
CompPhish,https://lime-flamingo-pnt0b4.mystrikingly.com/,mystrikingly.com,1,source_domain_overlap,
CompPhish,https://docs.google.com/presentation/d/e/2PACX-1vR_185hXTs60aZU0Z0aOf6--q149Ps6X-LVKp-VLGbtXwSa3jTIeyQs7sI6Pn50O8LjvVn9AP5ptYKu/pub?start=false&amp;loop=false&amp;delayms=3000,google.com,1,source_domain_overlap,
CompPhish,http://obnxs-webmail.surge.sh/,surge.sh,1,source_domain_overlap,
CompPhish,https://docs.google.com/presentation/d/e/2PACX-1vSHOhf0BKo1-eG5MYIAjp8em7wdK9Mpw-QxOWvXenxR3k5oVIhkgEEomZ3OeEqiebOhUhRQg6plvr2E/pub,google.com,1,source_domain_overlap,
CompPhish,https://filillingsipy-pec.surge.sh/,surge.sh,1,source_domain_overlap,
CompPhish,https://tinyurl.com/3yuyccp4,tinyurl.com,1,source_domain_overlap,
CompPhish,https://about.me/unisertlinelimited,about.me,1,source_domain_overlap,
CompPhish,https://dfnbzg.weebly.com/,weebly.com,1,source_domain_overlap,
CompPhish,https://docs.google.com/presentation/d/e/2PACX-1vSZLgLVOGurxUelBPKvaj-WhqQqS4SSnR04U7EyLYZtUXhCKYzq7eE393wEzZoidd3LmffuBO7ieybr/pub,google.com,1,source_domain_overlap,
CompPhish,https://rebrand.ly/wrst04u,rebrand.ly,1,source_domain_overlap,
CompPhish,https://1113213d.weebly.com/,weebly.com,1,source_domain_overlap,
CompPhish,https://1bos0nli32sec9.weebly.com/,weebly.com,1,source_domain_overlap,
CompPhish,https://account-update1123.weebly.com/,weebly.com,1,source_domain_overlap,
CompPhish,https://airmilesrewardprogrammsd.weebly.com/,weebly.com,1,source_domain_overlap,
CompPhish,https://antisolvcitylogln.weebly.com/,weebly.com,1,source_domain_overlap,
CompPhish,https://centraver1ficati0n.weebly.com/,weebly.com,1,source_domain_overlap,
CompPhish,https://coppersite002.weebly.com/,weebly.com,1,source_domain_overlap,
CompPhish,https://eastlinlinlimndnddnkfndndfnkn.weebly.com/,weebly.com,1,source_domain_overlap,
CompPhish,https://edu3037.weebly.com/,weebly.com,1,source_domain_overlap,
CompPhish,https://humanresources47.weebly.com/,weebly.com,1,source_domain_overlap,
CompPhish,https://mycatalystbankaccess.weebly.com/,weebly.com,1,source_domain_overlap,
CompPhish,https://myefccu-proconmabe-0-php.weebly.com/,weebly.com,1,source_domain_overlap,
CompPhish,https://n4vyc0nn3ctt4.weebly.com/,weebly.com,1,source_domain_overlap,
CompPhish,https://onlineevsfcu.weebly.com/,weebly.com,1,source_domain_overlap,
CompPhish,https://php0securecitadelcu.weebly.com/,weebly.com,1,source_domain_overlap,
CompPhish,https://polarcommwebmail.weebly.com/,weebly.com,1,source_domain_overlap,
CompPhish,https://pphotoosseexx.weebly.com/,weebly.com,1,source_domain_overlap,
CompPhish,https://rvsharesecurity.weebly.com/,weebly.com,1,source_domain_overlap,
CompPhish,https://securebankofelkriver.weebly.com/,weebly.com,1,source_domain_overlap,
CompPhish,https://telkomsasupportingterms.weebly.com/,weebly.com,1,source_domain_overlap,
CompPhish,https://updatefirstbankmvn.weebly.com/,weebly.com,1,source_domain_overlap,
CompPhish,https://utfcusecureauth0z7i1.weebly.com/,weebly.com,1,source_domain_overlap,
CompPhish,https://yrppaztunberaz.weebly.com/,weebly.com,1,source_domain_overlap,
CompPhish,https://docs.google.com/presentation/d/e/2PACX-1vQxIp5gmBXWJpL0S46bZRqxTE-5XTHTxKxMmOHz72bkyM5ghSS5kXBb5BZZRSF3bGc7_8iGqRPfaLT8/pub?start=false&amp;loop=false&amp;delayms=3000,google.com,1,source_domain_overlap,
CompPhish,https://coinbase-com-logn.weebly.com/,weebly.com,1,source_domain_overlap,
CompPhish,https://managementbusinessrequiredaza.weebly.com/,weebly.com,1,source_domain_overlap,
CompPhish,https://attseruvbfhjd.weebly.com/,weebly.com,1,source_domain_overlap,
CompPhish,https://currently4att.weebly.com/,weebly.com,1,source_domain_overlap,
CompPhish,https://attyahoomailformupdateacct.weebly.com/,weebly.com,1,source_domain_overlap,
CompPhish,http://ertytrfghgf.weebly.com/,weebly.com,1,source_domain_overlap,
CompPhish,https://btgjh.weebly.com/,weebly.com,1,source_domain_overlap,
CompPhish,http://nebulous-amount.surge.sh/ks.bk,surge.sh,1,source_domain_overlap,
CompPhish,http://gg.gg/1c0k56,gg.gg,1,source_domain_overlap,
CompPhish,https://rfysdfgfhgajhkjlrtywgjhjlutdygyh.weebly.com/,weebly.com,1,source_domain_overlap,
CompPhish,http://sites.google.com/view/serveur-communication-box/accueil/,google.com,1,source_domain_overlap,
CompPhish,https://banrugtww2.webcindario.com/,webcindario.com,1,source_domain_overlap,
CompPhish,https://attsecuree000.weebly.com/,weebly.com,1,source_domain_overlap,
CompPhish,http://facebookzaman.blogspot.ru/,blogspot.ru,1,source_domain_overlap,
CompPhish,https://yahoojdhabdbvreyat.weebly.com/,weebly.com,1,source_domain_overlap,
CompPhish,https://logincurrentlymail66.weebly.com/,weebly.com,1,source_domain_overlap,
CompPhish,https://ssasasasaa.weebly.com/,weebly.com,1,source_domain_overlap,
CompPhish,https://gneuyb.weebly.com/,weebly.com,1,source_domain_overlap,
CompPhish,https://updatenewsettings.weebly.com/,weebly.com,1,source_domain_overlap,
CompPhish,https://shawconnection1.weebly.com/?user-agent=Mozilla/5.0+(Windows+NT+10.0;+Win64;+x64)+AppleWebKit/537.36+(KHTML,weebly.com,1,source_domain_overlap,
CompPhish,https://shawconnection1.weebly.com/?user-agent=Mozilla/5.0%20(Windows%20NT%2010.0;%20Win64;%20x64)%20AppleWebKit/537.36%20(KHTML,weebly.com,1,source_domain_overlap,
CompPhish,http://www.rebrand.ly/4c712etf/,rebrand.ly,1,source_domain_overlap,
CompPhish,https://worldclassattservices.weebly.com/,weebly.com,1,source_domain_overlap,
CompPhish,https://dat-xdns-fedg.b-cdn.net/,b-cdn.net,1,source_domain_overlap,
CompPhish,http://www.cutt.ly/UeGhLaXU/,cutt.ly,1,source_domain_overlap,
CompPhish,http://aasdte78fjbno90.weebly.com/,weebly.com,1,source_domain_overlap,
CompPhish,http://aadfruf9oer0pf.weebly.com/,weebly.com,1,source_domain_overlap,
CompPhish,http://98423734-437834-342.weebly.com/,weebly.com,1,source_domain_overlap,
CompPhish,http://signinatt2357865.weebly.com/,weebly.com,1,source_domain_overlap,
CompPhish,https://0416c34.netsolhost.com/microsoft-outlook/app/microsoftonline-common=oauth2=authorizeclientid.php/,netsolhost.com,1,source_domain_overlap,
CompPhish,https://sadfjkyjnhaeafewfeagege.weebly.com/,weebly.com,1,source_domain_overlap,
CompPhish,https://calabashi.weebly.com/,weebly.com,1,source_domain_overlap,
CompPhish,https://currentlyatt468.weebly.com/,weebly.com,1,source_domain_overlap,
CompPhish,https://yfuevdemailid.weebly.com/,weebly.com,1,source_domain_overlap,
CompPhish,https://ertytrfghgf.weebly.com/,weebly.com,1,source_domain_overlap,
CompPhish,https://btlllooooooooom.weebly.com/,weebly.com,1,source_domain_overlap,
CompPhish,https://onliinesecureusersoptionalmaiil.weebly.com/,weebly.com,1,source_domain_overlap,
CompPhish,http://hugo.adrian.online.fr/CPDN7TVBo8JnwWfPe135jhn3,online.fr,1,source_domain_overlap,
CompPhish,https://s.id/4QYDQ,s.id,1,source_domain_overlap,
CompPhish,https://docs.google.com/drawings/d/1ra4U-MDKS9TjSga0QyK6jp3mDP1yOqm1K1403o8wcdo/edit,google.com,1,source_domain_overlap,
CompPhish,https://docs.google.com/drawings/d/1agqyeRaEVcYZhxwX6WH_ZQjv6uTJ_AEz7EFuVQYqUTs/edit,google.com,1,source_domain_overlap,
CompPhish,https://docs.google.com/drawings/d/1MsctKGxjYMKTUBR_OOtQNZTvE27jOoOk-Yem4exKb7Q/edit,google.com,1,source_domain_overlap,
CompPhish,https://docs.google.com/drawings/d/1xz-NJgQEJixRs3Xmufl5qoiS0NBMt33jA8eTsW3FiTo/edit,google.com,1,source_domain_overlap,
CompPhish,https://docs.google.com/drawings/d/1c8XCHt96KmeLWJfQ6zsMABVBMojxh34b6TBj5OPXJps/edit,google.com,1,source_domain_overlap,
CompPhish,https://docs.google.com/drawings/d/1zB-K8lsWN84j35LaNja8SW1IFGcS3GFIENtcPDpFq6Y/edit,google.com,1,source_domain_overlap,
CompPhish,https://docs.google.com/drawings/d/1uFxacBsMTGQbafS7z9nLGaqmBDN0aP4y5hwy3x4WiXY/edit,google.com,1,source_domain_overlap,
CompPhish,https://docs.google.com/drawings/d/178VuyeD8CRTeQpdIoheqVNYR8We5iZ6oGv9jWsDyKBo/edit,google.com,1,source_domain_overlap,
CompPhish,https://docs.google.com/drawings/d/1mEQlfyif5dhQKqZ11Wwx7EaV59gOAW-i5TLly1HDaTE/edit,google.com,1,source_domain_overlap,
CompPhish,https://docs.google.com/drawings/d/1oSWhdLgnTK31bbU7mkbM_3RtSNIPWRJsiITPyKt-axA/edit,google.com,1,source_domain_overlap,
CompPhish,https://docs.google.com/drawings/d/1atcWY_9ypCbr1GeIntvzixMYSl7yYQYXMPmCBbBFjhA/edit,google.com,1,source_domain_overlap,
CompPhish,https://docs.google.com/drawings/d/10f9grB90xJC7gDSqxp42B-cas77TxfDWWO2leNogNKs/edit,google.com,1,source_domain_overlap,
CompPhish,https://docs.google.com/drawings/d/1CivSdWrAwBdkVkCLnfAzi0hogPQS4dW9fqzuMfNVraw/edit,google.com,1,source_domain_overlap,
CompPhish,https://docs.google.com/drawings/d/1P8bQqJeKdHZlGhCzsiRpFfogByDKQ7svxrf-K5mCwlo/edit,google.com,1,source_domain_overlap,
CompPhish,https://docs.google.com/drawings/d/1piNY0cbEFc3oJQh6dO64xkW2Xjy7hFrWFt13e04Z5ms/edit,google.com,1,source_domain_overlap,
CompPhish,https://docs.google.com/drawings/d/1cFsg20110RdqZZnXgkX0KPje2JC4moIrI_0IHsXhMb0/edit,google.com,1,source_domain_overlap,
CompPhish,https://docs.google.com/drawings/d/12bCkPRiDcoetvJZaX0WI1qv38YOXc-cGWUouaRWkUYA/edit,google.com,1,source_domain_overlap,
CompPhish,https://docs.google.com/drawings/d/1RXlzScLelzqLeQ_zIwKtNWg2nQmKDM2WtJvVKMcJCXA/edit,google.com,1,source_domain_overlap,
CompPhish,https://docs.google.com/drawings/d/1cZLh4KvGDUBTE8AcoQE0vbH_Jw5tdFxFs9daAMQ7mcI/edit,google.com,1,source_domain_overlap,
CompPhish,https://docs.google.com/drawings/d/12vRk3136WIgCCPa7R_akInm0DEBB63yU4LGXEDHJh2U/edit,google.com,1,source_domain_overlap,
CompPhish,https://docs.google.com/drawings/d/14w7C2cn9F-r-EyJ8WlBllVM3T3wo3LFqWJCZpoQ9MSM/edit,google.com,1,source_domain_overlap,
CompPhish,https://docs.google.com/drawings/d/1FN07kWYQeNfgQ7u_-7QT_unJ7CgwG5VHzHfu-PXrC2I/edit,google.com,1,source_domain_overlap,
CompPhish,https://docs.google.com/drawings/d/1mkUZGn45BQrmTcDdNzeRT_VaNVbaNvvOkGadMcOei6Q/edit,google.com,1,source_domain_overlap,
CompPhish,https://docs.google.com/drawings/d/1WIMyci3vnX75fZx6PTjusKU2Vp3L8CqQvDCKgTonlbc/edit,google.com,1,source_domain_overlap,
CompPhish,https://docs.google.com/drawings/d/1nqvQKXCVj43soMzxGtkOmEH9_C49aQw9CMBZZdIj5EY/edit,google.com,1,source_domain_overlap,
CompPhish,https://bit.ly/4ghJE1a,bit.ly,1,source_domain_overlap,
CompPhish,https://bit.ly/47i5AFh,bit.ly,1,source_domain_overlap,
CompPhish,https://bit.ly/47dIm36,bit.ly,1,source_domain_overlap,
CompPhish,https://bit.ly/3Thghly,bit.ly,1,source_domain_overlap,
CompPhish,https://bit.ly/3B2snsq,bit.ly,1,source_domain_overlap,
CompPhish,https://bit.ly/XC60q,bit.ly,1,source_domain_overlap,
CompPhish,https://bit.ly/6bc2q,bit.ly,1,source_domain_overlap,
CompPhish,https://bit.ly/4gtbPKL,bit.ly,1,source_domain_overlap,
CompPhish,https://bit.ly/4edGz05,bit.ly,1,source_domain_overlap,
CompPhish,https://bit.ly/4dQ6Qlj,bit.ly,1,source_domain_overlap,
CompPhish,https://bit.ly/3yGLK9E,bit.ly,1,source_domain_overlap,
CompPhish,https://bit.ly/3Zhbkgq,bit.ly,1,source_domain_overlap,
CompPhish,https://bit.ly/3Tkod5I,bit.ly,1,source_domain_overlap,
CompPhish,https://bit.ly/3B2CgX6,bit.ly,1,source_domain_overlap,
CompPhish,https://bit.ly/1Sp3w,bit.ly,1,source_domain_overlap,
CompPhish,https://cutt.ly/jeEjbZfy,cutt.ly,1,source_domain_overlap,
CompPhish,https://docs.google.com/presentation/d/1l4di5qrHJcKYAyZzhH6wVbKGwgs6fttKKZfpt-0Mj-U/pub?start=false&loop=false&delayms=3000&slide=id.p%3E,google.com,1,source_domain_overlap,
CompPhish,https://www.youtube.com/,youtube.com,0,source_domain_overlap,
CompPhish,https://www.instagram.com/,instagram.com,0,source_domain_overlap,
CompPhish,https://www.pinterest.com/,pinterest.com,0,source_domain_overlap,
CompPhish,https://www.quora.com/,quora.com,0,source_domain_overlap,
CompPhish,https://www.google.com/,google.com,0,source_domain_overlap,
CompPhish,https://www.linkedin.com/,linkedin.com,0,source_domain_overlap,
CompPhish,https://www.yahoo.com/,yahoo.com,0,source_domain_overlap,
CompPhish,https://www.apple.com/,apple.com,0,source_domain_overlap,
CompPhish,https://www.ebay.com/,ebay.com,0,source_domain_overlap,
CompPhish,https://wordpress.com/,wordpress.com,0,source_domain_overlap,
CompPhish,https://www.yelp.com/,yelp.com,0,source_domain_overlap,
CompPhish,https://www.walmart.com/blocked?url=Lw==&uuid=c9e4f39e-e13e-11ef-bc25-209d55594861&vid=&g=b,walmart.com,0,source_domain_overlap,
CompPhish,https://www.nytimes.com/,nytimes.com,0,source_domain_overlap,
CompPhish,https://www.nih.gov/,nih.gov,0,source_domain_overlap,
CompPhish,https://www.britannica.com:443/,britannica.com,0,source_domain_overlap,
CompPhish,https://www.scribd.com/,scribd.com,0,source_domain_overlap,
CompPhish,https://www.microsoft.com/,microsoft.com,0,source_domain_overlap,
CompPhish,https://www.forbes.com/,forbes.com,0,source_domain_overlap,
CompPhish,https://www.theguardian.com/international,theguardian.com,0,source_domain_overlap,
CompPhish,https://stackexchange.com/,stackexchange.com,0,source_domain_overlap,
CompPhish,https://www.wiktionary.org/,wiktionary.org,0,source_domain_overlap,
CompPhish,https://www.indiatimes.com/,indiatimes.com,0,source_domain_overlap,
CompPhish,https://www.healthline.com/,healthline.com,0,source_domain_overlap,
CompPhish,https://my.clevelandclinic.org/,clevelandclinic.org,0,source_domain_overlap,
CompPhish,https://www.merriam-webster.com:443/,merriam-webster.com,0,source_domain_overlap,
CompPhish,https://www.bbc.co.uk/,bbc.co.uk,0,source_domain_overlap,
CompPhish,https://www.wikihow.com/Main-Page,wikihow.com,0,source_domain_overlap,
CompPhish,https://foursquare.com/,foursquare.com,0,source_domain_overlap,
CompPhish,https://www.medicalnewstoday.com/,medicalnewstoday.com,0,source_domain_overlap,
CompPhish,https://edition.cnn.com/,cnn.com,0,source_domain_overlap,
CompPhish,https://github.com/,github.com,0,source_domain_overlap,
CompPhish,https://www.slideshare.net/,slideshare.net,0,source_domain_overlap,
CompPhish,https://www.nhs.uk/,www.nhs.uk,0,source_domain_overlap,
CompPhish,https://www.netflix.com/in/,netflix.com,0,source_domain_overlap,
CompPhish,https://www.dictionary.com/,dictionary.com,0,source_domain_overlap,
CompPhish,https://flickr.com/,flickr.com,0,source_domain_overlap,
CompPhish,https://www.cnet.com/,cnet.com,0,source_domain_overlap,
CompPhish,https://www.flipkart.com/,flipkart.com,0,source_domain_overlap,
CompPhish,https://www.cbsnews.com/,cbsnews.com,0,source_domain_overlap,
CompPhish,https://www.wikiwand.com/,wikiwand.com,0,source_domain_overlap,
CompPhish,https://www.rottentomatoes.com/,rottentomatoes.com,0,source_domain_overlap,
CompPhish,https://genius.com/,genius.com,0,source_domain_overlap,
CompPhish,https://www.ebay.co.uk/,ebay.co.uk,0,source_domain_overlap,
CompPhish,https://www.ca.gov/,ca.gov,0,source_domain_overlap,
CompPhish,https://www.springer.com/in,springer.com,0,source_domain_overlap,
CompPhish,https://www.harvard.edu/,harvard.edu,0,source_domain_overlap,
CompPhish,https://european-union.europa.eu/select-language?destination=/node/1,europa.eu,0,source_domain_overlap,
CompPhish,https://www.tumblr.com/,tumblr.com,0,source_domain_overlap,
CompPhish,https://www.goodhousekeeping.com/,goodhousekeeping.com,0,source_domain_overlap,
CompPhish,https://www.go.com/,go.com,0,source_domain_overlap,
CompPhish,https://stackoverflow.com/,stackoverflow.com,0,source_domain_overlap,
CompPhish,https://www.yourdictionary.com/,yourdictionary.com,0,source_domain_overlap,
CompPhish,https://www.thefreedictionary.com,thefreedictionary.com,0,source_domain_overlap,
CompPhish,https://economictimes.indiatimes.com/,indiatimes.com,0,source_domain_overlap,
CompPhish,https://store.steampowered.com/,steampowered.com,0,source_domain_overlap,
CompPhish,https://www.wikimedia.org/,wikimedia.org,0,source_domain_overlap,
CompPhish,https://www.weebly.com/in,weebly.com,0,source_domain_overlap,
CompPhish,https://steamcommunity.com/,steamcommunity.com,0,source_domain_overlap,
CompPhish,https://www.gamespot.com/,gamespot.com,0,source_domain_overlap,
CompPhish,https://www.nbcnews.com,nbcnews.com,0,source_domain_overlap,
CompPhish,https://tvtropes.org/,tvtropes.org,0,source_domain_overlap,
CompPhish,https://variety.com/,variety.com,0,source_domain_overlap,
CompPhish,https://www.techradar.com/,techradar.com,0,source_domain_overlap,
CompPhish,https://www.thesaurus.com/,thesaurus.com,0,source_domain_overlap,
CompPhish,https://archive.org/,archive.org,0,source_domain_overlap,
CompPhish,https://www.ndtv.com/,ndtv.com,0,source_domain_overlap,
CompPhish,https://www.bing.com:443/?toWww=1&redig=817DC6F5A8704C6983D9003444335F6E,bing.com,0,source_domain_overlap,
CompPhish,https://www.hollywoodreporter.com/,hollywoodreporter.com,0,source_domain_overlap,
CompPhish,https://www.wired.com/,wired.com,0,source_domain_overlap,
CompPhish,https://time.com/,time.com,0,source_domain_overlap,
CompPhish,https://www.tomsguide.com/,tomsguide.com,0,source_domain_overlap,
CompPhish,https://www.last.fm/,last.fm,0,source_domain_overlap,
CompPhish,https://www.state.gov/,state.gov,0,source_domain_overlap,
CompPhish,https://glosbe.com/,glosbe.com,0,source_domain_overlap,
CompPhish,https://www.express.co.uk/,express.co.uk,0,source_domain_overlap,
CompPhish,https://www.rollingstone.com/,rollingstone.com,0,source_domain_overlap,
CompPhish,https://www.digitaltrends.com/,digitaltrends.com,0,source_domain_overlap,
CompPhish,https://www.academia.edu:443/,academia.edu,0,source_domain_overlap,
CompPhish,https://www.answers.com/,answers.com,0,source_domain_overlap,
CompPhish,https://www.nasa.gov/,nasa.gov,0,source_domain_overlap,
CompPhish,https://www.cornell.edu/,cornell.edu,0,source_domain_overlap,
CompPhish,https://www.medscape.com/,medscape.com,0,source_domain_overlap,
CompPhish,https://web.mit.edu/,mit.edu,0,source_domain_overlap,
CompPhish,https://kidshealth.org/,kidshealth.org,0,source_domain_overlap,
CompPhish,https://www.medicinenet.com/,medicinenet.com,0,source_domain_overlap,
CompPhish,https://wa.gov/,wa.gov,0,source_domain_overlap,
CompPhish,https://www.howstuffworks.com/,howstuffworks.com,0,source_domain_overlap,
CompPhish,https://www.stanford.edu/,stanford.edu,0,source_domain_overlap,
CompPhish,https://www.ranker.com/,ranker.com,0,source_domain_overlap,
CompPhish,https://www.theverge.com/,theverge.com,0,source_domain_overlap,
CompPhish,https://www.esquire.com/,esquire.com,0,source_domain_overlap,
CompPhish,https://www.instructables.com/,instructables.com,0,source_domain_overlap,
CompPhish,https://www.va.gov/,va.gov,0,source_domain_overlap,
CompPhish,https://www.urbandictionary.com/,urbandictionary.com,0,source_domain_overlap,
CompPhish,https://umich.edu/,umich.edu,0,source_domain_overlap,
CompPhish,https://www.nationalgeographic.com/,nationalgeographic.com,0,source_domain_overlap,
CompPhish,https://www.timeanddate.com/,timeanddate.com,0,source_domain_overlap,
CompPhish,https://www.ultimate-guitar.com/,ultimate-guitar.com,0,source_domain_overlap,
CompPhish,https://www.xbox.com/en-IN/,xbox.com,0,source_domain_overlap,
CompPhish,https://www.drugs.com/,drugs.com,0,source_domain_overlap,
CompPhish,https://mashable.com/,mashable.com,0,source_domain_overlap,
CompPhish,https://metro.co.uk/,metro.co.uk,0,source_domain_overlap,
CompPhish,https://www.foxsports.com/,foxsports.com,0,source_domain_overlap,
CompPhish,https://www.makeuseof.com/,makeuseof.com,0,source_domain_overlap,
CompPhish,https://www.mozilla.org/,mozilla.org,0,source_domain_overlap,
CompPhish,https://www.techtarget.com/,techtarget.com,0,source_domain_overlap,
CompPhish,https://www.polygon.com/,polygon.com,0,source_domain_overlap,
CompPhish,http://vk.com/,vk.com,0,source_domain_overlap,
CompPhish,https://www.city-data.com/,city-data.com,0,source_domain_overlap,
CompPhish,https://www.psu.edu:443/,psu.edu,0,source_domain_overlap,
CompPhish,https://www.ibm.com/in-en,ibm.com,0,source_domain_overlap,
CompPhish,https://www.encyclopedia.com/,encyclopedia.com,0,source_domain_overlap,
CompPhish,https://www.everydayhealth.com/,everydayhealth.com,0,source_domain_overlap,
CompPhish,https://wordnik.com/,wordnik.com,0,source_domain_overlap,
CompPhish,https://www.sky.com/,sky.com,0,source_domain_overlap,
CompPhish,https://www.walmart.ca/blocked?url=L2Vu&uuid=1d4f52e3-e144-11ef-9032-87620e925f90&vid=&g=b,walmart.ca,0,source_domain_overlap,
CompPhish,https://www.omnicalculator.com/,omnicalculator.com,0,source_domain_overlap,
CompPhish,https://hinkhoj.com/,hinkhoj.com,0,source_domain_overlap,
CompPhish,https://www.refinery29.com/en-us,refinery29.com,0,source_domain_overlap,
CompPhish,https://www.w3schools.com:443/,w3schools.com,0,source_domain_overlap,
CompPhish,https://www.azlyrics.com/,azlyrics.com,0,source_domain_overlap,
CompPhish,https://www.livescience.com/,livescience.com,0,source_domain_overlap,
CompPhish,https://bleacherreport.com/,bleacherreport.com,0,source_domain_overlap,
CompPhish,https://superuser.com/,superuser.com,0,source_domain_overlap,
CompPhish,https://www.hp.com/in-en/home.html,hp.com,0,source_domain_overlap,
CompPhish,https://www.history.com/,history.com,0,source_domain_overlap,
CompPhish,https://twin-cities.umn.edu/,umn.edu,0,source_domain_overlap,
CompPhish,https://www.spanishdict.com/,spanishdict.com,0,source_domain_overlap,
CompPhish,https://www.hubspot.com/,hubspot.com,0,source_domain_overlap,
CompPhish,https://www.nintendo.com/region-selector/,nintendo.com,0,source_domain_overlap,
CompPhish,https://www.howtogeek.com/,howtogeek.com,0,source_domain_overlap,
CompPhish,https://www.dickssportinggoods.com/,dickssportinggoods.com,0,source_domain_overlap,
CompPhish,https://www.rogerebert.com/,rogerebert.com,0,source_domain_overlap,
CompPhish,https://www.roku.com/intl?next=/&source=www.roku.com,roku.com,0,source_domain_overlap,
CompPhish,https://www.squarespace.com/,squarespace.com,0,source_domain_overlap,
CompPhish,https://www.pcgamer.com/,pcgamer.com,0,source_domain_overlap,
CompPhish,https://www.yale.edu/,yale.edu,0,source_domain_overlap,
CompPhish,https://www.calculator.net/,calculator.net,0,source_domain_overlap,
CompPhish,https://www.worldbank.org/ext/en/home,worldbank.org,0,source_domain_overlap,
CompPhish,https://www.livejournal.com/,livejournal.com,0,source_domain_overlap,
CompPhish,https://purdue.edu/,purdue.edu,0,source_domain_overlap,
CompPhish,https://www.oracle.com/,oracle.com,0,source_domain_overlap,
CompPhish,https://www.coursera.org/,coursera.org,0,source_domain_overlap,
CompPhish,https://www.biblegateway.com/,biblegateway.com,0,source_domain_overlap,
CompPhish,https://www.dell.com/en-in,dell.com,0,source_domain_overlap,
CompPhish,https://www.eurogamer.net/,eurogamer.net,0,source_domain_overlap,
CompPhish,https://www.maryland.gov/Pages/default.aspx,maryland.gov,0,source_domain_overlap,
CompPhish,https://www.livestrong.com/,livestrong.com,0,source_domain_overlap,
CompPhish,https://www.tutorialspoint.com/,tutorialspoint.com,0,source_domain_overlap,
CompPhish,https://www.ox.ac.uk/,ox.ac.uk,0,source_domain_overlap,
CompPhish,https://www.free.fr/freebox/,free.fr,0,source_domain_overlap,
CompPhish,https://illinois.edu/,illinois.edu,0,source_domain_overlap,
CompPhish,https://stardewvalleywiki.com/Stardew_Valley_Wiki,stardewvalleywiki.com,0,source_domain_overlap,
CompPhish,https://www.roblox.com/,roblox.com,0,source_domain_overlap,
CompPhish,https://www.archives.gov/,archives.gov,0,source_domain_overlap,
CompPhish,https://www.tomshardware.com/,tomshardware.com,0,source_domain_overlap,
CompPhish,https://allmusic.com/,allmusic.com,0,source_domain_overlap,
CompPhish,https://www.gotquestions.org/,gotquestions.org,0,source_domain_overlap,
CompPhish,https://www.nbcsports.com/,nbcsports.com,0,source_domain_overlap,
CompPhish,https://www.aafp.org/home.html,aafp.org,0,source_domain_overlap,
CompPhish,https://www.macrumors.com/,macrumors.com,0,source_domain_overlap,
CompPhish,https://www.washington.edu/,washington.edu,0,source_domain_overlap,
CompPhish,https://slate.com/,slate.com,0,source_domain_overlap,
CompPhish,https://stackoverflow.com/questions,stackoverflow.com,0,source_domain_overlap,
CompPhish,https://www.rediff.com/,rediff.com,0,source_domain_overlap,
CompPhish,https://www.uptodown.com/,uptodown.com,0,source_domain_overlap,
CompPhish,https://www.google.co.in/,google.co.in,0,source_domain_overlap,
CompPhish,https://www.urdupoint.com,urdupoint.com,0,source_domain_overlap,
CompPhish,https://inflibnet.ac.in/,inflibnet.ac.in,0,source_domain_overlap,
CompPhish,https://www.tvguide.com/,tvguide.com,0,source_domain_overlap,
CompPhish,https://www.whatsapp.com/,whatsapp.com,0,source_domain_overlap,
CompPhish,https://www.gsmarena.com/,gsmarena.com,0,source_domain_overlap,
CompPhish,https://mnemonicdictionary.com/,mnemonicdictionary.com,0,source_domain_overlap,
CompPhish,https://vijaysales.com/,vijaysales.com,0,source_domain_overlap,
CompPhish,https://timesofindia.indiatimes.com/,indiatimes.com,0,source_domain_overlap,
CompPhish,https://www.brainyquote.com/,brainyquote.com,0,source_domain_overlap,
CompPhish,https://www.calculatorsoup.com/,calculatorsoup.com,0,source_domain_overlap,
CompPhish,https://sites.google.com/view/att00/home,google.com,1,source_domain_overlap,
CompPhish,http://att-currently-03-04-2025.weebly.com/,weebly.com,1,source_domain_overlap,
CompPhish,https://abcnews.go.com/,go.com,0,source_domain_overlap,
CompPhish,https://www.addtoany.com/,addtoany.com,0,source_domain_overlap,
CompPhish,https://adssettings.google.com/anonymous?sig=ACi0TChCEP7-HlqGYrDr4LRH-S1gLfpyDu8iPWsuouxwlA1aLB8v1KSQ4dHmluyQOVcZbFPFwVofiR3H3AuIMD6VChCfvVfjaA&hl=en,google.com,0,source_domain_overlap,
CompPhish,http://afternic.com/,afternic.com,0,source_domain_overlap,
CompPhish,https://aws.amazon.com/,amazon.com,0,source_domain_overlap,
CompPhish,https://arxiv.org/,arxiv.org,0,source_domain_overlap,
CompPhish,https://www.bing.com:443/?toWww=1&redig=4CDA5E5A18CE4D56A80108E581B4B932,bing.com,0,source_domain_overlap,
CompPhish,https://books.google.com/,google.com,0,source_domain_overlap,
CompPhish,https://www.cloudflare.com/,cloudflare.com,0,source_domain_overlap,
CompPhish,https://code.google.com/,google.com,0,source_domain_overlap,
CompPhish,https://creativecommons.org/,creativecommons.org,0,source_domain_overlap,
CompPhish,https://de.wikipedia.org/wiki/Wikipedia:Hauptseite,wikipedia.org,0,source_domain_overlap,
CompPhish,https://developers.google.com/,google.com,0,source_domain_overlap,
CompPhish,https://www.disney.com/,disney.com,0,source_domain_overlap,
CompPhish,https://marketingplatform.google.com/about/enterprise/,google.com,0,source_domain_overlap,
CompPhish,https://www.dropbox.com/,dropbox.com,0,source_domain_overlap,
CompPhish,https://www.dw.com/,dw.com,0,source_domain_overlap,
CompPhish,https://en.wikipedia.org/wiki/Main_Page,wikipedia.org,0,source_domain_overlap,
CompPhish,https://es.wikipedia.org/wiki/Wikipedia:Portada,wikipedia.org,0,source_domain_overlap,
CompPhish,https://www.facebook.com/,facebook.com,0,source_domain_overlap,
CompPhish,https://feedburner.google.com/,google.com,0,source_domain_overlap,
CompPhish,https://fr.wikipedia.org/wiki/Wikip%C3%A9dia:Accueil_principal,wikipedia.org,0,source_domain_overlap,
CompPhish,https://support.google.com/business/answer/3420286?visit_id=638783298438791751-4269938475&p=browser_support&rd=1,google.com,0,source_domain_overlap,
CompPhish,https://gizmodo.com/,gizmodo.com,0,source_domain_overlap,
CompPhish,https://www.gnu.org/,gnu.org,0,source_domain_overlap,
CompPhish,https://www.google.co.id/,google.co.id,0,source_domain_overlap,
CompPhish,https://www.google.com.br/,google.com.br,0,source_domain_overlap,
CompPhish,https://home.pl/,home.pl,0,source_domain_overlap,
CompPhish,https://id.wikipedia.org/wiki/Halaman_Utama,wikipedia.org,0,source_domain_overlap,
CompPhish,https://www.ietf.org/,ietf.org,0,source_domain_overlap,
CompPhish,https://ipv4.google.com/,google.com,0,source_domain_overlap,
CompPhish,https://it.wikipedia.org/wiki/Pagina_principale,wikipedia.org,0,source_domain_overlap,
CompPhish,https://ja.wikipedia.org/wiki/%E3%83%A1%E3%82%A4%E3%83%B3%E3%83%9A%E3%83%BC%E3%82%B8,wikipedia.org,0,source_domain_overlap,
CompPhish,https://www.justice.gov/,justice.gov,0,source_domain_overlap,
CompPhish,https://www.google.com/maps,google.com,0,source_domain_overlap,
CompPhish,https://marketingplatform.google.com/about/,google.com,0,source_domain_overlap,
CompPhish,https://www.mozilla.org/en-US/firefox/,mozilla.org,0,source_domain_overlap,
CompPhish,https://www.google.com/account/about/?hl=en-US,google.com,0,source_domain_overlap,
CompPhish,https://www.namecheap.com/,namecheap.com,0,source_domain_overlap,
CompPhish,https://news.google.com/home?hl=en-IN&gl=IN&ceid=IN:en,google.com,0,source_domain_overlap,
CompPhish,https://www.office.com/,office.com,0,source_domain_overlap,
CompPhish,https://www.google.com/photos/about/,google.com,0,source_domain_overlap,
CompPhish,https://picasa.google.com/,google.com,0,source_domain_overlap,
CompPhish,https://pl.wikipedia.org/wiki/Wikipedia:Strona_g%C5%82%C3%B3wna,wikipedia.org,0,source_domain_overlap,
CompPhish,https://play.google.com/store/games,google.com,0,source_domain_overlap,
CompPhish,https://policies.google.com/,google.com,0,source_domain_overlap,
CompPhish,https://pt.wikipedia.org/wiki/Wikip%C3%A9dia:P%C3%A1gina_principal,wikipedia.org,0,source_domain_overlap,
CompPhish,https://ru.wikipedia.org/wiki/%D0%97%D0%B0%D0%B3%D0%BB%D0%B0%D0%B2%D0%BD%D0%B0%D1%8F_%D1%81%D1%82%D1%80%D0%B0%D0%BD%D0%B8%D1%86%D0%B0,wikipedia.org,0,source_domain_overlap,
CompPhish,https://www.scientificamerican.com/,scientificamerican.com,0,source_domain_overlap,
CompPhish,https://support.google.com/,google.com,0,source_domain_overlap,
CompPhish,https://techcrunch.com/,techcrunch.com,0,source_domain_overlap,
CompPhish,https://www.theatlantic.com/world/,theatlantic.com,0,source_domain_overlap,
CompPhish,https://tinyurl.com/,tinyurl.com,0,source_domain_overlap,
CompPhish,https://www.google.com/chrome/,google.com,0,source_domain_overlap,
CompPhish,https://translate.google.com/,google.com,0,source_domain_overlap,
CompPhish,https://www.utexas.edu/,utexas.edu,0,source_domain_overlap,
CompPhish,https://www.w3.org/,w3.org,0,source_domain_overlap,
CompPhish,https://api.whatsapp.com/,whatsapp.com,0,source_domain_overlap,
CompPhish,https://wordpress.org/,wordpress.org,0,source_domain_overlap,
CompPhish,https://workspace.google.com/,google.com,0,source_domain_overlap,
CompPhish,https://www.over-blog.com/,over-blog.com,0,source_domain_overlap,
CompPhish,https://www.wikipedia.org/,wikipedia.org,0,source_domain_overlap,
CompPhish,https://www.youtube.com/?feature=youtu.be,youtube.com,0,source_domain_overlap,
CompPhish,https://www.bing.com/,bing.com,0,source_domain_overlap,
CompPhish,https://mail.yahoo.com/,yahoo.com,0,source_domain_overlap,
CompPhish,https://www.salesforce.com/in/?ir=1&bc=HL,salesforce.com,0,source_domain_overlap,
CompPhish,https://www.nlm.nih.gov/,nih.gov,0,source_domain_overlap,
CompPhish,https://www.ncbi.nlm.nih.gov/,nih.gov,0,source_domain_overlap,
CompPhish,https://support.microsoft.com/en-us,microsoft.com,0,source_domain_overlap,
CompPhish,https://www.speedtest.net/,speedtest.net,0,source_domain_overlap,
CompPhish,https://mailchimp.com/,mailchimp.com,0,source_domain_overlap,
CompPhish,https://www.elsevier.com/,elsevier.com,0,source_domain_overlap,
CompPhish,https://sourceforge.net/,sourceforge.net,0,source_domain_overlap,
CompPhish,https://evernote.com/,evernote.com,0,source_domain_overlap,
CompPhish,https://www.flickr.com/,flickr.com,0,source_domain_overlap,
CompPhish,https://www.box.com/,box.com,0,source_domain_overlap,
CompPhish,https://sports.yahoo.com/,yahoo.com,0,source_domain_overlap,
CompPhish,https://www.mit.edu/,mit.edu,0,source_domain_overlap,
CompPhish,https://developer.mozilla.org/en-US/,mozilla.org,0,source_domain_overlap,
CompPhish,https://www.merriam-webster.com/,merriam-webster.com,0,source_domain_overlap,
CompPhish,https://www.wunderground.com/,wunderground.com,0,source_domain_overlap,
CompPhish,https://download.cnet.com/,cnet.com,0,source_domain_overlap,
CompPhish,https://www.newegg.com/areyouahuman?referer=https%3A%2F%2Fwww.newegg.com%2F,newegg.com,0,source_domain_overlap,
CompPhish,https://www.intel.com/,intel.com,0,source_domain_overlap,
CompPhish,https://www.cisco.com/,cisco.com,0,source_domain_overlap,
CompPhish,https://www.xe.com/,xe.com,0,source_domain_overlap,
CompPhish,https://www.freelancer.com/,freelancer.com,0,source_domain_overlap,
CompPhish,https://www.online-convert.com/,online-convert.com,0,source_domain_overlap,
CompPhish,https://in.iherb.com/,iherb.com,0,source_domain_overlap,
CompPhish,https://en.wiktionary.org/wiki/Wiktionary:Main_Page,wiktionary.org,0,source_domain_overlap,
CompPhish,https://learn.microsoft.com/en-us/,microsoft.com,0,source_domain_overlap,
CompPhish,https://developers.facebook.com/,facebook.com,0,source_domain_overlap,
CompPhish,https://docs.oracle.com/,oracle.com,0,source_domain_overlap,
CompPhish,https://www.britannica.com/,britannica.com,0,source_domain_overlap,
CompPhish,https://www.vmware.com/,vmware.com,0,source_domain_overlap,
CompPhish,https://developer.apple.com/,apple.com,0,source_domain_overlap,
CompPhish,https://www.y8.com/,y8.com,0,source_domain_overlap,
CompPhish,https://company.wizards.com/en,wizards.com,0,source_domain_overlap,
CompPhish,https://www.psu.edu/,psu.edu,0,source_domain_overlap,
CompPhish,https://www.smartsheet.com/,smartsheet.com,0,source_domain_overlap,
CompPhish,https://commission.europa.eu/select-language?destination=/node/1,europa.eu,0,source_domain_overlap,
CompPhish,https://scratch.mit.edu/,mit.edu,0,source_domain_overlap,
CompPhish,https://shop.bodybuilding.com/,bodybuilding.com,0,source_domain_overlap,
CompPhish,https://www.npmjs.com/,npmjs.com,0,source_domain_overlap,
CompPhish,https://www.newsnow.co.uk/h/,newsnow.co.uk,0,source_domain_overlap,
CompPhish,https://www.codeproject.com/,codeproject.com,0,source_domain_overlap,
CompPhish,https://baseball.fantasysports.yahoo.com/,yahoo.com,0,source_domain_overlap,
CompPhish,https://secondlife.com/,secondlife.com,0,source_domain_overlap,
CompPhish,https://ubuntu.com/,ubuntu.com,0,source_domain_overlap,
CompPhish,https://www.techspot.com/,techspot.com,0,source_domain_overlap,
CompPhish,https://pitchfork.com/,pitchfork.com,0,source_domain_overlap,
CompPhish,https://www.purdue.edu/,purdue.edu,0,source_domain_overlap,
CompPhish,https://www.wikidot.com/,wikidot.com,0,source_domain_overlap,
CompPhish,https://www.cbs.com/,cbs.com,0,source_domain_overlap,
CompPhish,https://www.androidcentral.com/,androidcentral.com,0,source_domain_overlap,
CompPhish,http://www.kongregate.com/,kongregate.com,0,source_domain_overlap,
CompPhish,https://www.apple.com/store,apple.com,0,source_domain_overlap,
CompPhish,https://www.linkedin.com/learning/?trk=lynda_redirect_learning,linkedin.com,0,source_domain_overlap,
CompPhish,https://www.thrillist.com/,thrillist.com,0,source_domain_overlap,
CompPhish,https://www.sitepoint.com/,sitepoint.com,0,source_domain_overlap,
CompPhish,https://travel.state.gov/content/travel.html,state.gov,0,source_domain_overlap,
CompPhish,https://www.fool.com/,fool.com,0,source_domain_overlap,
CompPhish,https://www.intel.com/content/www/us/en/download-center/home.html,intel.com,0,source_domain_overlap,
CompPhish,https://www.drivereasy.com/,drivereasy.com,0,source_domain_overlap,
CompPhish,https://www.laptopmag.com/,laptopmag.com,0,source_domain_overlap,
CompPhish,https://www.voanews.com/,voanews.com,0,source_domain_overlap,
CompPhish,https://www.ucsd.edu/,ucsd.edu,0,source_domain_overlap,
CompPhish,https://www.archdaily.com/,archdaily.com,0,source_domain_overlap,
CompPhish,https://www.symbolab.com/,symbolab.com,0,source_domain_overlap,
CompPhish,https://www.tp-link.com/in/,tp-link.com,0,source_domain_overlap,
CompPhish,https://www.rockpapershotgun.com/,rockpapershotgun.com,0,source_domain_overlap,
CompPhish,https://www.utoronto.ca/,utoronto.ca,0,source_domain_overlap,
CompPhish,https://www.netgear.com/,netgear.com,0,source_domain_overlap,
CompPhish,https://www.pcworld.com/,pcworld.com,0,source_domain_overlap,
CompPhish,https://www.redhat.com/en,redhat.com,0,source_domain_overlap,
CompPhish,https://www.1001fonts.com/,1001fonts.com,0,source_domain_overlap,
CompPhish,https://www.imore.com/,imore.com,0,source_domain_overlap,
CompPhish,https://www.zamzar.com/,zamzar.com,0,source_domain_overlap,
CompPhish,https://www.elegantthemes.com/,elegantthemes.com,0,source_domain_overlap,
CompPhish,https://www.fontsquirrel.com/,fontsquirrel.com,0,source_domain_overlap,
CompPhish,https://www.deloitte.com/in/en.html,deloitte.com,0,source_domain_overlap,
CompPhish,https://www.mapsofindia.com/,mapsofindia.com,0,source_domain_overlap,
CompPhish,https://news.sky.com/,sky.com,0,source_domain_overlap,
CompPhish,https://www.cmu.edu/,cmu.edu,0,source_domain_overlap,
CompPhish,https://www.guitarcenter.com/,guitarcenter.com,0,source_domain_overlap,
CompPhish,https://www.wrike.com/,wrike.com,0,source_domain_overlap,
CompPhish,https://www.inmotionhosting.com/,inmotionhosting.com,0,source_domain_overlap,
CompPhish,https://www.mathsisfun.com/,mathsisfun.com,0,source_domain_overlap,
CompPhish,https://www.iconfinder.com/,iconfinder.com,0,source_domain_overlap,
CompPhish,https://bgr.com/,bgr.com,0,source_domain_overlap,
CompPhish,https://www.bu.edu/,bu.edu,0,source_domain_overlap,
CompPhish,https://duke.edu/,duke.edu,0,source_domain_overlap,
CompPhish,https://www.nbc.com/,nbc.com,0,source_domain_overlap,
CompPhish,https://cplusplus.com/,cplusplus.com,0,source_domain_overlap,
CompPhish,https://www.centurylink.com/,centurylink.com,0,source_domain_overlap,
CompPhish,https://www.wikiquote.org/,wikiquote.org,0,source_domain_overlap,
CompPhish,https://www.tamu.edu/,tamu.edu,0,source_domain_overlap,
CompPhish,https://support.mozilla.org/en-US/,mozilla.org,0,source_domain_overlap,
CompPhish,https://www.zougla.gr/,zougla.gr,0,source_domain_overlap,
CompPhish,https://www.djangoproject.com/,djangoproject.com,0,source_domain_overlap,
CompPhish,https://www.telstra.com.au/,telstra.com.au,0,source_domain_overlap,
CompPhish,https://thenounproject.com/,thenounproject.com,0,source_domain_overlap,
CompPhish,https://www.ist.psu.edu/,psu.edu,0,source_domain_overlap,
CompPhish,https://www.azcentral.com/,azcentral.com,0,source_domain_overlap,
CompPhish,https://dotnet.microsoft.com/en-us/apps/aspnet,microsoft.com,0,source_domain_overlap,
CompPhish,https://www.mckinsey.com/,mckinsey.com,0,source_domain_overlap,
CompPhish,https://www.nintendolife.com/,nintendolife.com,0,source_domain_overlap,
CompPhish,https://www.princeton.edu/,princeton.edu,0,source_domain_overlap,
CompPhish,https://ocw.mit.edu/,mit.edu,0,source_domain_overlap,
CompPhish,https://www.nbcsports.com/fantasy,nbcsports.com,0,source_domain_overlap,
CompPhish,https://he.wikipedia.org/wiki/%D7%A2%D7%9E%D7%95%D7%93_%D7%A8%D7%90%D7%A9%D7%99,wikipedia.org,0,source_domain_overlap,
CompPhish,https://edition.cnn.com/business,cnn.com,0,source_domain_overlap,
CompPhish,https://global.canon/en/index.html,global.canon,0,source_domain_overlap,
CompPhish,https://www.up.pt/portal/pt/,up.pt,0,source_domain_overlap,
CompPhish,https://www.1001freefonts.com/,1001freefonts.com,0,source_domain_overlap,
CompPhish,https://www.popularmechanics.com/,popularmechanics.com,0,source_domain_overlap,
CompPhish,https://www.ucf.edu/,ucf.edu,0,source_domain_overlap,
CompPhish,https://www.openstreetmap.org/,openstreetmap.org,0,source_domain_overlap,
CompPhish,https://www.r-project.org/,r-project.org,0,source_domain_overlap,
CompPhish,https://www.salesforce.com/marketing/engagement/?bc=HL,salesforce.com,0,source_domain_overlap,
CompPhish,https://www.vg247.com/,vg247.com,0,source_domain_overlap,
CompPhish,https://www.debian.org/,debian.org,0,source_domain_overlap,
CompPhish,https://www.ntu.edu.sg/,ntu.edu.sg,0,source_domain_overlap,
CompPhish,https://www.epicurious.com/,epicurious.com,0,source_domain_overlap,
CompPhish,https://mxtoolbox.com/,mxtoolbox.com,0,source_domain_overlap,
CompPhish,https://simple.wikipedia.org/wiki/Main_Page,wikipedia.org,0,source_domain_overlap,
CompPhish,https://www.inflibnet.ac.in/,inflibnet.ac.in,0,source_domain_overlap,
CompPhish,https://www.sas.com/en_us/home.geo.html,sas.com,0,source_domain_overlap,
CompPhish,https://www.macworld.com,macworld.com,0,source_domain_overlap,
CompPhish,https://emedicine.medscape.com/,medscape.com,0,source_domain_overlap,
CompPhish,https://www.sfu.ca/,sfu.ca,0,source_domain_overlap,
CompPhish,https://www.mtv.com/,mtv.com,0,source_domain_overlap,
CompPhish,https://www.army.mil/,army.mil,0,source_domain_overlap,
CompPhish,https://new.drupal.org/home,drupal.org,0,source_domain_overlap,
CompPhish,https://www.mcgill.ca/,mcgill.ca,0,source_domain_overlap,
CompPhish,https://www.usf.edu/,usf.edu,0,source_domain_overlap,
CompPhish,https://marketplace.secondlife.com/,secondlife.com,0,source_domain_overlap,
CompPhish,https://www.musicnotes.com/,musicnotes.com,0,source_domain_overlap,
CompPhish,http://cran.r-project.org/,r-project.org,0,source_domain_overlap,
CompPhish,https://www.theroot.com/,theroot.com,0,source_domain_overlap,
CompPhish,https://rpg.stackexchange.com/,stackexchange.com,0,source_domain_overlap,
CompPhish,https://www.wonderhowto.com/,wonderhowto.com,0,source_domain_overlap,
CompPhish,https://www.designboom.com/,designboom.com,0,source_domain_overlap,
CompPhish,https://yoast.com/,yoast.com,0,source_domain_overlap,
CompPhish,https://www.worldtimebuddy.com/,worldtimebuddy.com,0,source_domain_overlap,
CompPhish,https://www.nist.gov/,nist.gov,0,source_domain_overlap,
CompPhish,https://edd.ca.gov:443/,ca.gov,0,source_domain_overlap,
CompPhish,https://www.bathandbodyworks.com/,bathandbodyworks.com,0,source_domain_overlap,
CompPhish,https://forums.macrumors.com/trending/,macrumors.com,0,source_domain_overlap,
CompPhish,https://www.centos.org/,centos.org,0,source_domain_overlap,
CompPhish,https://www.law.cornell.edu/,cornell.edu,0,source_domain_overlap,
CompPhish,https://www.ajc.com/,ajc.com,0,source_domain_overlap,
CompPhish,https://www.legalzoom.com/country/in,legalzoom.com,0,source_domain_overlap,
CompPhish,https://www.afternic.com/,afternic.com,0,source_domain_overlap,
CompPhish,https://hackaday.com/,hackaday.com,0,source_domain_overlap,
CompPhish,https://www.faa.gov/,faa.gov,0,source_domain_overlap,
CompPhish,https://www.seatguru.com/,seatguru.com,0,source_domain_overlap,
CompPhish,https://www.dbs.com/in/index/default.page,dbs.com,0,source_domain_overlap,
CompPhish,https://www.manchester.ac.uk/,manchester.ac.uk,0,source_domain_overlap,
CompPhish,https://pubchem.ncbi.nlm.nih.gov/,nih.gov,0,source_domain_overlap,
CompPhish,https://archlinux.org/,archlinux.org,0,source_domain_overlap,
CompPhish,https://www.on24.com/,on24.com,0,source_domain_overlap,
CompPhish,https://www.nbcsports.com/nfl/profootballtalk,nbcsports.com,0,source_domain_overlap,
CompPhish,https://www.torproject.org/,torproject.org,0,source_domain_overlap,
CompPhish,https://ui.adsabs.harvard.edu,harvard.edu,0,source_domain_overlap,
CompPhish,https://www.onlineocr.net/,onlineocr.net,0,source_domain_overlap,
CompPhish,https://www.ehow.com/,ehow.com,0,source_domain_overlap,
CompPhish,https://www.joann.com/,joann.com,0,source_domain_overlap,
CompPhish,https://moodle.org/,moodle.org,0,source_domain_overlap,
CompPhish,https://www.travelchinaguide.com/,travelchinaguide.com,0,source_domain_overlap,
CompPhish,https://ohnotheydidnt.livejournal.com/,livejournal.com,0,source_domain_overlap,
CompPhish,https://www.iplocation.net/,iplocation.net,0,source_domain_overlap,
CompPhish,https://www.techtarget.com/whatis/,techtarget.com,0,source_domain_overlap,
CompPhish,https://www.pwc.com/gx/en.html,pwc.com,0,source_domain_overlap,
CompPhish,https://www.reserveamerica.com/,reserveamerica.com,0,source_domain_overlap,
CompPhish,https://www.eliteprospects.com/,eliteprospects.com,0,source_domain_overlap,
CompPhish,https://theweek.com/,theweek.com,0,source_domain_overlap,
CompPhish,https://www.cs.cmu.edu/,cmu.edu,0,source_domain_overlap,
CompPhish,https://appleinsider.com/,appleinsider.com,0,source_domain_overlap,
CompPhish,https://www.rmit.edu.au/,rmit.edu.au,0,source_domain_overlap,
CompPhish,https://www.nirsoft.net/,nirsoft.net,0,source_domain_overlap,
CompPhish,https://www.idownloadblog.com/,idownloadblog.com,0,source_domain_overlap,
CompPhish,https://validator.w3.org/,w3.org,0,source_domain_overlap,
CompPhish,https://mikrotik.com/,mikrotik.com,0,source_domain_overlap,
CompPhish,https://www.iconarchive.com/,iconarchive.com,0,source_domain_overlap,
CompPhish,https://www.pdx.edu/,pdx.edu,0,source_domain_overlap,
CompPhish,https://www.searchenginejournal.com/,searchenginejournal.com,0,source_domain_overlap,
CompPhish,https://www.cedefop.europa.eu/en,europa.eu,0,source_domain_overlap,
CompPhish,https://songmeanings.com/,songmeanings.com,0,source_domain_overlap,
CompPhish,https://www.excel-easy.com/,excel-easy.com,0,source_domain_overlap,
CompPhish,https://learningenglish.voanews.com/,voanews.com,0,source_domain_overlap,
CompPhish,https://www.newegg.ca/areyouahuman?referer=https%3A%2F%2Fwww.newegg.ca%2F,newegg.ca,0,source_domain_overlap,
CompPhish,https://www.lamar.edu/,lamar.edu,0,source_domain_overlap,
CompPhish,https://www.stgeorge.com.au/,stgeorge.com.au,0,source_domain_overlap,
CompPhish,https://android.stackexchange.com/,stackexchange.com,0,source_domain_overlap,
CompPhish,https://www.niddk.nih.gov/,nih.gov,0,source_domain_overlap,
CompPhish,https://attwee.weebly.com/,weebly.com,1,source_domain_overlap,
CompPhish,https://spiderautuowasi1hed.weebly.com/,weebly.com,1,source_domain_overlap,
CompPhish,http://currrently27282812.weebly.com/,weebly.com,1,source_domain_overlap,
CompPhish,https://sites.google.com/view/wwwmailinfo/home,google.com,1,source_domain_overlap,
CompPhish,https://attbngfh.weebly.com/,weebly.com,1,source_domain_overlap,
CompPhish,https://sskyupdate.weebly.com/,weebly.com,1,source_domain_overlap,
CompPhish,http://ngx361.inmotionhosting.com/~na5c015/sql/IL/,inmotionhosting.com,1,source_domain_overlap,
CompPhish,http://reliable-tomato-p36t1t.mystrikingly.com/,mystrikingly.com,1,source_domain_overlap,
CompPhish,https://x90xsserv-d12.weebly.com/,weebly.com,1,source_domain_overlap,
CompPhish,https://attemaiervicepdateotification.weebly.com/,weebly.com,1,source_domain_overlap,
CompPhish,https://currentlyatt75432.weebly.com/,weebly.com,1,source_domain_overlap,
CompPhish,https://currentlyatt777.weebly.com/,weebly.com,1,source_domain_overlap,
CompPhish,https://currently85437384.weebly.com/,weebly.com,1,source_domain_overlap,
CompPhish,https://www.tamu.edu:443/,tamu.edu,0,source_domain_overlap,
CompPhish,https://www.cyberforum.ru/403.html,cyberforum.ru,0,source_domain_overlap,
CompPhish,https://mathsisfun.com/,mathsisfun.com,0,source_domain_overlap,
CompPhish,https://www.washingtontimes.com:443/,washingtontimes.com,0,source_domain_overlap,
CompPhish,https://www.hugedomains.com/domain_profile.cfm?d=xmovies247.com&utm_source=hdrhttpstest,hugedomains.com,0,source_domain_overlap,
CompPhish,https://www.hugedomains.com/domain_profile.cfm?d=mystartab.com&utm_source=hdrhttpstest,hugedomains.com,0,source_domain_overlap,
CompPhish,https://www.hugedomains.com/domain_profile.cfm?d=adsmena.com&utm_source=hdrhttpstest,hugedomains.com,0,source_domain_overlap,
CompPhish,https://www.hugedomains.com/domain_profile.cfm?d=kkdate.com&utm_source=hdrhttpstest,hugedomains.com,0,source_domain_overlap,
CompPhish,https://www.hugedomains.com/domain_profile.cfm?d=ap2tg.com&utm_source=hdrhttpstest,hugedomains.com,0,source_domain_overlap,
CompPhish,https://centos.org/,centos.org,0,source_domain_overlap,
CompPhish,https://www.hugedomains.com/domain_profile.cfm?d=raagtune.com&utm_source=hdrhttpstest,hugedomains.com,0,source_domain_overlap,
CompPhish,https://www.hugedomains.com/domain_profile.cfm?d=contried.com&utm_source=hdrhttpstest,hugedomains.com,0,source_domain_overlap,
CompPhish,http://totalsportek.com/,totalsportek.com,0,source_domain_overlap,
CompPhish,https://dotnet.microsoft.com/en-us/apps/xamarin,microsoft.com,0,source_domain_overlap,
CompPhish,https://www.audacityteam.org/,audacityteam.org,0,source_domain_overlap,
CompPhish,https://azure.microsoft.com/en-us/,microsoft.com,0,source_domain_overlap,
CompPhish,https://www.hugedomains.com/domain_profile.cfm?d=trendingpatrol.com&utm_source=hdrhttpstest,hugedomains.com,0,source_domain_overlap,
CompPhish,https://www.hugedomains.com/domain_profile.cfm?d=dwebdigital.com&utm_source=hdrhttpstest,hugedomains.com,0,source_domain_overlap,
CompPhish,https://www.hugedomains.com/domain_profile.cfm?d=popundertotal.com&utm_source=hdrhttpstest,hugedomains.com,0,source_domain_overlap,
CompPhish,https://www.hugedomains.com/domain_profile.cfm?d=imgsin.com&utm_source=hdrhttpstest,hugedomains.com,0,source_domain_overlap,
CompPhish,https://www.hugedomains.com/domain_profile.cfm?d=cleanmybrowser.com&utm_source=hdrhttpstest,hugedomains.com,0,source_domain_overlap,
CompPhish,https://seatguru.com/,seatguru.com,0,source_domain_overlap,
CompPhish,https://www.hugedomains.com/domain_profile.cfm?d=mp3cc.com&utm_source=hdrhttpstest,hugedomains.com,0,source_domain_overlap,
CompPhish,https://www.hugedomains.com/domain_profile.cfm?d=theunlimitedsystem.com&utm_source=hdrhttpstest,hugedomains.com,0,source_domain_overlap,
CompPhish,https://www.trend-chaser.com/,trend-chaser.com,0,source_domain_overlap,
CompPhish,https://www.jamieoliver.com/,jamieoliver.com,0,source_domain_overlap,
CompPhish,https://spaste.com/,spaste.com,0,source_domain_overlap,
CompPhish,https://www.myherbalife.com/,myherbalife.com,0,source_domain_overlap,
CompPhish,https://www.hugedomains.com/domain_profile.cfm?d=publiclikes.com&utm_source=hdrhttpstest,hugedomains.com,0,source_domain_overlap,
CompPhish,https://colonelcassad.livejournal.com/,livejournal.com,0,source_domain_overlap,
CompPhish,https://www.careerride.com/,careerride.com,0,source_domain_overlap,
CompPhish,http://m-meta-mask-log-us.mystrikingly.com/,mystrikingly.com,1,source_domain_overlap,
CompPhish,https://newaccessmailforapps.weebly.com/,weebly.com,1,source_domain_overlap,
CompPhish,http://https-mail-tiscali-it-tiscali-it.weebly.com/,weebly.com,1,source_domain_overlap,
CompPhish,http://itrustiscapital-logi.weebly.com/,weebly.com,1,source_domain_overlap,
CompPhish,http://www.tinyurl.com/29j8mrtr/,tinyurl.com,1,source_domain_overlap,
CompPhish,http://coinbaselogindesk.blogspot.ru/,blogspot.ru,1,source_domain_overlap,
CompPhish,http://itrustkapiitallogin.weebly.com/,weebly.com,1,source_domain_overlap,
CompPhish,https://nkjjvhjuin.weebly.com/,weebly.com,1,source_domain_overlap,
CompPhish,https://tinyurl.com/2szdxskh,tinyurl.com,1,source_domain_overlap,
CompPhish,https://docs.google.com/presentation/d/e/2PACX-1vRTYtE3Z27LApuZgfGbkFQBxZEWyc0lTE40T1IpzAPV_u3XYKH7cPhX8FmAvTccnd3JdZ-ZxZ1WPj9g/pub?start=false&amp;loop=false&amp;delayms=3000,google.com,1,source_domain_overlap,
CompPhish,https://docs.google.com/presentation/d/e/2PACX-1vR5jBjyN6RElq5VXaV-82ny1-zdHqW6e_Ja7VLAn8ZvTSoyc-ig78SgrOyRR5l4tAoJ_IZmcov-EhBK/pub,google.com,1,source_domain_overlap,
CompPhish,https://docs.google.com/presentation/d/e/2PACX-1vTCWpI_yZ-K-DGEQs3PUQCgNGzx8RRC2-pRtSUbqea1ii6Yi41RN3MbHen58KzE6TzkcSbcT6ScrqWU/pub,google.com,1,source_domain_overlap,
CompPhish,https://zimbra-web-mail-login.weebly.com/,weebly.com,1,source_domain_overlap,
CompPhish,https://z-mail-auth.weebly.com/,weebly.com,1,source_domain_overlap,
CompPhish,https://xuzim040.weebly.com/,weebly.com,1,source_domain_overlap,
CompPhish,https://xbimbra.weebly.com/,weebly.com,1,source_domain_overlap,
CompPhish,https://venetocgil.weebly.com/,weebly.com,1,source_domain_overlap,
CompPhish,https://sec-visionsfcu.weebly.com/,weebly.com,1,source_domain_overlap,
CompPhish,https://roundcubdes.weebly.com/,weebly.com,1,source_domain_overlap,
CompPhish,https://qrimbra.weebly.com/,weebly.com,1,source_domain_overlap,
CompPhish,https://playstation4freegame.weebly.com/,weebly.com,1,source_domain_overlap,
CompPhish,https://playersstation.weebly.com/,weebly.com,1,source_domain_overlap,
CompPhish,https://pdpumailpdpuacowa.weebly.com/,weebly.com,1,source_domain_overlap,
CompPhish,https://op0pl55.weebly.com/,weebly.com,1,source_domain_overlap,
CompPhish,https://officewesacs.weebly.com/,weebly.com,1,source_domain_overlap,
CompPhish,https://office365mccdeduverified.weebly.com/,weebly.com,1,source_domain_overlap,
CompPhish,https://mailupgrade8765ghju.weebly.com/,weebly.com,1,source_domain_overlap,
CompPhish,https://laythaizhrani.weebly.com/,weebly.com,1,source_domain_overlap,
CompPhish,https://jurtfgdsazxvcvbiom.weebly.com/,weebly.com,1,source_domain_overlap,
CompPhish,https://jhjkttyjjkuxuxcircle.weebly.com/,weebly.com,1,source_domain_overlap,
CompPhish,https://easttplotoneacuplotmmmzzth.weebly.com/,weebly.com,1,source_domain_overlap,
CompPhish,https://cedarpointmy.weebly.com/,weebly.com,1,source_domain_overlap,
CompPhish,https://a0dminss.weebly.com/,weebly.com,1,source_domain_overlap,
CompPhish,https://docs.google.com/presentation/d/e/2PACX-1vSwnwu4yhQ_uMRGrU1iwhaLAtdhjWTzs4jYsgaVSuXaSqdIePl9incluCuXh5-_2TTJqS98gt2KfpA7/pub,google.com,1,source_domain_overlap,
CompPhish,https://sites.google.com/view/smendifdk/home,google.com,1,source_domain_overlap,
CompPhish,https://docs.google.com/presentation/d/e/2PACX-1vQ8qivQINIk6H6S1s5uOLE67K7sArIQ5CC7Scx-6Hm_ma_V_YwqSfthVKKBXslTb8ON1jBlREmi1o6X/pub?start=false&amp;loop=false&amp;delayms=3000,google.com,1,source_domain_overlap,
CompPhish,https://docs.google.com/presentation/d/e/2PACX-1vTH8Oo1QucYzP-4dIGr-EsLM0T55eDc3fn357vbWcjy5ywBKF5Ls3qf6tblqqTY1pR_VIWa0im1vAzG/pub,google.com,1,source_domain_overlap,
CompPhish,https://docs.google.com/presentation/d/e/2PACX-1vRDonZWvZI283HLGzun2xLkPeoZzrJzYfqwuCEYvje1guzo5vIrRLMoO-hYRtWInTsa9iZtEKEnVixJ/pub,google.com,1,source_domain_overlap,
CompPhish,https://docs.google.com/presentation/d/e/2PACX-1vShH4vUXVVSXw0nhDa-7iPxyFyao2Y2uTjdwH_vl6ft660O9K4Y-hL80Is9Sy2xyS1gyV5gTiQ8P7ub/pub?start=false&amp;loop=false&amp;delayms=3000&amp;pli=1&amp;slide=id.p,google.com,1,source_domain_overlap,
CompPhish,https://docs.google.com/presentation/d/e/2PACX-1vShH4vUXVVSXw0nhDa-7iPxyFyao2Y2uTjdwH_vl6ft660O9K4Y-hL80Is9Sy2xyS1gyV5gTiQ8P7ub/pub,google.com,1,source_domain_overlap,
CompPhish,https://juno-12342452.weebly.com/,weebly.com,1,source_domain_overlap,
CompPhish,https://docs.google.com/presentation/d/e/2PACX-1vRTYtE3Z27LApuZgfGbkFQBxZEWyc0lTE40T1IpzAPV_u3XYKH7cPhX8FmAvTccnd3JdZ-ZxZ1WPj9g/pub,google.com,1,source_domain_overlap,
CompPhish,https://frequent-mask.surge.sh/,surge.sh,1,source_domain_overlap,
CompPhish,https://whimsical-crow.surge.sh/,surge.sh,1,source_domain_overlap,
CompPhish,https://docs.google.com/drawings/d/1g9rBUvByPPPMm6ZatjRWo507D94CM9Jrt6OS1g8_EWE/edit,google.com,1,source_domain_overlap,
CompPhish,https://docs.google.com/drawings/d/1ZVufWBS0opeBNBjrRAp3s9bks0ol9rI1uz2N0gDvf74/edit,google.com,1,source_domain_overlap,
CompPhish,https://docs.google.com/drawings/d/1UUuP9msTHoWnB3lbB0MUZxvOMyvFW97ThWh81BNBtwY/edit,google.com,1,source_domain_overlap,
CompPhish,https://docs.google.com/drawings/d/1XO5qDqAesGWXaro7YBbTGQWIaA8m7qwiCHyGSedvw30/edit,google.com,1,source_domain_overlap,
CompPhish,https://docs.google.com/drawings/d/10Fp9P0F0B9MinU3ZoQyAvsl-uLRyy6boiEj0ZksAYFo/edit,google.com,1,source_domain_overlap,
CompPhish,https://tinyurl.com/6cNisara,tinyurl.com,1,source_domain_overlap,
CompPhish,https://tinyurl.com/3ha8w4dd,tinyurl.com,1,source_domain_overlap,
CompPhish,https://vcnlvoicelhigt5jgu6khl73y7i3647.weebly.com/,weebly.com,1,source_domain_overlap,
CompPhish,https://trinnthanewshiiiiiii.weebly.com/,weebly.com,1,source_domain_overlap,
CompPhish,https://skdkfjhfkjf.weebly.com/,weebly.com,1,source_domain_overlap,
CompPhish,https://s4vy3hshw5h47vw53n8wn63h8wt2ht5efg.weebly.com/,weebly.com,1,source_domain_overlap,
CompPhish,https://plusfree1month.weebly.com/,weebly.com,1,source_domain_overlap,
CompPhish,https://plusfree1.weebly.com/,weebly.com,1,source_domain_overlap,
CompPhish,https://playstation-store-free-50.weebly.com/,weebly.com,1,source_domain_overlap,
CompPhish,https://maplateaultelconnec8.weebly.com/,weebly.com,1,source_domain_overlap,
CompPhish,https://geaszuimtrefin.weebly.com/,weebly.com,1,source_domain_overlap,
CompPhish,https://games-for-playsation.weebly.com/,weebly.com,1,source_domain_overlap,
CompPhish,https://freepsngames4you.weebly.com/,weebly.com,1,source_domain_overlap,
CompPhish,https://freepsngames205.weebly.com/,weebly.com,1,source_domain_overlap,
CompPhish,https://freepsncardps4.weebly.com/,weebly.com,1,source_domain_overlap,
CompPhish,https://fdhjhgcjkcgjdvcg.weebly.com/,weebly.com,1,source_domain_overlap,
CompPhish,https://espanactuli.weebly.com/,weebly.com,1,source_domain_overlap,
CompPhish,https://emailsrvrehjf.weebly.com/,weebly.com,1,source_domain_overlap,
CompPhish,https://ecrfgytu.weebly.com/,weebly.com,1,source_domain_overlap,
CompPhish,https://ch-cornouaille.weebly.com/,weebly.com,1,source_domain_overlap,
CompPhish,https://bvvpasbylov.weebly.com/,weebly.com,1,source_domain_overlap,
CompPhish,https://467847656.weebly.com/,weebly.com,1,source_domain_overlap,
CompPhish,https://docs.google.com/presentation/d/e/2PACX-1vSh8hIf2NQScOTVP7RuMD7zgfNp97QT0UHwWeVQAVM03sKz7NCGcdYHjMPuozO-XdTLWtmnjgqKvAkx/pub?start=false&amp;loop=false&amp;delayms=3000&amp;slide=id.p,google.com,1,source_domain_overlap,
CompPhish,https://tinyurl.com/APPLYHAF,tinyurl.com,1,source_domain_overlap,
CompPhish,https://docs.google.com/presentation/d/e/2PACX-1vQWstbbItru76dae_tLfD38uh0J2GMyNC2-eG9cPw78i00lcDmmBBfjZHwZbSrw3_9dg89Nzuw9sdNs/pub,google.com,1,source_domain_overlap,
CompPhish,https://sites.google.com/view/service-page-3475/home,google.com,1,source_domain_overlap,
CompPhish,https://docs.google.com/presentation/d/e/2PACX-1vTc92I49fieL_mDfZenf2KUrCapM2Z6quNz12LLftM-X_n8u5MbTVMSjLse6wvOzynXcumZRHS0dQdE/pub?start=false&amp;loop=false&amp;delayms=3000&amp;slide=id.p,google.com,1,source_domain_overlap,
CompPhish,https://docs.google.com/presentation/d/e/2PACX-1vTc92I49fieL_mDfZenf2KUrCapM2Z6quNz12LLftM-X_n8u5MbTVMSjLse6wvOzynXcumZRHS0dQdE/pub,google.com,1,source_domain_overlap,
CompPhish,https://docs.google.com/presentation/d/e/2PACX-1vQ8qivQINIk6H6S1s5uOLE67K7sArIQ5CC7Scx-6Hm_ma_V_YwqSfthVKKBXslTb8ON1jBlREmi1o6X/pub,google.com,1,source_domain_overlap,
CompPhish,https://docs.google.com/presentation/d/e/2PACX-1vTP7CmNz0qNbC4171RB-XlbtCL9hEcecR1dMefyufpmec33igdxeIJK28H6Hit78uJxu97WJzIISVdK/pub,google.com,1,source_domain_overlap,
CompPhish,https://navaier.b-cdn.net/binmolioker.html,b-cdn.net,1,source_domain_overlap,
CompPhish,https://tinyurl.com/2ccw49r7,tinyurl.com,1,source_domain_overlap,
CompPhish,https://unaccountable-nidnever.surge.sh/?naps,surge.sh,1,source_domain_overlap,
CompPhish,https://docs.google.com/drawings/d/1ok54aGM9m9NZ3_lzSf2uiEuHb5GDw1vsgRm8IjacojY/edit,google.com,1,source_domain_overlap,
CompPhish,https://docs.google.com/drawings/d/1tFGsee4Riw3K3ZON7Vl37za_An-iGn31yhJInptNeKU/edit,google.com,1,source_domain_overlap,
CompPhish,https://docs.google.com/drawings/d/1Qx_WPAJGM7ERdjnVBPbNnwfoXNEQPv-AtK0WwQbeM58/edit,google.com,1,source_domain_overlap,
CompPhish,https://docs.google.com/presentation/d/e/2PACX-1vTuBX8GI2-IHioltCnwVHflIYJMGD7SMDC-aKxT6zIawOUGC2J4ldK5FGs6VSVatuFQ1NFI9KxTTEut/pub?start=false&loop=false&delayms=3000&slide=id.p,google.com,1,source_domain_overlap,
CompPhish,https://tinyurl.com/2s3bvryf,tinyurl.com,1,source_domain_overlap,
CompPhish,https://docs.google.com/presentation/d/e/2PACX-1vTuBX8GI2-IHioltCnwVHflIYJMGD7SMDC-aKxT6zIawOUGC2J4ldK5FGs6VSVatuFQ1NFI9KxTTEut/pub?start=false&amp;loop=false&amp;delayms=3000&amp;slide=id.p,google.com,1,source_domain_overlap,
CompPhish,https://sjjjjdjdhdhdwwee.weebly.com/,weebly.com,1,source_domain_overlap,
CompPhish,https://luckyprizediamond.weebly.com/,weebly.com,1,source_domain_overlap,
CompPhish,https://fortera-member-sec.weebly.com/,weebly.com,1,source_domain_overlap,
CompPhish,https://docs.google.com/presentation/d/e/2PACX-1vQsFy8gDLaUfY7Vn3M-Fgu7gHL33sg8eLONZ3iBu4GLRsz8x9wcdnRT5K3gcPqvbxRvDwRxKI2DV5Vu/pub,google.com,1,source_domain_overlap,
CompPhish,https://2fc95t.share-eu1.hsforms.com/2WU9Y0c5pQJuOnobka_X8zA,hsforms.com,1,source_domain_overlap,
CompPhish,https://telstraid098-765.weebly.com/,weebly.com,1,source_domain_overlap,
CompPhish,https://postmastersadministrator.weebly.com/,weebly.com,1,source_domain_overlap,
CompPhish,https://ourtimeccx.weebly.com/,weebly.com,1,source_domain_overlap,
CompPhish,https://myubaloanoffer1.weebly.com/,weebly.com,1,source_domain_overlap,
CompPhish,https://mailrat.weebly.com/,weebly.com,1,source_domain_overlap,
CompPhish,https://connexioncf-corse.weebly.com/,weebly.com,1,source_domain_overlap,
CompPhish,https://docs.google.com/presentation/d/e/2PACX-1vR15ZHu9vaY6uv0gW25Ua1L_HsNzv0J9v55mmbI94fY93f2pGPwUtdJBhCCcwpbYpwZaNgtbthcsZEJ/pub,google.com,1,source_domain_overlap,
CompPhish,https://docs.google.com/presentation/d/e/2PACX-1vSVsiIH3b4XhajOt2Y0BJHzbfJ6oEVEkBzClQC9MmtnzZyLUDgYWtLUU0l56boqarF3vTxvCKNUYvWF/pub?start=false&amp;loop=false&amp;delayms=3000,google.com,1,source_domain_overlap,
CompPhish,https://docs.google.com/presentation/d/e/2PACX-1vSVsiIH3b4XhajOt2Y0BJHzbfJ6oEVEkBzClQC9MmtnzZyLUDgYWtLUU0l56boqarF3vTxvCKNUYvWF/pub,google.com,1,source_domain_overlap,
CompPhish,https://www.dropbox.com/scl/fi/ylbkr5pqwvb95x5tsb49d/VlEW-YOUR-BlLL-BELOW.paper?rlkey=7knjgohrpvyax9vm7av2vruxa&st=d6etonw3&dl=0,dropbox.com,1,source_domain_overlap,
CompPhish,https://docs.google.com/presentation/d/e/2PACX-1vTEMEusEoZenf1Fz8_zOYPRYN4-pOTvCsiD5oBbrV4vWYOVuBEkIjbhEpsiYMubaBynR4HySQB_LQAZ/pub,google.com,1,source_domain_overlap,
CompPhish,https://docs.google.com/presentation/d/e/2PACX-1vT1C7Lcji52Ao800AxT0ikh-1Sk3u1IixX16u0NEg_rjkjAxi3tiPk2kfO84BGAP_lPeOqIOXFpj3Gc/pub?start=false&amp;loop=false&amp;delayms=3000,google.com,1,source_domain_overlap,
CompPhish,https://docs.google.com/presentation/d/e/2PACX-1vT1C7Lcji52Ao800AxT0ikh-1Sk3u1IixX16u0NEg_rjkjAxi3tiPk2kfO84BGAP_lPeOqIOXFpj3Gc/pub,google.com,1,source_domain_overlap,
CompPhish,https://xuialkuntred.weebly.com/,weebly.com,1,source_domain_overlap,
CompPhish,https://hopee12.weebly.com/,weebly.com,1,source_domain_overlap,
CompPhish,https://error434720443t39837kjsg3s94d4s4.weebly.com/,weebly.com,1,source_domain_overlap,
CompPhish,https://westnetcurrectlywebmail.weebly.com/,weebly.com,1,source_domain_overlap,
CompPhish,https://univrr.weebly.com/,weebly.com,1,source_domain_overlap,
CompPhish,https://xj2j.weebly.com/,weebly.com,1,source_domain_overlap,
CompPhish,https://616071982514028543.weebly.com/,weebly.com,1,source_domain_overlap,
CompPhish,https://shawtermandsupportt.weebly.com/,weebly.com,1,source_domain_overlap,
CompPhish,https://119642945261283233.weebly.com/,weebly.com,1,source_domain_overlap,
CompPhish,https://espanupdate.weebly.com/,weebly.com,1,source_domain_overlap,
CompPhish,https://u5a11.weebly.com/,weebly.com,1,source_domain_overlap,
CompPhish,https://spectrumonlineserviceteam.weebly.com/,weebly.com,1,source_domain_overlap,
CompPhish,https://xtarverications.weebly.com/,weebly.com,1,source_domain_overlap,
CompPhish,https://4554322.weebly.com/,weebly.com,1,source_domain_overlap,
CompPhish,https://wcwebinstruct.weebly.com/,weebly.com,1,source_domain_overlap,
CompPhish,https://mailbox-authenticationwarnings.weebly.com/,weebly.com,1,source_domain_overlap,
CompPhish,https://docs.google.com/presentation/d/e/2PACX-1vSZyVvE9hslphaLiMtl5toxEs66mvYCRuVpZXImukAT6-YmYJAspfOT0kyA9PBQd2pNRIG3dsaV-IOG/pub?start=false&amp;loop=false&amp;delayms=3000&amp;slide=id.p%3Co:p,google.com,1,source_domain_overlap,
CompPhish,https://docs.google.com/presentation/d/e/2PACX-1vSZyVvE9hslphaLiMtl5toxEs66mvYCRuVpZXImukAT6-YmYJAspfOT0kyA9PBQd2pNRIG3dsaV-IOG/pub,google.com,1,source_domain_overlap,
CompPhish,https://material-badge.surge.sh,surge.sh,1,source_domain_overlap,
CompPhish,https://docs.google.com/drawings/d/1pMWyWuuaHwbpbvWgGWdVroS5HwNNQqKaoHN_spZwDaA/edit,google.com,1,source_domain_overlap,
CompPhish,https://docs.google.com/drawings/d/1Ykzr-ok7koOf6Hf792KbeXXJ65Yxmt8_zIF46EfYC_4/edit,google.com,1,source_domain_overlap,
CompPhish,https://tinyurl.com/2cc8cwyq,tinyurl.com,1,source_domain_overlap,
CompPhish,https://tinyurl.com/2bp6qmfu,tinyurl.com,1,source_domain_overlap,
CompPhish,https://tinyurl.com/29jf5z5w,tinyurl.com,1,source_domain_overlap,
CompPhish,https://tinyurl.com/27zx3l3j,tinyurl.com,1,source_domain_overlap,
CompPhish,https://tinyurl.com/24okoc9a,tinyurl.com,1,source_domain_overlap,
CompPhish,https://tinyurl.com/23qmlc6d,tinyurl.com,1,source_domain_overlap,
CompPhish,https://zlmbr.weebly.com/,weebly.com,1,source_domain_overlap,
CompPhish,https://zimbra2o25.weebly.com/,weebly.com,1,source_domain_overlap,
CompPhish,https://xvxvxemail.weebly.com/,weebly.com,1,source_domain_overlap,
CompPhish,https://webmailzimbrain.weebly.com/,weebly.com,1,source_domain_overlap,
CompPhish,https://webmailhtpnetappsuites.weebly.com/,weebly.com,1,source_domain_overlap,
CompPhish,https://v00lny33.weebly.com/,weebly.com,1,source_domain_overlap,
CompPhish,https://udjfffkdsosdkdnb.weebly.com/,weebly.com,1,source_domain_overlap,
CompPhish,https://telstrsmall.weebly.com/,weebly.com,1,source_domain_overlap,
CompPhish,https://syuimerdplcer.weebly.com/,weebly.com,1,source_domain_overlap,
CompPhish,https://spect-wire-less-tech-web-log.weebly.com/,weebly.com,1,source_domain_overlap,
CompPhish,https://sjsjspoctza.weebly.com/,weebly.com,1,source_domain_overlap,
CompPhish,https://nee33c.weebly.com/,weebly.com,1,source_domain_overlap,
CompPhish,https://moiacademicienfrcorfrcor.weebly.com/,weebly.com,1,source_domain_overlap,
CompPhish,https://mauvaisevideoxxlxl.weebly.com/,weebly.com,1,source_domain_overlap,
CompPhish,https://mannheimheim.weebly.com/,weebly.com,1,source_domain_overlap,
CompPhish,https://jetletusderickwellatouching.weebly.com/,weebly.com,1,source_domain_overlap,
CompPhish,https://jbcbuidtfud.weebly.com/,weebly.com,1,source_domain_overlap,
CompPhish,https://isosteomicrosoftoffice.weebly.com/,weebly.com,1,source_domain_overlap,
CompPhish,https://his-kontouppdatering.weebly.com/,weebly.com,1,source_domain_overlap,
CompPhish,https://hagiohw.weebly.com/,weebly.com,1,source_domain_overlap,
CompPhish,https://courrieiiilweb.weebly.com/,weebly.com,1,source_domain_overlap,
CompPhish,https://comcastxxxxxxxlogin124.weebly.com/,weebly.com,1,source_domain_overlap,
CompPhish,https://sites.google.com/view/servicu83/home,google.com,1,source_domain_overlap,
CompPhish,https://sites.google.com/view/att-login009/home,google.com,1,source_domain_overlap,
CompPhish,https://sites.google.com/view/jehdfmn/home,google.com,1,source_domain_overlap,
CompPhish,https://docs.google.com/presentation/d/e/2PACX-1vQu9W_yW7odGRFv6U0eHaud8eAGn7E9mIfajGiQ2xyJSsfPyzq_Jp8ovFgIvqWOGA71oKkm4SmrOyWh/pub?start=false&amp;loop=false&amp;delayms=3000,google.com,1,source_domain_overlap,
CompPhish,https://docs.google.com/presentation/d/e/2PACX-1vQu9W_yW7odGRFv6U0eHaud8eAGn7E9mIfajGiQ2xyJSsfPyzq_Jp8ovFgIvqWOGA71oKkm4SmrOyWh/pub,google.com,1,source_domain_overlap,
CompPhish,https://docs.google.com/presentation/d/e/2PACX-1vQlYSqjB6QkbWWV5gAZeH6iihKAQ5c6D5COnxea5b8m-bZAIBdHx6UUSOeT76oPxLh_rO_ilNwmf4NO/pub,google.com,1,source_domain_overlap,
CompPhish,https://docs.google.com/presentation/d/e/2PACX-1vS2IHWrW2OEI3NFc4HOVPsNSKHMw-FhMcunWILDnoQaq2NkAjvl_V4CK5xxsZ7yaWuPUy1uif85i7ZZ/pub,google.com,1,source_domain_overlap,
CompPhish,https://docs.google.com/presentation/d/e/2PACX-1vRPyoi0r4kcbDxhOq_2Cb-3mN6mhkclBukAuyp6yg8q7WrnCcwLseZYxBsxy7G7MuzMzhHhARzYzlH5/pub?start=false&amp;loop=false&amp;delayms=3000,google.com,1,source_domain_overlap,
CompPhish,https://docs.google.com/presentation/d/e/2PACX-1vRPyoi0r4kcbDxhOq_2Cb-3mN6mhkclBukAuyp6yg8q7WrnCcwLseZYxBsxy7G7MuzMzhHhARzYzlH5/pub,google.com,1,source_domain_overlap,
CompPhish,https://docs.google.com/document/d/1PcPb1wIAivbmCLBy8Q8Rk7qeMfAll7oYA1AZT2f5R5I/edit,google.com,1,source_domain_overlap,
CompPhish,https://docs.google.com/presentation/d/e/2PACX-1vTLs2oBcmUsd_GuIWAiqiAtH1m4O7CIEDSUjkU7aBr7GSrKdqhuvv1xw0w-YZK5Vh5ZxS6mPx7RCIlS/pub?start=false&amp;loop=false&amp;delayms=3000,google.com,1,source_domain_overlap,
CompPhish,https://sites.google.com/view/mailmailmail28384/home,google.com,1,source_domain_overlap,
CompPhish,https://docs.google.com/presentation/d/e/2PACX-1vTLs2oBcmUsd_GuIWAiqiAtH1m4O7CIEDSUjkU7aBr7GSrKdqhuvv1xw0w-YZK5Vh5ZxS6mPx7RCIlS/pub,google.com,1,source_domain_overlap,
CompPhish,https://storage.googleapis.com/gilmore2/index.html,storage.googleapis.com,1,source_domain_overlap,
CompPhish,https://ahlung-kundencente.surge.sh/,surge.sh,1,source_domain_overlap,
CompPhish,https://docs.google.com/forms/d/e/1FAIpQLSeKbMIGhZS9AKSajchOaSmo8WycBLv7DNWg72fUAxgdhwWKrw/viewform?usp=send_form,google.com,1,source_domain_overlap,
CompPhish,https://docs.google.com/forms/d/e/1FAIpQLSeKbMIGhZS9AKSajchOaSmo8WycBLv7DNWg72fUAxgdhwWKrw/viewform,google.com,1,source_domain_overlap,
CompPhish,https://docs.google.com/forms/d/e/1FAIpQLSc2Yg6uLXx6LnG9lMRqok_eR71WI3iMOgcBFiZium7pTigL6Q/viewform?usp=send_form,google.com,1,source_domain_overlap,
CompPhish,https://docs.google.com/forms/d/e/1FAIpQLSc2Yg6uLXx6LnG9lMRqok_eR71WI3iMOgcBFiZium7pTigL6Q/viewform,google.com,1,source_domain_overlap,
CompPhish,https://tinyurl.com/2yub5ucb,tinyurl.com,1,source_domain_overlap,
CompPhish,https://tinyurl.com/dftyuioZSS,tinyurl.com,1,source_domain_overlap,
CompPhish,https://tinyurl.com/6kpmn7my,tinyurl.com,1,source_domain_overlap,
CompPhish,https://sites.google.com/view/mail-updates-3847/home,google.com,1,source_domain_overlap,
CompPhish,https://docs.google.com/presentation/d/e/2PACX-1vSQq4LmxLRCeuj4AYRaORz0b8iplf6yVm4lhQOlTPDssPaOTURGFvYeZeD23jK003XUO1z6qk96UnRp/pub,google.com,1,source_domain_overlap,
CompPhish,https://docs.google.com/presentation/d/e/2PACX-1vR2chhBTn9RgXNHHEslF1GPW2_Xq1L817ySV-xekMwhupZOWUh_3n68nV4f23l5FLSy8ZMur-MkhLFh/pub,google.com,1,source_domain_overlap,
CompPhish,https://docs.google.com/presentation/d/e/2PACX-1vR2chhBTn9RgXNHHEslF1GPW2_Xq1L817ySV-xekMwhupZOWUh_3n68nV4f23l5FLSy8ZMur-MkhLFh/pub?start=false&amp;loop=false&amp;delayms=3000,google.com,1,source_domain_overlap,
CompPhish,https://tinyurl.com/2bbph6v2,tinyurl.com,1,source_domain_overlap,
CompPhish,https://snip.ly/n6lp98,snip.ly,1,source_domain_overlap,
CompPhish,https://wabasha.weebly.com/,weebly.com,1,source_domain_overlap,
CompPhish,https://vud43.weebly.com/,weebly.com,1,source_domain_overlap,
CompPhish,https://uniplusuniverselineshw.weebly.com/,weebly.com,1,source_domain_overlap,
CompPhish,https://somtel.weebly.com/,weebly.com,1,source_domain_overlap,
CompPhish,https://messagingni.weebly.com/,weebly.com,1,source_domain_overlap,
CompPhish,https://mailverificationteamoath.weebly.com/,weebly.com,1,source_domain_overlap,
CompPhish,https://kokoadm.weebly.com/,weebly.com,1,source_domain_overlap,
CompPhish,https://gedgdd.weebly.com/,weebly.com,1,source_domain_overlap,
CompPhish,https://fghj5hjjh.weebly.com/,weebly.com,1,source_domain_overlap,
CompPhish,https://devdocptdsugn.weebly.com/,weebly.com,1,source_domain_overlap,
CompPhish,https://activeaccountt2322.weebly.com/,weebly.com,1,source_domain_overlap,
CompPhish,https://docs.google.com/drawings/d/1QC5f2CXn1qYQ2UvPszpKAz38mrAzTKzBjoTSKJbpnTU/edit,google.com,1,source_domain_overlap,
CompPhish,https://kindbea48.activehosted.com/admin/archived_user.php,activehosted.com,1,source_domain_overlap,
CompPhish,https://kindbea48.activehosted.com,activehosted.com,1,source_domain_overlap,
CompPhish,https://tinyurl.com/y794rhxt,tinyurl.com,1,source_domain_overlap,
CompPhish,https://tinyurl.com/2mkzk27m,tinyurl.com,1,source_domain_overlap,
CompPhish,https://tinyurl.com/be-mondial-relay,tinyurl.com,1,source_domain_overlap,
CompPhish,https://tinyurl.com/4pswvzyt,tinyurl.com,1,source_domain_overlap,
CompPhish,https://tinyurl.com/mvwwz4da,tinyurl.com,1,source_domain_overlap,
CompPhish,https://sites.google.com/view/bt4c6f19szyqbp8fus2y75jx8l9stu,google.com,1,source_domain_overlap,
CompPhish,https://zinbra2025.weebly.com/,weebly.com,1,source_domain_overlap,
CompPhish,https://wylieindependentschooldistrict.weebly.com/,weebly.com,1,source_domain_overlap,
CompPhish,https://wverifcatonss.weebly.com/,weebly.com,1,source_domain_overlap,
CompPhish,https://wnnipeeg.weebly.com/,weebly.com,1,source_domain_overlap,
CompPhish,https://wayne-edu-support.weebly.com/,weebly.com,1,source_domain_overlap,
CompPhish,https://upgrade-mail-server.weebly.com/,weebly.com,1,source_domain_overlap,
CompPhish,https://tttttmaillll00000.weebly.com/,weebly.com,1,source_domain_overlap,
CompPhish,https://securit-loginsecurit.weebly.com/,weebly.com,1,source_domain_overlap,
CompPhish,https://sdxchbkdfxcsdzx.weebly.com/,weebly.com,1,source_domain_overlap,
CompPhish,https://mccubankingonline.weebly.com/,weebly.com,1,source_domain_overlap,
CompPhish,https://mailverificationteamupdate.weebly.com/,weebly.com,1,source_domain_overlap,
CompPhish,https://mailupdateserversteams.weebly.com/,weebly.com,1,source_domain_overlap,
CompPhish,https://mailboxnewversion.weebly.com/,weebly.com,1,source_domain_overlap,
CompPhish,https://mailboxdeactivation.weebly.com/,weebly.com,1,source_domain_overlap,
CompPhish,https://mail-service-premium.weebly.com/,weebly.com,1,source_domain_overlap,
CompPhish,https://mail-organizerverification.weebly.com/,weebly.com,1,source_domain_overlap,
CompPhish,https://iintmailsupport.weebly.com/,weebly.com,1,source_domain_overlap,
CompPhish,https://hbcjhcc.weebly.com/,weebly.com,1,source_domain_overlap,
CompPhish,https://camtelwebmail.weebly.com/,weebly.com,1,source_domain_overlap,
CompPhish,https://bbhht33.weebly.com/,weebly.com,1,source_domain_overlap,
CompPhish,https://45589br43.weebly.com/,weebly.com,1,source_domain_overlap,
CompPhish,https://26546brb.weebly.com/,weebly.com,1,source_domain_overlap,
CompPhish,https://1023centerjuno.weebly.com/,weebly.com,1,source_domain_overlap,
CompPhish,https://docs.google.com/presentation/d/e/2PACX-1vSG5cJC_1xQOIVzMZMfKo8g5jDZTn4lo6373HZ65u4292v9_Gyq4yRs17467s0Bdprj9u1pOg6Lie-z/pub?start=false&loop=false&delayms=3000,google.com,1,source_domain_overlap,
CompPhish,https://docs.google.com/presentation/d/e/2PACX-1vSG5cJC_1xQOIVzMZMfKo8g5jDZTn4lo6373HZ65u4292v9_Gyq4yRs17467s0Bdprj9u1pOg6Lie-z/pub?start=false&amp;loop=false&amp;delayms=3000,google.com,1,source_domain_overlap,
CompPhish,https://docs.google.com/presentation/d/e/2PACX-1vSG5cJC_1xQOIVzMZMfKo8g5jDZTn4lo6373HZ65u4292v9_Gyq4yRs17467s0Bdprj9u1pOg6Lie-z/pub,google.com,1,source_domain_overlap,
CompPhish,https://docs.google.com/presentation/d/e/2PACX-1vRCQESww7stpYMYc_TOPtzrM3-0WcWjNUuuW7KnxNvGwb1ABnnNn4MwP9PASb_zCydWZ5oDJv4AhVAB/pub,google.com,1,source_domain_overlap,
CompPhish,https://sites.google.com/view/att-mail-upgared/home,google.com,1,source_domain_overlap,
CompPhish,https://docs.google.com/presentation/d/e/2PACX-1vQlrACtCVZR_3nYmP2EjdKUHnbMS0aR9_f5zAsYlTkV0IFzjvZ1BdV2RNHz86GQ0drKfA4GAuhZTTwV/pub?start=false&amp;loop=false&amp;delayms=3000,google.com,1,source_domain_overlap,
CompPhish,https://docs.google.com/presentation/d/e/2PACX-1vQlrACtCVZR_3nYmP2EjdKUHnbMS0aR9_f5zAsYlTkV0IFzjvZ1BdV2RNHz86GQ0drKfA4GAuhZTTwV/pub,google.com,1,source_domain_overlap,
CompPhish,https://www.dropbox.com/scl/fi/rmngh9ire4d7fl2d4tqs9/VIEW-YOUR-BILL-BELOW.paper?rlkey=qewutdlldtm2176fs8winemhd&st=8266dwtn&dl=0,dropbox.com,1,source_domain_overlap,
CompPhish,https://www.dropbox.com/scl/fi/ji2xsf84fo7m53ae4xasx/VlEW-YOUR-BlLL-BELOW.paper?rlkey=g5xqive6ldzb30k6yhkpyzbrw&st=wvdvnzhv&dl=0,dropbox.com,1,source_domain_overlap,
CompPhish,https://www.dropbox.com/scl/fi/0xsj9vwz3hhi0h8jzdg7t/VIEW-YOUR-BILL-BELOW.paper?rlkey=ru6sny0emguwv1jf26tt2a23x&st=15x4ogpj&dl=0,dropbox.com,1,source_domain_overlap,
CompPhish,https://www.dropbox.com/l/spri/AAAHdzG3kz1DGiqHIiK9oBNLE3v5W9mOoXA,dropbox.com,1,source_domain_overlap,
CompPhish,https://www.dropbox.com/login?cont=https%3A%2F%2Fwww.dropbox.com%2Fspri%2FAPNS4Xy0YxgWL1G4fpzJC9NbRrrc7yAswa-NMd8BcxpRSmgHOvJlGxPJIRbGZcRDfgOBcBL4MEt3-wOH8kg2xigNaE1Fu-MCA1aS6ZiDDm6pajVwOSZUoA9esSXellsJ-yz13-mWggexfptv1TIEcncPHE_dmepcqjahaL1XlGhh6MW5iEGy-Gicg_25-6qIxK5ip95_abKTygVn5pxJgkdtUxSV4dn3lQlIxtIMhSYaF86gBzwwv-QOUFXtxHvuGUY%3Foref%3De,dropbox.com,1,source_domain_overlap,
CompPhish,https://www.dezeen.com/,dezeen.com,0,source_domain_overlap,
CompPhish,https://www.bing.com:443/?toWww=1&redig=F5E8E1F8888B43AEAC1C2030D2638519,bing.com,0,source_domain_overlap,
CompPhish,https://www.hugedomains.com/domain_profile.cfm?d=xmovies247.com,hugedomains.com,0,source_domain_overlap,
CompPhish,https://www.hugedomains.com/domain_profile.cfm?d=mystartab.com,hugedomains.com,0,source_domain_overlap,
CompPhish,https://www.hugedomains.com/domain_profile.cfm?d=adsmena.com,hugedomains.com,0,source_domain_overlap,
CompPhish,https://www.hugedomains.com/domain_profile.cfm?d=kkdate.com,hugedomains.com,0,source_domain_overlap,
CompPhish,https://www.hugedomains.com/domain_profile.cfm?d=ap2tg.com,hugedomains.com,0,source_domain_overlap,
CompPhish,https://www.hugedomains.com/domain_profile.cfm?d=raagtune.com,hugedomains.com,0,source_domain_overlap,
CompPhish,https://www.hugedomains.com/domain_profile.cfm?d=contried.com,hugedomains.com,0,source_domain_overlap,
CompPhish,https://www.hugedomains.com/domain_profile.cfm?d=trendingpatrol.com,hugedomains.com,0,source_domain_overlap,
CompPhish,https://www.hugedomains.com/domain_profile.cfm?d=dwebdigital.com,hugedomains.com,0,source_domain_overlap,
CompPhish,https://www.hugedomains.com/domain_profile.cfm?d=popundertotal.com,hugedomains.com,0,source_domain_overlap,
CompPhish,https://www.hugedomains.com/domain_profile.cfm?d=imgsin.com,hugedomains.com,0,source_domain_overlap,
CompPhish,https://www.hugedomains.com/domain_profile.cfm?d=cleanmybrowser.com,hugedomains.com,0,source_domain_overlap,
CompPhish,https://www.hugedomains.com/domain_profile.cfm?d=mp3cc.com,hugedomains.com,0,source_domain_overlap,
CompPhish,https://www.hugedomains.com/domain_profile.cfm?d=theunlimitedsystem.com,hugedomains.com,0,source_domain_overlap,
CompPhish,https://www.astro.com/horoscope,astro.com,0,source_domain_overlap,
CompPhish,https://www.hugedomains.com/domain_profile.cfm?d=publiclikes.com,hugedomains.com,0,source_domain_overlap,
CompPhish,https://www.hugedomains.com/domain_profile.cfm?d=familymoviz.com,hugedomains.com,0,source_domain_overlap,
CompPhish,https://www.telefonguru.hu/,telefonguru.hu,0,source_domain_overlap,
CompPhish,http://www.marketingteacher.com/,marketingteacher.com,0,source_domain_overlap,
CompPhish,https://custom.gettyimages.com/imagenet/p/1,gettyimages.com,0,source_domain_overlap,
CompPhish,https://www.hugedomains.com/domain_profile.cfm?d=begenin.com,hugedomains.com,0,source_domain_overlap,
CompPhish,https://forum.vbulletin.com/,vbulletin.com,0,source_domain_overlap,
CompPhish,https://www.stockbrokers.com/,stockbrokers.com,0,source_domain_overlap,
CompPhish,https://wuhu.world.tmall.com/shop/view_shop.htm,tmall.com,0,source_domain_overlap,
CompPhish,https://le-blog-sam-la-touch.over-blog.com/,over-blog.com,0,source_domain_overlap,
CompPhish,https://www.hugedomains.com/domain_profile.cfm?d=ogflip.com,hugedomains.com,0,source_domain_overlap,
CompPhish,https://www.hugedomains.com/domain_profile.cfm?d=1sada.com,hugedomains.com,0,source_domain_overlap,
CompPhish,https://www.hugedomains.com/domain_profile.cfm?d=readsbag.com,hugedomains.com,0,source_domain_overlap,
CompPhish,https://zazerkaliya.livejournal.com/,livejournal.com,0,source_domain_overlap,
CompPhish,https://www.hugedomains.com/domain_profile.cfm?d=agentvote.com,hugedomains.com,0,source_domain_overlap,
CompPhish,https://www.hugedomains.com/domain_profile.cfm?d=safasti.com,hugedomains.com,0,source_domain_overlap,
CompPhish,https://www.iowadnr.gov/,iowadnr.gov,0,source_domain_overlap,
CompPhish,https://ashortconversation.wordpress.com/,wordpress.com,0,source_domain_overlap,
CompPhish,https://www.yourgenome.org/,yourgenome.org,0,source_domain_overlap,
CompPhish,https://kak-eto-sdelano.livejournal.com/,livejournal.com,0,source_domain_overlap,
CompPhish,https://crocs.world.tmall.com/shop/view_shop.htm,tmall.com,0,source_domain_overlap,
CompPhish,https://www.hugedomains.com/domain_profile.cfm?d=vygogo.com,hugedomains.com,0,source_domain_overlap,
CompPhish,https://converse.world.tmall.com/shop/view_shop.htm,tmall.com,0,source_domain_overlap,
CompPhish,https://www.hugedomains.com/domain_profile.cfm?d=csgochance.com,hugedomains.com,0,source_domain_overlap,
CompPhish,https://www.notebookcheck.it/,notebookcheck.it,0,source_domain_overlap,
CompPhish,http://tavmjong.free.fr/,free.fr,0,source_domain_overlap,
CompPhish,https://www.hugedomains.com/domain_profile.cfm?d=mesmateriaux.com,hugedomains.com,0,source_domain_overlap,
CompPhish,https://koketka.livejournal.com/,livejournal.com,0,source_domain_overlap,
CompPhish,https://www.dx.am/,dx.am,0,source_domain_overlap,
CompPhish,https://kycvintage.bigcartel.com/,bigcartel.com,0,source_domain_overlap,
CompPhish,https://pantyhosewearinggirls.tumblr.com/,tumblr.com,0,source_domain_overlap,
CompPhish,https://www.acbl.org/,acbl.org,0,source_domain_overlap,
Hannousse_DOM,http://signin-store-ws.frontieroption.com/,frontieroption.com,1,extraction_failed,No archived page elements
Hannousse_DOM,http://mail.verzekeringskantoorhanssmit.nl/~u43730p39181/pki-validation,verzekeringskantoorhanssmit.nl,1,extraction_failed,No archived page elements
Hannousse_DOM,http://mail.meetingsguide.nl/~u43730p39181/pki-validation,meetingsguide.nl,1,extraction_failed,No archived page elements
Hannousse_DOM,https://nab.support.fortscratchley.org.au/,fortscratchley.org.au,1,extraction_failed,No archived page elements
Hannousse_DOM,http://paypa1verification.goldensealstudio.com/login,goldensealstudio.com,1,extraction_failed,No archived page elements
Hannousse_DOM,http://23.4.43.27/mobile.php,23.4.43.27,1,extraction_failed,No archived page elements
Hannousse_DOM,https://neeted.inditioncra.com/12c4l42e,inditioncra.com,1,extraction_failed,No archived page elements
Hannousse_DOM,http://mail.snackbar-dietwee.nl/~u43730p39181/pki-validation,snackbar-dietwee.nl,1,extraction_failed,No archived page elements
Hannousse_DOM,http://www.iphonecases.pk/ebay.de.item.payds.dll.sld/ebyson-item-good/4c1f00cd117e0f1e8e42a646ccb9ffcc.php,iphonecases.pk,1,extraction_failed,No archived page elements
Hannousse_DOM,https://ketapang.bawaslu.go.id/english/english/english/english/index.php?email=olinrogers@legalshield.com,bawaslu.go.id,1,extraction_failed,No archived page elements
Hannousse_DOM,http://153284594738391.statictab.com/2506080/,statictab.com,1,extraction_failed,No archived page elements
Hannousse_DOM,http://jdih.sambas.go.id/wp-includes/css/nnbill,sambas.go.id,1,extraction_failed,No archived page elements
Hannousse_DOM,http://mail.openatelier.nl/~u43730p39181/pki-validation,openatelier.nl,1,extraction_failed,No archived page elements
Hannousse_DOM,http://www.dianaimpex.com/js/page.html,dianaimpex.com,1,extraction_failed,No archived page elements
Hannousse_DOM,http://drcur.smevmail.com/index.php?id=6741e888c8eaa649c1a616ffd2104e6d&on=1&response_type=code&email=fofa@yahoo.com&date=1593272380&token=ebcd5b8338278a6cc45878eba0923930,smevmail.com,1,extraction_failed,No archived page elements
Hannousse_DOM,http://mail.toneelstukken.nl/~u43730p39181/pki-validation,toneelstukken.nl,1,extraction_failed,No archived page elements
Hannousse_DOM,http://casite-596081.cloudaccess.net/administrator/cache/help/customer_center/customer-IDPP00C941/myaccount/signin/,casite-596081.cloudaccess.net,1,extraction_failed,No archived page elements
Hannousse_DOM,https://bibliotecabayer.org.ar/wp-admin/oo/att/,bibliotecabayer.org.ar,1,extraction_failed,No archived page elements
Hannousse_DOM,http://mail.poeliersbedrijfhazenbroek.nl/~u43730p39181/pki-validation,poeliersbedrijfhazenbroek.nl,1,extraction_failed,No archived page elements
CompPhish,https://kwrztqftn2ov7qb.pages.dev/smart89/,kwrztqftn2ov7qb.pages.dev,1,extraction_failed,Archived HTML byte limit exceeded
CompPhish,https://eb2y9nmbzj.pages.dev/smart89/,eb2y9nmbzj.pages.dev,1,extraction_failed,Archived HTML byte limit exceeded
CompPhish,https://gamels-juanpinero35691709.codeanyapp.com/wp-admin/men/men/infospage.php,codeanyapp.com,1,extraction_failed,Missing archived HTML
CompPhish,https://www.dafont.com/,dafont.com,0,extraction_failed,Missing archived HTML
CompPhish,https://www.dreamstime.com/,dreamstime.com,0,extraction_failed,Missing archived HTML
CompPhish,https://www.usgs.gov/,usgs.gov,0,extraction_failed,Missing archived HTML
CompPhish,https://www.admin.ch/,admin.ch,0,extraction_failed,Missing archived HTML
CompPhish,https://www.usgs.gov/programs/earthquake-hazards,usgs.gov,0,extraction_failed,Missing archived HTML
CompPhish,https://www.advanceautoparts.com/,advanceautoparts.com,0,extraction_failed,Missing archived HTML
CompPhish,https://www.warhammer.com/home,warhammer.com,0,extraction_failed,Missing archived HTML
CompPhish,http://www.unipune.ac.in/,unipune.ac.in,0,extraction_failed,Unicode strings with encoding declaration are not supported. Please use bytes input or XML fragments without declaration.
