batch,end_index,phase,model_version,threshold,n,phishing,accuracy,precision,recall,f1,average_precision,roc_auc,false_positive_rate,tn,fp,fn,tp,seed,policy,delay_batches,scenario
0,400,A,0,0.5,400,203,1.0,1.0,1.0,1.0,1.0,1.0,0.0,197,0,0,203,17,fixed,0,source_switch
1,800,A,0,0.5,400,200,1.0,1.0,1.0,1.0,1.0,1.0,0.0,200,0,0,200,17,fixed,0,source_switch
2,1200,A,0,0.5,400,188,0.995,0.9946808510638298,0.9946808510638298,0.9946808510638298,0.9993537482600915,0.9993476515455639,0.0047169811320754715,211,1,1,187,17,fixed,0,source_switch
3,1600,A,0,0.5,400,200,0.9925,1.0,0.985,0.9924433249370277,0.9954830278069555,0.9932125,0.0,200,0,3,197,17,fixed,0,source_switch
4,2000,A,0,0.5,400,199,0.995,1.0,0.9899497487437185,0.9949494949494949,0.9999748743718593,0.9999749993749845,0.0,201,0,2,197,17,fixed,0,source_switch
5,2400,A,0,0.5,400,204,0.9975,0.9951219512195122,1.0,0.9975550122249389,1.0,1.0,0.00510204081632653,195,1,0,204,17,fixed,0,source_switch
6,2800,A,0,0.5,400,207,0.9925,0.9951456310679612,0.9903381642512077,0.9927360774818402,0.9973103917320488,0.9958699406773297,0.0051813471502590676,192,1,2,205,17,fixed,0,source_switch
7,3200,A,0,0.5,400,193,0.995,1.0,0.9896373056994818,0.9947916666666666,0.9982515053088574,0.9979099396761033,0.0,207,0,2,191,17,fixed,0,source_switch
8,3600,A,0,0.5,400,190,0.995,0.9947368421052631,0.9947368421052631,0.9947368421052631,0.9999451754385966,0.9999498746867168,0.004761904761904762,209,1,1,189,17,fixed,0,source_switch
9,4000,A,0,0.5,400,198,0.9875,0.9898477157360406,0.9848484848484849,0.9873417721518988,0.9974401339123812,0.9956370637063706,0.009900990099009901,200,2,3,195,17,fixed,0,source_switch
10,4400,A,0,0.5,400,204,0.9975,1.0,0.9950980392156863,0.9975429975429976,0.9981375528934977,0.9968987595038016,0.0,196,0,1,203,17,fixed,0,source_switch
11,4800,A,0,0.5,400,203,0.9975,1.0,0.9950738916256158,0.9975308641975309,0.9995783961301203,0.9995248931009477,0.0,197,0,1,202,17,fixed,0,source_switch
12,5200,A,0,0.5,400,211,0.9925,1.0,0.985781990521327,0.9928400954653938,0.9977486636075144,0.9954863461972465,0.0,189,0,3,208,17,fixed,0,source_switch
13,5600,B,0,0.5,400,204,0.505,0.507537688442211,0.9901960784313726,0.6710963455149501,0.4626935891968236,0.4052621048419368,1.0,0,196,2,202,17,fixed,0,source_switch
14,6000,B,0,0.5,400,200,0.4875,0.49363867684478374,0.97,0.654300168634064,0.48011913161338715,0.44556250000000003,0.995,1,199,6,194,17,fixed,0,source_switch
15,6400,B,0,0.5,400,212,0.5275,0.5289672544080605,0.9905660377358491,0.6896551724137931,0.4897356856025906,0.41929696908871944,0.9946808510638298,1,187,2,210,17,fixed,0,source_switch
16,6800,B,0,0.5,400,184,0.45,0.45454545454545453,0.9782608695652174,0.6206896551724138,0.4167671658889115,0.4192205112721417,1.0,0,216,4,180,17,fixed,0,source_switch
17,7200,B,0,0.5,400,215,0.53,0.5340050377833753,0.986046511627907,0.6928104575163399,0.4605532976686778,0.35454431175361406,1.0,0,185,3,212,17,fixed,0,source_switch
18,7600,B,0,0.5,400,217,0.52,0.5319693094629157,0.9585253456221198,0.6842105263157895,0.49782788011681633,0.4100249301201178,1.0,0,183,9,208,17,fixed,0,source_switch
19,8000,B,0,0.5,400,208,0.505,0.5126903553299492,0.9711538461538461,0.6710963455149501,0.4779504117606429,0.4127854567307693,1.0,0,192,6,202,17,fixed,0,source_switch
20,8400,B,0,0.5,400,204,0.505,0.507537688442211,0.9901960784313726,0.6710963455149501,0.4672894870881936,0.4141281512605042,1.0,0,196,2,202,17,fixed,0,source_switch
21,8800,B,0,0.5,400,204,0.5025,0.5063291139240507,0.9803921568627451,0.667779632721202,0.4961177298124294,0.4610719287715086,0.9948979591836735,1,195,4,200,17,fixed,0,source_switch
22,9200,B,0,0.5,400,194,0.48,0.48223350253807107,0.979381443298969,0.6462585034013606,0.41545531863711693,0.36281403262936646,0.9902912621359223,2,204,4,190,17,fixed,0,source_switch
23,9600,B,0,0.5,400,197,0.49,0.49122807017543857,0.9949238578680203,0.6577181208053692,0.44166820490229564,0.3992523317746493,1.0,0,203,1,196,17,fixed,0,source_switch
24,10000,B,0,0.5,400,179,0.4425,0.4444444444444444,0.9832402234636871,0.6121739130434782,0.38586523351722174,0.37117975681892873,0.995475113122172,1,220,3,176,17,fixed,0,source_switch
25,10400,B,0,0.5,400,195,0.48,0.4835443037974684,0.9794871794871794,0.6474576271186441,0.4085484677183199,0.34975609756097564,0.9951219512195122,1,204,4,191,17,fixed,0,source_switch
26,10800,B,0,0.5,400,189,0.4625,0.4671717171717172,0.9788359788359788,0.6324786324786325,0.42788818789998584,0.41011559968905936,1.0,0,211,4,185,17,fixed,0,source_switch
27,11200,B,0,0.5,400,206,0.51,0.5126262626262627,0.9854368932038835,0.6744186046511628,0.4864999573075983,0.43479131218096284,0.9948453608247423,1,193,3,203,17,fixed,0,source_switch
28,11600,B,0,0.5,400,186,0.4625,0.46365914786967416,0.9946236559139785,0.6324786324786325,0.4481672510818224,0.4596146115968244,1.0,0,214,1,185,17,fixed,0,source_switch
29,12000,B,0,0.5,400,206,0.51,0.5126903553299492,0.9805825242718447,0.6733333333333333,0.4532289093096148,0.3856971274146732,0.9896907216494846,2,192,4,202,17,fixed,0,source_switch
0,400,A,0,0.5,400,203,1.0,1.0,1.0,1.0,1.0,1.0,0.0,197,0,0,203,17,periodic,0,source_switch
1,800,A,0,0.5,400,200,1.0,1.0,1.0,1.0,1.0,1.0,0.0,200,0,0,200,17,periodic,0,source_switch
2,1200,A,0,0.5,400,188,0.995,0.9946808510638298,0.9946808510638298,0.9946808510638298,0.9993537482600915,0.9993476515455639,0.0047169811320754715,211,1,1,187,17,periodic,0,source_switch
3,1600,A,0,0.5,400,200,0.9925,1.0,0.985,0.9924433249370277,0.9954830278069555,0.9932124999999999,0.0,200,0,3,197,17,periodic,0,source_switch
4,2000,A,1,0.5,400,199,0.995,1.0,0.9899497487437185,0.9949494949494949,0.9999748743718593,0.9999749993749844,0.0,201,0,2,197,17,periodic,0,source_switch
5,2400,A,1,0.5,400,204,0.9975,0.9951219512195122,1.0,0.9975550122249389,1.0,1.0,0.00510204081632653,195,1,0,204,17,periodic,0,source_switch
6,2800,A,1,0.5,400,207,0.9925,0.9951456310679612,0.9903381642512077,0.9927360774818402,0.9983849800314518,0.9979224550073841,0.0051813471502590676,192,1,2,205,17,periodic,0,source_switch
7,3200,A,1,0.5,400,193,0.995,1.0,0.9896373056994818,0.9947916666666666,0.9974720809009135,0.9966208605541789,0.0,207,0,2,191,17,periodic,0,source_switch
8,3600,A,2,0.5,400,190,0.9975,1.0,0.9947368421052631,0.9973614775725593,1.0,1.0,0.0,210,0,1,189,17,periodic,0,source_switch
9,4000,A,2,0.5,400,198,0.9975,1.0,0.9949494949494949,0.9974683544303797,0.9976521976521975,0.9957245724572457,0.0,202,0,1,197,17,periodic,0,source_switch
10,4400,A,2,0.5,400,204,0.9975,1.0,0.9950980392156863,0.9975429975429976,0.997736561643127,0.9956357543017207,0.0,196,0,1,203,17,periodic,0,source_switch
11,4800,A,2,0.5,400,203,0.9975,1.0,0.9950738916256158,0.9975308641975309,0.999155524278677,0.9989497636968317,0.0,197,0,1,202,17,periodic,0,source_switch
12,5200,A,3,0.5,400,211,0.99,0.9952153110047847,0.985781990521327,0.9904761904761905,0.9978130365251049,0.9955866496150857,0.005291005291005291,188,1,3,208,17,periodic,0,source_switch
13,5600,B,3,0.5,400,204,0.505,0.507537688442211,0.9901960784313726,0.6710963455149501,0.4713516278684272,0.4204931972789116,1.0,0,196,2,202,17,periodic,0,source_switch
14,6000,B,3,0.5,400,200,0.49,0.4949238578680203,0.975,0.6565656565656566,0.5135235797352623,0.50155,0.995,1,199,5,195,17,periodic,0,source_switch
15,6400,B,3,0.5,400,212,0.5275,0.5289672544080605,0.9905660377358491,0.6896551724137931,0.4778448493302845,0.4135011039743075,0.9946808510638298,1,187,2,210,17,periodic,0,source_switch
16,6800,B,4,0.5,400,184,0.885,0.8349514563106796,0.9347826086956522,0.882051282051282,0.96100788905336,0.9565217391304348,0.1574074074074074,182,34,12,172,17,periodic,0,source_switch
17,7200,B,4,0.5,400,215,0.94,0.9360730593607306,0.9534883720930233,0.9447004608294931,0.9779633708494062,0.9723695788812068,0.07567567567567568,171,14,10,205,17,periodic,0,source_switch
18,7600,B,4,0.5,400,217,0.8725,0.8577586206896551,0.9170506912442397,0.8864142538975501,0.9530554662468871,0.9376243358263454,0.18032786885245902,150,33,18,199,17,periodic,0,source_switch
19,8000,B,4,0.5,400,208,0.9075,0.88,0.9519230769230769,0.9145496535796767,0.9674665288082971,0.9627654246794872,0.140625,165,27,10,198,17,periodic,0,source_switch
20,8400,B,5,0.5,400,204,0.9275,0.9186602870813397,0.9411764705882353,0.9297820823244553,0.9848511282329068,0.9832933173269307,0.08673469387755102,179,17,12,192,17,periodic,0,source_switch
21,8800,B,5,0.5,400,204,0.93,0.9489795918367347,0.9117647058823529,0.93,0.9831939426768741,0.9801920768307323,0.05102040816326531,186,10,18,186,17,periodic,0,source_switch
22,9200,B,5,0.5,400,194,0.9375,0.9424083769633508,0.9278350515463918,0.935064935064935,0.978583038452471,0.9767791011910719,0.05339805825242718,195,11,14,180,17,periodic,0,source_switch
23,9600,B,5,0.5,400,197,0.9275,0.9329896907216495,0.9187817258883249,0.9258312020460358,0.9784964461517409,0.9792203245730289,0.06403940886699508,190,13,16,181,17,periodic,0,source_switch
24,10000,B,6,0.5,400,179,0.955,0.9497206703910615,0.9497206703910615,0.9497206703910615,0.9830063819334169,0.9870067494122703,0.04072398190045249,212,9,9,170,17,periodic,0,source_switch
25,10400,B,6,0.5,400,195,0.9425,0.967391304347826,0.9128205128205128,0.9393139841688655,0.9877759743591294,0.988417761100688,0.02926829268292683,199,6,17,178,17,periodic,0,source_switch
26,10800,B,6,0.5,400,189,0.9325,0.9308510638297872,0.9259259259259259,0.9283819628647215,0.9839195262128125,0.9853557009955114,0.061611374407582936,198,13,14,175,17,periodic,0,source_switch
27,11200,B,6,0.5,400,206,0.9375,0.9547738693467337,0.9223300970873787,0.9382716049382716,0.9908219412753316,0.9897908117305575,0.04639175257731959,185,9,16,190,17,periodic,0,source_switch
28,11600,B,7,0.5,400,186,0.9325,0.9704142011834319,0.8817204301075269,0.923943661971831,0.984785944786389,0.9849261380765753,0.02336448598130841,209,5,22,164,17,periodic,0,source_switch
29,12000,B,7,0.5,400,206,0.9425,0.9420289855072463,0.9466019417475728,0.9443099273607748,0.9852159734758766,0.9856120508457613,0.061855670103092786,182,12,11,195,17,periodic,0,source_switch
0,400,A,0,0.5,400,203,1.0,1.0,1.0,1.0,1.0,1.0,0.0,197,0,0,203,17,drift,0,source_switch
1,800,A,0,0.5,400,200,1.0,1.0,1.0,1.0,1.0,1.0,0.0,200,0,0,200,17,drift,0,source_switch
2,1200,A,0,0.5,400,188,0.995,0.9946808510638298,0.9946808510638298,0.9946808510638298,0.9993537482600915,0.9993476515455639,0.0047169811320754715,211,1,1,187,17,drift,0,source_switch
3,1600,A,0,0.5,400,200,0.9925,1.0,0.985,0.9924433249370277,0.9954830278069555,0.9932125,0.0,200,0,3,197,17,drift,0,source_switch
4,2000,A,0,0.5,400,199,0.995,1.0,0.9899497487437185,0.9949494949494949,0.9999748743718593,0.9999749993749845,0.0,201,0,2,197,17,drift,0,source_switch
5,2400,A,0,0.5,400,204,0.9975,0.9951219512195122,1.0,0.9975550122249389,1.0,1.0,0.00510204081632653,195,1,0,204,17,drift,0,source_switch
6,2800,A,0,0.5,400,207,0.9925,0.9951456310679612,0.9903381642512077,0.9927360774818402,0.9973103917320488,0.9958699406773297,0.0051813471502590676,192,1,2,205,17,drift,0,source_switch
7,3200,A,0,0.5,400,193,0.995,1.0,0.9896373056994818,0.9947916666666666,0.9982515053088574,0.9979099396761033,0.0,207,0,2,191,17,drift,0,source_switch
8,3600,A,0,0.5,400,190,0.995,0.9947368421052631,0.9947368421052631,0.9947368421052631,0.9999451754385966,0.9999498746867168,0.004761904761904762,209,1,1,189,17,drift,0,source_switch
9,4000,A,0,0.5,400,198,0.9875,0.9898477157360406,0.9848484848484849,0.9873417721518988,0.9974401339123812,0.9956370637063706,0.009900990099009901,200,2,3,195,17,drift,0,source_switch
10,4400,A,0,0.5,400,204,0.9975,1.0,0.9950980392156863,0.9975429975429976,0.9981375528934977,0.9968987595038016,0.0,196,0,1,203,17,drift,0,source_switch
11,4800,A,0,0.5,400,203,0.9975,1.0,0.9950738916256158,0.9975308641975309,0.9995783961301203,0.9995248931009477,0.0,197,0,1,202,17,drift,0,source_switch
12,5200,A,0,0.5,400,211,0.9925,1.0,0.985781990521327,0.9928400954653938,0.9977486636075144,0.9954863461972465,0.0,189,0,3,208,17,drift,0,source_switch
13,5600,B,0,0.5,400,204,0.505,0.507537688442211,0.9901960784313726,0.6710963455149501,0.4627012578441,0.4052621048419368,1.0,0,196,2,202,17,drift,0,source_switch
14,6000,B,1,0.5,400,200,0.7925,0.7174721189591078,0.965,0.8230277185501066,0.9372281337585857,0.9303874999999999,0.38,124,76,7,193,17,drift,0,source_switch
15,6400,B,1,0.5,400,212,0.825,0.762962962962963,0.9716981132075472,0.8547717842323651,0.9597630762685079,0.9536079887595343,0.3404255319148936,124,64,6,206,17,drift,0,source_switch
16,6800,B,1,0.5,400,184,0.7825,0.688715953307393,0.9619565217391305,0.8027210884353742,0.9456268717241484,0.9417522141706924,0.37037037037037035,136,80,7,177,17,drift,0,source_switch
17,7200,B,1,0.5,400,215,0.8575,0.8015267175572519,0.9767441860465116,0.8805031446540881,0.9677639003627972,0.9612822124450031,0.2810810810810811,133,52,5,210,17,drift,0,source_switch
18,7600,B,1,0.5,400,217,0.75,0.7010309278350515,0.9400921658986175,0.8031496062992126,0.9281604624431723,0.9055803177960767,0.47540983606557374,96,87,13,204,17,drift,0,source_switch
19,8000,B,1,0.5,400,208,0.81,0.7426470588235294,0.9711538461538461,0.8416666666666667,0.943038167110018,0.9388020833333335,0.3645833333333333,122,70,6,202,17,drift,0,source_switch
20,8400,B,1,0.5,400,204,0.79,0.7142857142857143,0.9803921568627451,0.8264462809917356,0.9520355183289909,0.953468887555022,0.40816326530612246,116,80,4,200,17,drift,0,source_switch
21,8800,B,1,0.5,400,204,0.81,0.7461538461538462,0.9509803921568627,0.8362068965517241,0.9474501141215108,0.9369247699079633,0.336734693877551,130,66,10,194,17,drift,0,source_switch
22,9200,B,1,0.5,400,194,0.8,0.7175572519083969,0.9690721649484536,0.8245614035087719,0.9403467988797021,0.9405840256230608,0.3592233009708738,132,74,6,188,17,drift,0,source_switch
23,9600,B,1,0.5,400,197,0.8025,0.7185185185185186,0.9847715736040609,0.8308351177730193,0.9544161460787399,0.9554399739941486,0.37438423645320196,127,76,3,194,17,drift,0,source_switch
24,10000,B,1,0.5,400,179,0.81,0.710204081632653,0.9720670391061452,0.8207547169811321,0.9421064620792747,0.9476225384868171,0.3212669683257919,150,71,5,174,17,drift,0,source_switch
25,10400,B,1,0.5,400,195,0.84,0.7630522088353414,0.9743589743589743,0.8558558558558559,0.9476534413299657,0.947016885553471,0.28780487804878047,146,59,5,190,17,drift,0,source_switch
26,10800,B,1,0.5,400,189,0.7825,0.6931818181818182,0.9682539682539683,0.8079470198675497,0.934646261428865,0.9353795230572481,0.38388625592417064,130,81,6,183,17,drift,0,source_switch
27,11200,B,1,0.5,400,206,0.83,0.7613636363636364,0.9757281553398058,0.8553191489361702,0.9601937607989752,0.9571614453007706,0.3247422680412371,131,63,5,201,17,drift,0,source_switch
28,11600,B,1,0.5,400,186,0.7975,0.7075098814229249,0.9623655913978495,0.8154897494305239,0.9520723822666826,0.9557582152547482,0.34579439252336447,140,74,7,179,17,drift,0,source_switch
29,12000,B,1,0.5,400,206,0.805,0.7335766423357665,0.9757281553398058,0.8375,0.9524373905741347,0.946426784105695,0.37628865979381443,121,73,5,201,17,drift,0,source_switch
0,400,A,0,0.5,400,203,1.0,1.0,1.0,1.0,1.0,1.0,0.0,197,0,0,203,17,threshold,0,source_switch
1,800,A,0,0.5,400,200,1.0,1.0,1.0,1.0,1.0,1.0,0.0,200,0,0,200,17,threshold,0,source_switch
2,1200,A,0,0.5,400,188,0.995,0.9946808510638298,0.9946808510638298,0.9946808510638298,0.9993537482600915,0.9993476515455639,0.0047169811320754715,211,1,1,187,17,threshold,0,source_switch
3,1600,A,0,0.5,400,200,0.9925,1.0,0.985,0.9924433249370277,0.9954830278069555,0.9932125,0.0,200,0,3,197,17,threshold,0,source_switch
4,2000,A,0,0.4233982603815938,400,199,0.995,1.0,0.9899497487437185,0.9949494949494949,0.9999748743718593,0.9999749993749845,0.0,201,0,2,197,17,threshold,0,source_switch
5,2400,A,0,0.4233982603815938,400,204,0.9925,0.9855072463768116,1.0,0.9927007299270073,1.0,1.0,0.015306122448979591,193,3,0,204,17,threshold,0,source_switch
6,2800,A,0,0.4233982603815938,400,207,0.9925,0.9951456310679612,0.9903381642512077,0.9927360774818402,0.9973103917320488,0.9958699406773297,0.0051813471502590676,192,1,2,205,17,threshold,0,source_switch
7,3200,A,0,0.4233982603815938,400,193,0.9925,0.9947916666666666,0.9896373056994818,0.9922077922077922,0.9982515053088574,0.9979099396761033,0.004830917874396135,206,1,2,191,17,threshold,0,source_switch
8,3600,A,0,0.6344819624819624,400,190,0.9975,1.0,0.9947368421052631,0.9973614775725593,0.9999451754385966,0.9999498746867168,0.0,210,0,1,189,17,threshold,0,source_switch
9,4000,A,0,0.6344819624819624,400,198,0.9925,1.0,0.9848484848484849,0.9923664122137404,0.9974401339123812,0.9956370637063706,0.0,202,0,3,195,17,threshold,0,source_switch
10,4400,A,0,0.6344819624819624,400,204,0.9975,1.0,0.9950980392156863,0.9975429975429976,0.9981375528934977,0.9968987595038016,0.0,196,0,1,203,17,threshold,0,source_switch
11,4800,A,0,0.6344819624819624,400,203,0.9975,1.0,0.9950738916256158,0.9975308641975309,0.9995783961301203,0.9995248931009477,0.0,197,0,1,202,17,threshold,0,source_switch
12,5200,A,0,0.6646785714285715,400,211,0.9925,1.0,0.985781990521327,0.9928400954653938,0.9977486636075144,0.9954863461972465,0.0,189,0,3,208,17,threshold,0,source_switch
13,5600,B,0,0.6646785714285715,400,204,0.4925,0.5012722646310432,0.9656862745098039,0.6599664991624791,0.4626852097766794,0.40522458983593435,1.0,0,196,7,197,17,threshold,0,source_switch
14,6000,B,0,0.6646785714285715,400,200,0.4775,0.4884318766066838,0.95,0.6451612903225806,0.48009554416679984,0.44550000000000006,0.995,1,199,10,190,17,threshold,0,source_switch
15,6400,B,0,0.6646785714285715,400,212,0.52,0.5253807106598984,0.9764150943396226,0.6831683168316832,0.4897356856025906,0.41928442392613413,0.9946808510638298,1,187,5,207,17,threshold,0,source_switch
16,6800,B,0,0.5409285714285715,400,184,0.4475,0.4531645569620253,0.9728260869565217,0.6183074265975821,0.4167671658889115,0.4192205112721417,1.0,0,216,5,179,17,threshold,0,source_switch
17,7200,B,0,0.5409285714285715,400,215,0.5275,0.5328282828282829,0.9813953488372092,0.690671031096563,0.4605688443186501,0.3547203016970458,1.0,0,185,4,211,17,threshold,0,source_switch
18,7600,B,0,0.5409285714285715,400,217,0.52,0.5319693094629157,0.9585253456221198,0.6842105263157895,0.49782788011681633,0.41001233915036134,1.0,0,183,9,208,17,threshold,0,source_switch
19,8000,B,0,0.5409285714285715,400,208,0.5025,0.5114503816793893,0.9663461538461539,0.6688851913477537,0.4778408612133315,0.41274789663461536,1.0,0,192,7,201,17,threshold,0,source_switch
20,8400,B,0,0.32364246031746036,400,204,0.5075,0.5087719298245614,0.9950980392156863,0.6733001658374793,0.4672816587536078,0.4141156462585034,1.0,0,196,1,203,17,threshold,0,source_switch
21,8800,B,0,0.32364246031746036,400,204,0.505,0.5075757575757576,0.9852941176470589,0.67,0.4961660735662531,0.4612720088035214,0.9948979591836735,1,195,3,201,17,threshold,0,source_switch
22,9200,B,0,0.32364246031746036,400,194,0.48,0.48223350253807107,0.979381443298969,0.6462585034013606,0.4154330470338553,0.36277649884896407,0.9902912621359223,2,204,4,190,17,threshold,0,source_switch
23,9600,B,0,0.32364246031746036,400,197,0.49,0.49122807017543857,0.9949238578680203,0.6577181208053692,0.44166820490229564,0.3992523317746493,1.0,0,203,1,196,17,threshold,0,source_switch
24,10000,B,0,0.005269019979654225,400,179,0.4475,0.4475,1.0,0.6183074265975821,0.38586523351722174,0.3712050355165702,1.0,0,221,0,179,17,threshold,0,source_switch
25,10400,B,0,0.005269019979654225,400,195,0.4875,0.4875,1.0,0.6554621848739496,0.40862889916729395,0.34984365228267666,1.0,0,205,0,195,17,threshold,0,source_switch
26,10800,B,0,0.005269019979654225,400,189,0.47,0.47117794486215536,0.9947089947089947,0.6394557823129252,0.42788818789998584,0.41011559968905936,1.0,0,211,1,188,17,threshold,0,source_switch
27,11200,B,0,0.005269019979654225,400,206,0.515,0.515,1.0,0.6798679867986799,0.486493002891787,0.43477880092082877,1.0,0,194,0,206,17,threshold,0,source_switch
28,11600,B,0,0.0017289654845782454,400,186,0.465,0.465,1.0,0.6348122866894198,0.4481587556393932,0.45960205004522153,1.0,0,214,0,186,17,threshold,0,source_switch
29,12000,B,0,0.0017289654845782454,400,206,0.515,0.515,1.0,0.6798679867986799,0.4532289093096148,0.3856971274146732,1.0,0,194,0,206,17,threshold,0,source_switch
0,400,A,0,0.5,400,203,1.0,1.0,1.0,1.0,1.0,1.0,0.0,197,0,0,203,17,fixed,2,source_switch
1,800,A,0,0.5,400,200,1.0,1.0,1.0,1.0,1.0,1.0,0.0,200,0,0,200,17,fixed,2,source_switch
2,1200,A,0,0.5,400,188,0.995,0.9946808510638298,0.9946808510638298,0.9946808510638298,0.9993537482600915,0.9993476515455639,0.0047169811320754715,211,1,1,187,17,fixed,2,source_switch
3,1600,A,0,0.5,400,200,0.9925,1.0,0.985,0.9924433249370277,0.9954830278069555,0.9932125,0.0,200,0,3,197,17,fixed,2,source_switch
4,2000,A,0,0.5,400,199,0.995,1.0,0.9899497487437185,0.9949494949494949,0.9999748743718593,0.9999749993749845,0.0,201,0,2,197,17,fixed,2,source_switch
5,2400,A,0,0.5,400,204,0.9975,0.9951219512195122,1.0,0.9975550122249389,1.0,1.0,0.00510204081632653,195,1,0,204,17,fixed,2,source_switch
6,2800,A,0,0.5,400,207,0.9925,0.9951456310679612,0.9903381642512077,0.9927360774818402,0.9973103917320488,0.9958699406773297,0.0051813471502590676,192,1,2,205,17,fixed,2,source_switch
7,3200,A,0,0.5,400,193,0.995,1.0,0.9896373056994818,0.9947916666666666,0.9982515053088574,0.9979099396761033,0.0,207,0,2,191,17,fixed,2,source_switch
8,3600,A,0,0.5,400,190,0.995,0.9947368421052631,0.9947368421052631,0.9947368421052631,0.9999451754385966,0.9999498746867168,0.004761904761904762,209,1,1,189,17,fixed,2,source_switch
9,4000,A,0,0.5,400,198,0.9875,0.9898477157360406,0.9848484848484849,0.9873417721518988,0.9974401339123812,0.9956370637063706,0.009900990099009901,200,2,3,195,17,fixed,2,source_switch
10,4400,A,0,0.5,400,204,0.9975,1.0,0.9950980392156863,0.9975429975429976,0.9981375528934977,0.9968987595038016,0.0,196,0,1,203,17,fixed,2,source_switch
11,4800,A,0,0.5,400,203,0.9975,1.0,0.9950738916256158,0.9975308641975309,0.9995783961301203,0.9995248931009477,0.0,197,0,1,202,17,fixed,2,source_switch
12,5200,A,0,0.5,400,211,0.9925,1.0,0.985781990521327,0.9928400954653938,0.9977486636075144,0.9954863461972465,0.0,189,0,3,208,17,fixed,2,source_switch
13,5600,B,0,0.5,400,204,0.505,0.507537688442211,0.9901960784313726,0.6710963455149501,0.4626852097766794,0.40522458983593435,1.0,0,196,2,202,17,fixed,2,source_switch
14,6000,B,0,0.5,400,200,0.4875,0.49363867684478374,0.97,0.654300168634064,0.4800889224510014,0.4455375,0.995,1,199,6,194,17,fixed,2,source_switch
15,6400,B,0,0.5,400,212,0.5275,0.5289672544080605,0.9905660377358491,0.6896551724137931,0.48966346130942096,0.4190962464873545,0.9946808510638298,1,187,2,210,17,fixed,2,source_switch
16,6800,B,0,0.5,400,184,0.45,0.45454545454545453,0.9782608695652174,0.6206896551724138,0.41674414203593224,0.419182769726248,1.0,0,216,4,180,17,fixed,2,source_switch
17,7200,B,0,0.5,400,215,0.53,0.5340050377833753,0.986046511627907,0.6928104575163399,0.46059624994402937,0.35473287240729096,1.0,0,185,3,212,17,fixed,2,source_switch
18,7600,B,0,0.5,400,217,0.52,0.5319693094629157,0.9585253456221198,0.6842105263157895,0.49782788011681633,0.41001233915036134,1.0,0,183,9,208,17,fixed,2,source_switch
19,8000,B,0,0.5,400,208,0.505,0.5126903553299492,0.9711538461538461,0.6710963455149501,0.4779504117606429,0.4127854567307693,1.0,0,192,6,202,17,fixed,2,source_switch
20,8400,B,0,0.5,400,204,0.505,0.507537688442211,0.9901960784313726,0.6710963455149501,0.4672747690081559,0.4141031412565026,1.0,0,196,2,202,17,fixed,2,source_switch
21,8800,B,0,0.5,400,204,0.5025,0.5063291139240507,0.9803921568627451,0.667779632721202,0.4961660735662531,0.4612720088035214,0.9948979591836735,1,195,4,200,17,fixed,2,source_switch
22,9200,B,0,0.5,400,194,0.48,0.48223350253807107,0.979381443298969,0.6462585034013606,0.4154330470338553,0.36277649884896407,0.9902912621359223,2,204,4,190,17,fixed,2,source_switch
23,9600,B,0,0.5,400,197,0.49,0.49122807017543857,0.9949238578680203,0.6577181208053692,0.44166820490229564,0.3992523317746493,1.0,0,203,1,196,17,fixed,2,source_switch
24,10000,B,0,0.5,400,179,0.4425,0.4444444444444444,0.9832402234636871,0.6121739130434782,0.38586523351722174,0.3712050355165702,0.995475113122172,1,220,3,176,17,fixed,2,source_switch
25,10400,B,0,0.5,400,195,0.48,0.4835443037974684,0.9794871794871794,0.6474576271186441,0.4086026035984841,0.3498061288305191,0.9951219512195122,1,204,4,191,17,fixed,2,source_switch
26,10800,B,0,0.5,400,189,0.4625,0.4671717171717172,0.9788359788359788,0.6324786324786325,0.4279249062017644,0.4101782893252087,1.0,0,211,4,185,17,fixed,2,source_switch
27,11200,B,0,0.5,400,206,0.51,0.5126262626262627,0.9854368932038835,0.6744186046511628,0.486493002891787,0.43477880092082877,0.9948453608247423,1,193,3,203,17,fixed,2,source_switch
28,11600,B,0,0.5,400,186,0.4625,0.46365914786967416,0.9946236559139785,0.6324786324786325,0.4481788086722243,0.4596146115968244,1.0,0,214,1,185,17,fixed,2,source_switch
29,12000,B,0,0.5,400,206,0.51,0.5126903553299492,0.9805825242718447,0.6733333333333333,0.4532063700910187,0.38560954859373436,0.9896907216494846,2,192,4,202,17,fixed,2,source_switch
0,400,A,0,0.5,400,203,1.0,1.0,1.0,1.0,1.0,1.0,0.0,197,0,0,203,17,periodic,2,source_switch
1,800,A,0,0.5,400,200,1.0,1.0,1.0,1.0,1.0,1.0,0.0,200,0,0,200,17,periodic,2,source_switch
2,1200,A,0,0.5,400,188,0.995,0.9946808510638298,0.9946808510638298,0.9946808510638298,0.9993537482600915,0.9993476515455639,0.0047169811320754715,211,1,1,187,17,periodic,2,source_switch
3,1600,A,0,0.5,400,200,0.9925,1.0,0.985,0.9924433249370277,0.9954830278069555,0.9932124999999999,0.0,200,0,3,197,17,periodic,2,source_switch
4,2000,A,0,0.5,400,199,0.995,1.0,0.9899497487437185,0.9949494949494949,0.9999748743718593,0.9999749993749845,0.0,201,0,2,197,17,periodic,2,source_switch
5,2400,A,0,0.5,400,204,0.9975,0.9951219512195122,1.0,0.9975550122249389,1.0,1.0,0.00510204081632653,195,1,0,204,17,periodic,2,source_switch
6,2800,A,1,0.5,400,207,0.9925,0.9951456310679612,0.9903381642512077,0.9927360774818402,0.9983849800314518,0.9979224550073841,0.0051813471502590676,192,1,2,205,17,periodic,2,source_switch
7,3200,A,1,0.5,400,193,0.995,1.0,0.9896373056994818,0.9947916666666666,0.9974720809009137,0.9966208605541789,0.0,207,0,2,191,17,periodic,2,source_switch
8,3600,A,1,0.5,400,190,0.9975,1.0,0.9947368421052631,0.9973614775725593,0.9999724441995039,0.9999749373433584,0.0,210,0,1,189,17,periodic,2,source_switch
9,4000,A,1,0.5,400,198,0.9925,1.0,0.9848484848484849,0.9923664122137404,0.9975468958147354,0.9955745574557455,0.0,202,0,3,195,17,periodic,2,source_switch
10,4400,A,2,0.5,400,204,0.9975,1.0,0.9950980392156863,0.9975429975429976,0.997736561643127,0.9956357543017207,0.0,196,0,1,203,17,periodic,2,source_switch
11,4800,A,2,0.5,400,203,0.9975,1.0,0.9950738916256158,0.9975308641975309,0.999155524278677,0.9989497636968317,0.0,197,0,1,202,17,periodic,2,source_switch
12,5200,A,2,0.5,400,211,0.9925,1.0,0.985781990521327,0.9928400954653938,0.9978288757718456,0.9955866496150857,0.0,189,0,3,208,17,periodic,2,source_switch
13,5600,B,2,0.5,400,204,0.505,0.507537688442211,0.9901960784313726,0.6710963455149501,0.44998119208829324,0.38195278111244496,1.0,0,196,2,202,17,periodic,2,source_switch
14,6000,B,3,0.5,400,200,0.49,0.4949238578680203,0.975,0.6565656565656566,0.5135235797352623,0.50155,0.995,1,199,5,195,17,periodic,2,source_switch
15,6400,B,3,0.5,400,212,0.5275,0.5289672544080605,0.9905660377358491,0.6896551724137931,0.4778448493302845,0.4135011039743075,0.9946808510638298,1,187,2,210,17,periodic,2,source_switch
16,6800,B,3,0.5,400,184,0.4525,0.45591939546599497,0.9836956521739131,0.6230636833046471,0.4581507835478789,0.4848153180354267,1.0,0,216,3,181,17,periodic,2,source_switch
17,7200,B,3,0.5,400,215,0.53,0.5340050377833753,0.986046511627907,0.6928104575163399,0.4965588937358677,0.4236455059710873,1.0,0,185,3,212,17,periodic,2,source_switch
18,7600,B,4,0.5,400,217,0.8725,0.8577586206896551,0.9170506912442397,0.8864142538975501,0.9530554662468871,0.9376243358263454,0.18032786885245902,150,33,18,199,17,periodic,2,source_switch
19,8000,B,4,0.5,400,208,0.9075,0.88,0.9519230769230769,0.9145496535796767,0.9674665288082971,0.9627654246794872,0.140625,165,27,10,198,17,periodic,2,source_switch
20,8400,B,4,0.5,400,204,0.9175,0.8834080717488789,0.9656862745098039,0.9227166276346604,0.9749945501989578,0.9743647458983593,0.1326530612244898,170,26,7,197,17,periodic,2,source_switch
21,8800,B,4,0.5,400,204,0.9025,0.8909952606635071,0.9215686274509803,0.9060240963855422,0.9676250645695341,0.959108643457383,0.11734693877551021,173,23,16,188,17,periodic,2,source_switch
22,9200,B,5,0.5,400,194,0.9375,0.9424083769633508,0.9278350515463918,0.935064935064935,0.978583038452471,0.9767791011910719,0.05339805825242718,195,11,14,180,17,periodic,2,source_switch
23,9600,B,5,0.5,400,197,0.9275,0.9329896907216495,0.9187817258883249,0.9258312020460358,0.9784964461517409,0.9792203245730289,0.06403940886699508,190,13,16,181,17,periodic,2,source_switch
24,10000,B,5,0.5,400,179,0.93,0.9171270718232044,0.9273743016759777,0.9222222222222223,0.9774879341871019,0.9814959933264239,0.06787330316742081,206,15,13,166,17,periodic,2,source_switch
25,10400,B,5,0.5,400,195,0.9425,0.9623655913978495,0.9179487179487179,0.9396325459317585,0.9774220067549179,0.9774108818011258,0.03414634146341464,198,7,16,179,17,periodic,2,source_switch
26,10800,B,6,0.5,400,189,0.9325,0.9308510638297872,0.9259259259259259,0.9283819628647215,0.9839195262128125,0.9853557009955114,0.061611374407582936,198,13,14,175,17,periodic,2,source_switch
27,11200,B,6,0.5,400,206,0.9375,0.9547738693467337,0.9223300970873787,0.9382716049382716,0.9908219412753316,0.9897908117305575,0.04639175257731959,185,9,16,190,17,periodic,2,source_switch
28,11600,B,6,0.5,400,186,0.9325,0.9542857142857143,0.8978494623655914,0.925207756232687,0.9832230121454408,0.9838960908451413,0.037383177570093455,206,8,19,167,17,periodic,2,source_switch
29,12000,B,6,0.5,400,206,0.945,0.9509803921568627,0.941747572815534,0.9463414634146341,0.9871299253511799,0.9870883795415875,0.05154639175257732,184,10,12,194,17,periodic,2,source_switch
0,400,A,0,0.5,400,203,1.0,1.0,1.0,1.0,1.0,1.0,0.0,197,0,0,203,17,drift,2,source_switch
1,800,A,0,0.5,400,200,1.0,1.0,1.0,1.0,1.0,1.0,0.0,200,0,0,200,17,drift,2,source_switch
2,1200,A,0,0.5,400,188,0.995,0.9946808510638298,0.9946808510638298,0.9946808510638298,0.9993537482600915,0.9993476515455639,0.0047169811320754715,211,1,1,187,17,drift,2,source_switch
3,1600,A,0,0.5,400,200,0.9925,1.0,0.985,0.9924433249370277,0.9954830278069555,0.9932125,0.0,200,0,3,197,17,drift,2,source_switch
4,2000,A,0,0.5,400,199,0.995,1.0,0.9899497487437185,0.9949494949494949,0.9999748743718593,0.9999749993749845,0.0,201,0,2,197,17,drift,2,source_switch
5,2400,A,0,0.5,400,204,0.9975,0.9951219512195122,1.0,0.9975550122249389,1.0,1.0,0.00510204081632653,195,1,0,204,17,drift,2,source_switch
6,2800,A,0,0.5,400,207,0.9925,0.9951456310679612,0.9903381642512077,0.9927360774818402,0.9973103917320488,0.9958699406773297,0.0051813471502590676,192,1,2,205,17,drift,2,source_switch
7,3200,A,0,0.5,400,193,0.995,1.0,0.9896373056994818,0.9947916666666666,0.9982515053088574,0.9979099396761033,0.0,207,0,2,191,17,drift,2,source_switch
8,3600,A,0,0.5,400,190,0.995,0.9947368421052631,0.9947368421052631,0.9947368421052631,0.9999451754385966,0.9999498746867168,0.004761904761904762,209,1,1,189,17,drift,2,source_switch
9,4000,A,0,0.5,400,198,0.9875,0.9898477157360406,0.9848484848484849,0.9873417721518988,0.9974401339123812,0.9956370637063706,0.009900990099009901,200,2,3,195,17,drift,2,source_switch
10,4400,A,0,0.5,400,204,0.9975,1.0,0.9950980392156863,0.9975429975429976,0.9981375528934977,0.9968987595038016,0.0,196,0,1,203,17,drift,2,source_switch
11,4800,A,0,0.5,400,203,0.9975,1.0,0.9950738916256158,0.9975308641975309,0.9995783961301203,0.9995248931009477,0.0,197,0,1,202,17,drift,2,source_switch
12,5200,A,0,0.5,400,211,0.9925,1.0,0.985781990521327,0.9928400954653938,0.9977486636075144,0.9954863461972465,0.0,189,0,3,208,17,drift,2,source_switch
13,5600,B,0,0.5,400,204,0.505,0.507537688442211,0.9901960784313726,0.6710963455149501,0.4627012578441,0.4052621048419368,1.0,0,196,2,202,17,drift,2,source_switch
14,6000,B,0,0.5,400,200,0.4875,0.49363867684478374,0.97,0.654300168634064,0.48007857943523247,0.44551250000000003,0.995,1,199,6,194,17,drift,2,source_switch
15,6400,B,0,0.5,400,212,0.5275,0.5289672544080605,0.9905660377358491,0.6896551724137931,0.4897356856025906,0.41928442392613413,0.9946808510638298,1,187,2,210,17,drift,2,source_switch
16,6800,B,1,0.5,400,184,0.7825,0.688715953307393,0.9619565217391305,0.8027210884353742,0.9456268717241484,0.9417522141706924,0.37037037037037035,136,80,7,177,17,drift,2,source_switch
17,7200,B,1,0.5,400,215,0.8575,0.8015267175572519,0.9767441860465116,0.8805031446540881,0.9677604163457255,0.9612822124450031,0.2810810810810811,133,52,5,210,17,drift,2,source_switch
18,7600,B,1,0.5,400,217,0.75,0.7010309278350515,0.9400921658986175,0.8031496062992126,0.9281613896654924,0.9055803177960766,0.47540983606557374,96,87,13,204,17,drift,2,source_switch
19,8000,B,1,0.5,400,208,0.81,0.7426470588235294,0.9711538461538461,0.8416666666666667,0.943038167110018,0.9388020833333335,0.3645833333333333,122,70,6,202,17,drift,2,source_switch
20,8400,B,1,0.5,400,204,0.79,0.7142857142857143,0.9803921568627451,0.8264462809917356,0.9520355183289909,0.953468887555022,0.40816326530612246,116,80,4,200,17,drift,2,source_switch
21,8800,B,1,0.5,400,204,0.81,0.7461538461538462,0.9509803921568627,0.8362068965517241,0.9474501141215108,0.9369247699079633,0.336734693877551,130,66,10,194,17,drift,2,source_switch
22,9200,B,1,0.5,400,194,0.8,0.7175572519083969,0.9690721649484536,0.8245614035087719,0.9403467988797021,0.9405840256230608,0.3592233009708738,132,74,6,188,17,drift,2,source_switch
23,9600,B,1,0.5,400,197,0.8025,0.7185185185185186,0.9847715736040609,0.8308351177730193,0.9544161460787398,0.9554399739941487,0.37438423645320196,127,76,3,194,17,drift,2,source_switch
24,10000,B,1,0.5,400,179,0.81,0.710204081632653,0.9720670391061452,0.8207547169811321,0.9421064620792747,0.9476225384868171,0.3212669683257919,150,71,5,174,17,drift,2,source_switch
25,10400,B,1,0.5,400,195,0.84,0.7630522088353414,0.9743589743589743,0.8558558558558559,0.9476534413299657,0.947016885553471,0.28780487804878047,146,59,5,190,17,drift,2,source_switch
26,10800,B,1,0.5,400,189,0.7825,0.6931818181818182,0.9682539682539683,0.8079470198675497,0.934646261428865,0.9353795230572481,0.38388625592417064,130,81,6,183,17,drift,2,source_switch
27,11200,B,1,0.5,400,206,0.83,0.7613636363636364,0.9757281553398058,0.8553191489361702,0.9601971180304755,0.9571614453007706,0.3247422680412371,131,63,5,201,17,drift,2,source_switch
28,11600,B,1,0.5,400,186,0.7975,0.7075098814229249,0.9623655913978495,0.8154897494305239,0.9520723822666826,0.9557582152547482,0.34579439252336447,140,74,7,179,17,drift,2,source_switch
29,12000,B,1,0.5,400,206,0.805,0.7335766423357665,0.9757281553398058,0.8375,0.9524373905741347,0.946426784105695,0.37628865979381443,121,73,5,201,17,drift,2,source_switch
0,400,A,0,0.5,400,203,1.0,1.0,1.0,1.0,1.0,1.0,0.0,197,0,0,203,17,threshold,2,source_switch
1,800,A,0,0.5,400,200,1.0,1.0,1.0,1.0,1.0,1.0,0.0,200,0,0,200,17,threshold,2,source_switch
2,1200,A,0,0.5,400,188,0.995,0.9946808510638298,0.9946808510638298,0.9946808510638298,0.9993537482600915,0.9993476515455639,0.0047169811320754715,211,1,1,187,17,threshold,2,source_switch
3,1600,A,0,0.5,400,200,0.9925,1.0,0.985,0.9924433249370277,0.9954830278069555,0.9932125,0.0,200,0,3,197,17,threshold,2,source_switch
4,2000,A,0,0.5,400,199,0.995,1.0,0.9899497487437185,0.9949494949494949,0.9999748743718593,0.9999749993749845,0.0,201,0,2,197,17,threshold,2,source_switch
5,2400,A,0,0.5,400,204,0.9975,0.9951219512195122,1.0,0.9975550122249389,1.0,1.0,0.00510204081632653,195,1,0,204,17,threshold,2,source_switch
6,2800,A,0,0.4233982603815938,400,207,0.9925,0.9951456310679612,0.9903381642512077,0.9927360774818402,0.9973103917320488,0.9958699406773297,0.0051813471502590676,192,1,2,205,17,threshold,2,source_switch
7,3200,A,0,0.4233982603815938,400,193,0.9925,0.9947916666666666,0.9896373056994818,0.9922077922077922,0.9982515053088574,0.9979099396761033,0.004830917874396135,206,1,2,191,17,threshold,2,source_switch
8,3600,A,0,0.4233982603815938,400,190,0.995,0.9947368421052631,0.9947368421052631,0.9947368421052631,0.9999451754385966,0.9999498746867168,0.004761904761904762,209,1,1,189,17,threshold,2,source_switch
9,4000,A,0,0.4233982603815938,400,198,0.985,0.98,0.98989898989899,0.9849246231155779,0.9974401339123812,0.9956370637063706,0.019801980198019802,198,4,2,196,17,threshold,2,source_switch
10,4400,A,0,0.6344819624819624,400,204,0.9975,1.0,0.9950980392156863,0.9975429975429976,0.9981375528934977,0.9968987595038016,0.0,196,0,1,203,17,threshold,2,source_switch
11,4800,A,0,0.6344819624819624,400,203,0.9975,1.0,0.9950738916256158,0.9975308641975309,0.9995783961301203,0.9995248931009477,0.0,197,0,1,202,17,threshold,2,source_switch
12,5200,A,0,0.6344819624819624,400,211,0.9925,1.0,0.985781990521327,0.9928400954653938,0.9977486636075144,0.9954863461972465,0.0,189,0,3,208,17,threshold,2,source_switch
13,5600,B,0,0.6344819624819624,400,204,0.5,0.5050505050505051,0.9803921568627451,0.6666666666666666,0.4627012578441,0.4052621048419368,1.0,0,196,4,200,17,threshold,2,source_switch
14,6000,B,0,0.6646785714285715,400,200,0.4775,0.4884318766066838,0.95,0.6451612903225806,0.4800889224510014,0.4455375,0.995,1,199,10,190,17,threshold,2,source_switch
15,6400,B,0,0.6646785714285715,400,212,0.52,0.5253807106598984,0.9764150943396226,0.6831683168316832,0.4897281361215104,0.4192342432757929,0.9946808510638298,1,187,5,207,17,threshold,2,source_switch
16,6800,B,0,0.6646785714285715,400,184,0.44,0.4489795918367347,0.9565217391304348,0.6111111111111112,0.4167389515317184,0.4192205112721417,1.0,0,216,8,176,17,threshold,2,source_switch
17,7200,B,0,0.6646785714285715,400,215,0.525,0.5316455696202531,0.9767441860465116,0.6885245901639344,0.46058601781345876,0.35482086737900687,1.0,0,185,5,210,17,threshold,2,source_switch
18,7600,B,0,0.5409285714285715,400,217,0.52,0.5319693094629157,0.9585253456221198,0.6842105263157895,0.49782788011681633,0.4100249301201178,1.0,0,183,9,208,17,threshold,2,source_switch
19,8000,B,0,0.5409285714285715,400,208,0.5025,0.5114503816793893,0.9663461538461539,0.6688851913477537,0.477809954619925,0.4126978165064103,1.0,0,192,7,201,17,threshold,2,source_switch
20,8400,B,0,0.5409285714285715,400,204,0.505,0.507537688442211,0.9901960784313726,0.6710963455149501,0.4672894870881936,0.4141281512605042,1.0,0,196,2,202,17,threshold,2,source_switch
21,8800,B,0,0.5409285714285715,400,204,0.5,0.5050761421319797,0.9754901960784313,0.6655518394648829,0.49624426680537015,0.46148459383753504,0.9948979591836735,1,195,5,199,17,threshold,2,source_switch
22,9200,B,0,0.32364246031746036,400,194,0.48,0.48223350253807107,0.979381443298969,0.6462585034013606,0.4154405614962762,0.3628265438895006,0.9902912621359223,2,204,4,190,17,threshold,2,source_switch
23,9600,B,0,0.32364246031746036,400,197,0.49,0.49122807017543857,0.9949238578680203,0.6577181208053692,0.44166820490229564,0.3992523317746493,1.0,0,203,1,196,17,threshold,2,source_switch
24,10000,B,0,0.32364246031746036,400,179,0.4425,0.4444444444444444,0.9832402234636871,0.6121739130434782,0.3858541833262937,0.37117975681892873,0.995475113122172,1,220,3,176,17,threshold,2,source_switch
25,10400,B,0,0.32364246031746036,400,195,0.4825,0.48484848484848486,0.9846153846153847,0.649746192893401,0.40863563930142266,0.34985616010006254,0.9951219512195122,1,204,3,192,17,threshold,2,source_switch
26,10800,B,0,0.005269019979654225,400,189,0.47,0.47117794486215536,0.9947089947089947,0.6394557823129252,0.42796406041282686,0.4102284410341282,1.0,0,211,1,188,17,threshold,2,source_switch
27,11200,B,0,0.005269019979654225,400,206,0.515,0.515,1.0,0.6798679867986799,0.4864413606691057,0.4346912220998899,1.0,0,194,0,206,17,threshold,2,source_switch
28,11600,B,0,0.005269019979654225,400,186,0.465,0.465,1.0,0.6348122866894198,0.4481788086722243,0.4596146115968244,1.0,0,214,0,186,17,threshold,2,source_switch
29,12000,B,0,0.005269019979654225,400,206,0.515,0.515,1.0,0.6798679867986799,0.4532362590257024,0.3856971274146732,1.0,0,194,0,206,17,threshold,2,source_switch
0,400,A,0,0.5,400,220,0.9975,1.0,0.9954545454545455,0.9977220956719818,0.9988559059987632,0.998131313131313,0.0,180,0,1,219,42,fixed,0,source_switch
1,800,A,0,0.5,400,184,0.9925,1.0,0.9836956521739131,0.9917808219178083,0.9981689859266829,0.997710346215781,0.0,216,0,3,181,42,fixed,0,source_switch
2,1200,A,0,0.5,400,190,0.9975,1.0,0.9947368421052631,0.9973614775725593,0.9998650472334683,0.999874686716792,0.0,210,0,1,189,42,fixed,0,source_switch
3,1600,A,0,0.5,400,201,1.0,1.0,1.0,1.0,1.0,0.9999999999999999,0.0,199,0,0,201,42,fixed,0,source_switch
4,2000,A,0,0.5,400,202,0.9975,1.0,0.995049504950495,0.9975186104218362,0.9998341939457104,0.9998249824982498,0.0,198,0,1,201,42,fixed,0,source_switch
5,2400,A,0,0.5,400,193,1.0,1.0,1.0,1.0,1.0,1.0,0.0,207,0,0,193,42,fixed,0,source_switch
6,2800,A,0,0.5,400,196,0.9925,0.9948717948717949,0.9897959183673469,0.9923273657289002,0.9997417565989528,0.999749899959984,0.004901960784313725,203,1,2,194,42,fixed,0,source_switch
7,3200,A,0,0.5,400,198,0.99,1.0,0.9797979797979798,0.9897959183673469,0.9979152154480243,0.9972497249724972,0.0,202,0,4,194,42,fixed,0,source_switch
8,3600,A,0,0.5,400,209,0.9925,1.0,0.9856459330143541,0.9927710843373494,0.9999322921368601,0.9999248478168291,0.0,191,0,3,206,42,fixed,0,source_switch
9,4000,A,0,0.5,400,201,0.9925,0.995,0.9900497512437811,0.9925187032418953,0.9999007425619117,0.9998999974999374,0.005025125628140704,198,1,2,199,42,fixed,0,source_switch
10,4400,A,0,0.5,400,189,1.0,1.0,1.0,1.0,1.0,1.0,0.0,211,0,0,189,42,fixed,0,source_switch
11,4800,A,0,0.5,400,202,0.9925,1.0,0.9851485148514851,0.9925187032418953,0.996720663382005,0.9953870387038702,0.0,198,0,3,199,42,fixed,0,source_switch
12,5200,A,0,0.5,400,204,0.995,1.0,0.9901960784313726,0.9950738916256158,0.9998349042032497,0.9998249299719888,0.0,196,0,2,202,42,fixed,0,source_switch
13,5600,A,0,0.5,400,208,0.9975,1.0,0.9951923076923077,0.9975903614457832,0.9986052769755841,0.9978715945512822,0.0,192,0,1,207,42,fixed,0,source_switch
14,6000,A,0,0.5,400,203,0.9925,1.0,0.9852216748768473,0.9925558312655087,0.9976379941897183,0.9953489535145408,0.0,197,0,3,200,42,fixed,0,source_switch
15,6400,B,0,0.5,400,196,0.4775,0.48346055979643765,0.9693877551020408,0.6451612903225806,0.4498342587849179,0.4212560024009603,0.9950980392156863,1,203,6,190,42,fixed,0,source_switch
16,6800,B,0,0.5,400,189,0.4675,0.4696969696969697,0.9841269841269841,0.6358974358974359,0.4239036782790534,0.40594046992151256,0.995260663507109,1,210,3,186,42,fixed,0,source_switch
17,7200,B,0,0.5,400,186,0.465,0.46464646464646464,0.989247311827957,0.6323024054982818,0.42278233295303913,0.41136569189026234,0.9906542056074766,2,212,2,184,42,fixed,0,source_switch
18,7600,B,0,0.5,400,209,0.52,0.5213032581453634,0.9952153110047847,0.6842105263157895,0.48321255879203895,0.41936170745760165,1.0,0,191,1,208,42,fixed,0,source_switch
19,8000,B,0,0.5,400,204,0.4975,0.5037974683544304,0.9754901960784313,0.664440734557596,0.4549805424009622,0.3937324929971989,1.0,0,196,5,199,42,fixed,0,source_switch
20,8400,B,0,0.5,400,199,0.485,0.4911392405063291,0.9748743718592965,0.6531986531986532,0.4552053129520396,0.4109227730693267,1.0,0,201,5,194,42,fixed,0,source_switch
21,8800,B,0,0.5,400,194,0.4775,0.4810126582278481,0.979381443298969,0.6451612903225806,0.45010669112363844,0.42150435391852664,0.9951456310679612,1,205,4,190,42,fixed,0,source_switch
22,9200,B,0,0.5,400,204,0.5,0.5050761421319797,0.9754901960784313,0.6655518394648829,0.4553861375097638,0.391906762705082,0.9948979591836735,1,195,5,199,42,fixed,0,source_switch
23,9600,B,0,0.5,400,207,0.51,0.5139240506329114,0.9806763285024155,0.6744186046511628,0.45424089284335456,0.3754474230932894,0.9948186528497409,1,192,4,203,42,fixed,0,source_switch
24,10000,B,0,0.5,400,198,0.4875,0.4911392405063291,0.9797979797979798,0.654300168634064,0.48310086726307366,0.466996699669967,0.995049504950495,1,201,4,194,42,fixed,0,source_switch
25,10400,B,0,0.5,400,207,0.5075,0.5127551020408163,0.9710144927536232,0.671118530884808,0.49913461768262646,0.4510650546919977,0.9896373056994818,2,191,6,201,42,fixed,0,source_switch
26,10800,B,0,0.5,400,201,0.5,0.5012658227848101,0.9850746268656716,0.6644295302013423,0.4516874921671735,0.3993099827495688,0.9899497487437185,2,197,3,198,42,fixed,0,source_switch
27,11200,B,0,0.5,400,212,0.52,0.5252525252525253,0.9811320754716981,0.6842105263157895,0.4992584470842287,0.4329084704937776,1.0,0,188,4,208,42,fixed,0,source_switch
28,11600,B,0,0.5,400,185,0.455,0.45843828715365237,0.9837837837837838,0.6254295532646048,0.4328306774651155,0.43713387806411064,1.0,0,215,3,182,42,fixed,0,source_switch
29,12000,B,0,0.5,400,209,0.51,0.5164556962025316,0.9760765550239234,0.6754966887417219,0.5025330075286247,0.4485458052556427,1.0,0,191,5,204,42,fixed,0,source_switch
0,400,A,0,0.5,400,220,0.9975,1.0,0.9954545454545455,0.9977220956719818,0.9988559059987632,0.998131313131313,0.0,180,0,1,219,42,periodic,0,source_switch
1,800,A,0,0.5,400,184,0.9925,1.0,0.9836956521739131,0.9917808219178083,0.9981689859266829,0.997710346215781,0.0,216,0,3,181,42,periodic,0,source_switch
2,1200,A,0,0.5,400,190,0.9975,1.0,0.9947368421052631,0.9973614775725593,0.9998650472334683,0.999874686716792,0.0,210,0,1,189,42,periodic,0,source_switch
3,1600,A,0,0.5,400,201,1.0,1.0,1.0,1.0,1.0,0.9999999999999999,0.0,199,0,0,201,42,periodic,0,source_switch
4,2000,A,1,0.5,400,202,0.9975,1.0,0.995049504950495,0.9975186104218362,1.0,1.0,0.0,198,0,1,201,42,periodic,0,source_switch
5,2400,A,1,0.5,400,193,1.0,1.0,1.0,1.0,1.0,1.0,0.0,207,0,0,193,42,periodic,0,source_switch
6,2800,A,1,0.5,400,196,0.9925,0.9948717948717949,0.9897959183673469,0.9923273657289002,0.9997005307470186,0.9996998799519808,0.004901960784313725,203,1,2,194,42,periodic,0,source_switch
7,3200,A,1,0.5,400,198,0.9875,0.9948717948717949,0.9797979797979798,0.9872773536895675,0.9972125814453028,0.9951245124512451,0.0049504950495049506,201,1,4,194,42,periodic,0,source_switch
8,3600,A,2,0.5,400,209,0.9925,1.0,0.9856459330143541,0.9927710843373494,0.9999543225179085,0.9999498985445527,0.0,191,0,3,206,42,periodic,0,source_switch
9,4000,A,2,0.5,400,201,0.995,0.9950248756218906,0.9950248756218906,0.9950248756218906,0.9999753706713956,0.9999749993749845,0.005025125628140704,198,1,1,200,42,periodic,0,source_switch
10,4400,A,2,0.5,400,189,1.0,1.0,1.0,1.0,1.0,1.0,0.0,211,0,0,189,42,periodic,0,source_switch
11,4800,A,2,0.5,400,202,0.9925,1.0,0.9851485148514851,0.9925187032418953,0.9969852389731488,0.9954370437043703,0.0,198,0,3,199,42,periodic,0,source_switch
12,5200,A,3,0.5,400,204,0.9925,1.0,0.9852941176470589,0.9925925925925926,0.9998345514013001,0.9998249299719888,0.0,196,0,3,201,42,periodic,0,source_switch
13,5600,A,3,0.5,400,208,0.9975,1.0,0.9951923076923077,0.9975903614457832,0.998525641025641,0.9976963141025641,0.0,192,0,1,207,42,periodic,0,source_switch
14,6000,A,3,0.5,400,203,0.995,1.0,0.9901477832512315,0.995049504950495,0.9991818564868583,0.9989997749493637,0.0,197,0,2,201,42,periodic,0,source_switch
15,6400,B,3,0.5,400,196,0.4825,0.4860759493670886,0.9795918367346939,0.649746192893401,0.43851045070368955,0.3970588235294118,0.9950980392156863,1,203,4,192,42,periodic,0,source_switch
16,6800,B,4,0.5,400,189,0.8025,0.7099236641221374,0.9841269841269841,0.8248337028824834,0.9607849769696198,0.9588254469771057,0.36018957345971564,135,76,3,186,42,periodic,0,source_switch
17,7200,B,4,0.5,400,186,0.8225,0.7309236947791165,0.978494623655914,0.8367816091954023,0.9653754381065204,0.9653803637825344,0.3130841121495327,147,67,4,182,42,periodic,0,source_switch
18,7600,B,4,0.5,400,209,0.8125,0.7410071942446043,0.9856459330143541,0.8459958932238193,0.9676801838589182,0.9662942458478418,0.3769633507853403,119,72,3,206,42,periodic,0,source_switch
19,8000,B,4,0.5,400,204,0.82,0.75,0.9705882352941176,0.8461538461538461,0.9441760097661334,0.9478666466586634,0.336734693877551,130,66,6,198,42,periodic,0,source_switch
20,8400,B,5,0.5,400,199,0.9275,0.9336734693877551,0.9195979899497487,0.9265822784810127,0.9715576532386576,0.9713992849821246,0.06467661691542288,188,13,16,183,42,periodic,0,source_switch
21,8800,B,5,0.5,400,194,0.94,0.9292929292929293,0.9484536082474226,0.9387755102040817,0.9775540351181251,0.9777049344409969,0.06796116504854369,192,14,10,184,42,periodic,0,source_switch
22,9200,B,5,0.5,400,204,0.9125,0.9043062200956937,0.9264705882352942,0.9152542372881356,0.9662118259250195,0.9577080832332934,0.10204081632653061,176,20,15,189,42,periodic,0,source_switch
23,9600,B,5,0.5,400,207,0.92,0.9186602870813397,0.927536231884058,0.9230769230769231,0.9489930276625067,0.9536557282671271,0.08808290155440414,176,17,15,192,42,periodic,0,source_switch
24,10000,B,6,0.5,400,198,0.925,0.9375,0.9090909090909091,0.9230769230769231,0.9751925185124328,0.9763226322632262,0.0594059405940594,190,12,18,180,42,periodic,0,source_switch
25,10400,B,6,0.5,400,207,0.935,0.9547738693467337,0.9178743961352657,0.9359605911330049,0.9859991150873804,0.9852319090886336,0.046632124352331605,184,9,17,190,42,periodic,0,source_switch
26,10800,B,6,0.5,400,201,0.9375,0.94,0.9353233830845771,0.9376558603491272,0.9833211506541113,0.9827495687392185,0.06030150753768844,187,12,13,188,42,periodic,0,source_switch
27,11200,B,6,0.5,400,212,0.9125,0.9359605911330049,0.8962264150943396,0.9156626506024096,0.9734174505333817,0.9738057005218788,0.06914893617021277,175,13,22,190,42,periodic,0,source_switch
28,11600,B,7,0.5,400,185,0.9525,0.9560439560439561,0.9405405405405406,0.9482288828337875,0.9760727550693108,0.9838843494657449,0.037209302325581395,207,8,11,174,42,periodic,0,source_switch
29,12000,B,7,0.5,400,209,0.9325,0.9595959595959596,0.9090909090909091,0.9336609336609336,0.9877410821684046,0.9865978606678525,0.041884816753926704,183,8,19,190,42,periodic,0,source_switch
0,400,A,0,0.5,400,220,0.9975,1.0,0.9954545454545455,0.9977220956719818,0.9988559059987632,0.998131313131313,0.0,180,0,1,219,42,drift,0,source_switch
1,800,A,0,0.5,400,184,0.9925,1.0,0.9836956521739131,0.9917808219178083,0.998168985926683,0.997710346215781,0.0,216,0,3,181,42,drift,0,source_switch
2,1200,A,0,0.5,400,190,0.9975,1.0,0.9947368421052631,0.9973614775725593,0.9998650472334683,0.999874686716792,0.0,210,0,1,189,42,drift,0,source_switch
3,1600,A,0,0.5,400,201,1.0,1.0,1.0,1.0,1.0,0.9999999999999999,0.0,199,0,0,201,42,drift,0,source_switch
4,2000,A,0,0.5,400,202,0.9975,1.0,0.995049504950495,0.9975186104218362,0.9998341939457104,0.9998249824982498,0.0,198,0,1,201,42,drift,0,source_switch
5,2400,A,0,0.5,400,193,1.0,1.0,1.0,1.0,1.0,1.0,0.0,207,0,0,193,42,drift,0,source_switch
6,2800,A,0,0.5,400,196,0.9925,0.9948717948717949,0.9897959183673469,0.9923273657289002,0.9997417565989528,0.999749899959984,0.004901960784313725,203,1,2,194,42,drift,0,source_switch
7,3200,A,0,0.5,400,198,0.99,1.0,0.9797979797979798,0.9897959183673469,0.9979152154480243,0.9972497249724972,0.0,202,0,4,194,42,drift,0,source_switch
8,3600,A,0,0.5,400,209,0.9925,1.0,0.9856459330143541,0.9927710843373494,0.9999322921368601,0.9999248478168291,0.0,191,0,3,206,42,drift,0,source_switch
9,4000,A,0,0.5,400,201,0.9925,0.995,0.9900497512437811,0.9925187032418953,0.9999007425619117,0.9998999974999374,0.005025125628140704,198,1,2,199,42,drift,0,source_switch
10,4400,A,0,0.5,400,189,1.0,1.0,1.0,1.0,1.0,1.0,0.0,211,0,0,189,42,drift,0,source_switch
11,4800,A,0,0.5,400,202,0.9925,1.0,0.9851485148514851,0.9925187032418953,0.996720663382005,0.9953870387038702,0.0,198,0,3,199,42,drift,0,source_switch
12,5200,A,0,0.5,400,204,0.995,1.0,0.9901960784313726,0.9950738916256158,0.9998349042032497,0.9998249299719888,0.0,196,0,2,202,42,drift,0,source_switch
13,5600,A,0,0.5,400,208,0.9975,1.0,0.9951923076923077,0.9975903614457832,0.9986052769755841,0.9978715945512822,0.0,192,0,1,207,42,drift,0,source_switch
14,6000,A,0,0.5,400,203,0.9925,1.0,0.9852216748768473,0.9925558312655087,0.9976379941897183,0.9953489535145407,0.0,197,0,3,200,42,drift,0,source_switch
15,6400,B,0,0.5,400,196,0.4775,0.48346055979643765,0.9693877551020408,0.6451612903225806,0.4498342587849179,0.4212560024009603,0.9950980392156863,1,203,6,190,42,drift,0,source_switch
16,6800,B,1,0.5,400,189,0.8025,0.7099236641221374,0.9841269841269841,0.8248337028824834,0.9607849769696198,0.9588254469771057,0.36018957345971564,135,76,3,186,42,drift,0,source_switch
17,7200,B,1,0.5,400,186,0.8225,0.7309236947791165,0.978494623655914,0.8367816091954023,0.9653754381065204,0.9653803637825344,0.3130841121495327,147,67,4,182,42,drift,0,source_switch
18,7600,B,1,0.5,400,209,0.8125,0.7410071942446043,0.9856459330143541,0.8459958932238193,0.9676801838589182,0.9662942458478418,0.3769633507853403,119,72,3,206,42,drift,0,source_switch
19,8000,B,1,0.5,400,204,0.82,0.75,0.9705882352941176,0.8461538461538461,0.9441760097661334,0.9478666466586634,0.336734693877551,130,66,6,198,42,drift,0,source_switch
20,8400,B,1,0.5,400,199,0.815,0.7431906614785992,0.9597989949748744,0.8377192982456141,0.9484285380144943,0.9488612215305383,0.3283582089552239,135,66,8,191,42,drift,0,source_switch
21,8800,B,1,0.5,400,194,0.8,0.7159090909090909,0.9742268041237113,0.8253275109170306,0.9585144911143073,0.9556851166049445,0.3640776699029126,131,75,5,189,42,drift,0,source_switch
22,9200,B,1,0.5,400,204,0.77,0.6985815602836879,0.9656862745098039,0.8106995884773662,0.9432768716206931,0.933986094437775,0.4336734693877551,111,85,7,197,42,drift,0,source_switch
23,9600,B,1,0.5,400,207,0.7925,0.7279411764705882,0.9565217391304348,0.826722338204593,0.9331833344152505,0.9269480113138595,0.38341968911917096,119,74,9,198,42,drift,0,source_switch
24,10000,B,1,0.5,400,198,0.8,0.7234848484848485,0.9646464646464646,0.8268398268398268,0.9505723079142915,0.9461196119611962,0.3613861386138614,129,73,7,191,42,drift,0,source_switch
25,10400,B,1,0.5,400,207,0.8425,0.7834645669291339,0.961352657004831,0.8633405639913232,0.9593469210795661,0.949312908312683,0.2849740932642487,138,55,8,199,42,drift,0,source_switch
26,10800,B,1,0.5,400,201,0.81,0.7306273062730627,0.9850746268656716,0.8389830508474576,0.9540237215354577,0.9502737568439211,0.36683417085427134,126,73,3,198,42,drift,0,source_switch
27,11200,B,1,0.5,400,212,0.805,0.7427536231884058,0.9669811320754716,0.8401639344262295,0.9522641138842132,0.9419660778803693,0.3776595744680851,117,71,7,205,42,drift,0,source_switch
28,11600,B,1,0.5,400,185,0.7875,0.6908396946564885,0.9783783783783784,0.8098434004474273,0.9500027160320768,0.956178504085481,0.3767441860465116,134,81,4,181,42,drift,0,source_switch
29,12000,B,1,0.5,400,209,0.835,0.7760617760617761,0.9617224880382775,0.8589743589743589,0.9610074866609448,0.9472932688694607,0.3036649214659686,133,58,8,201,42,drift,0,source_switch
0,400,A,0,0.5,400,220,0.9975,1.0,0.9954545454545455,0.9977220956719818,0.9988559059987632,0.998131313131313,0.0,180,0,1,219,42,threshold,0,source_switch
1,800,A,0,0.5,400,184,0.9925,1.0,0.9836956521739131,0.9917808219178083,0.9981689859266829,0.997710346215781,0.0,216,0,3,181,42,threshold,0,source_switch
2,1200,A,0,0.5,400,190,0.9975,1.0,0.9947368421052631,0.9973614775725593,0.9998650472334683,0.999874686716792,0.0,210,0,1,189,42,threshold,0,source_switch
3,1600,A,0,0.5,400,201,1.0,1.0,1.0,1.0,1.0,0.9999999999999999,0.0,199,0,0,201,42,threshold,0,source_switch
4,2000,A,0,0.4430821682941496,400,202,0.9975,1.0,0.995049504950495,0.9975186104218362,0.9998341939457104,0.9998249824982498,0.0,198,0,1,201,42,threshold,0,source_switch
5,2400,A,0,0.4430821682941496,400,193,1.0,1.0,1.0,1.0,1.0,1.0,0.0,207,0,0,193,42,threshold,0,source_switch
6,2800,A,0,0.4430821682941496,400,196,0.9925,0.9948717948717949,0.9897959183673469,0.9923273657289002,0.9997417565989528,0.999749899959984,0.004901960784313725,203,1,2,194,42,threshold,0,source_switch
7,3200,A,0,0.4430821682941496,400,198,0.9875,0.9948717948717949,0.9797979797979798,0.9872773536895675,0.9979152154480242,0.9972497249724972,0.0049504950495049506,201,1,4,194,42,threshold,0,source_switch
8,3600,A,0,0.4010837104072399,400,209,0.9925,1.0,0.9856459330143541,0.9927710843373494,0.9999322921368601,0.9999248478168291,0.0,191,0,3,206,42,threshold,0,source_switch
9,4000,A,0,0.4010837104072399,400,201,0.9975,0.995049504950495,1.0,0.9975186104218362,0.9999007425619117,0.9998999974999374,0.005025125628140704,198,1,0,201,42,threshold,0,source_switch
10,4400,A,0,0.4010837104072399,400,189,1.0,1.0,1.0,1.0,1.0,1.0,0.0,211,0,0,189,42,threshold,0,source_switch
11,4800,A,0,0.4010837104072399,400,202,0.9925,1.0,0.9851485148514851,0.9925187032418953,0.996720663382005,0.9953870387038702,0.0,198,0,3,199,42,threshold,0,source_switch
12,5200,A,0,0.3259450549450549,400,204,0.995,1.0,0.9901960784313726,0.9950738916256158,0.9998349042032497,0.9998249299719888,0.0,196,0,2,202,42,threshold,0,source_switch
13,5600,A,0,0.3259450549450549,400,208,0.995,0.9951923076923077,0.9951923076923077,0.9951923076923077,0.9986052769755841,0.9978715945512822,0.005208333333333333,191,1,1,207,42,threshold,0,source_switch
14,6000,A,0,0.3259450549450549,400,203,0.995,1.0,0.9901477832512315,0.995049504950495,0.9976379941897183,0.9953489535145407,0.0,197,0,2,201,42,threshold,0,source_switch
15,6400,B,0,0.3259450549450549,400,196,0.48,0.48484848484848486,0.9795918367346939,0.6486486486486487,0.44977099445435387,0.42103091236494594,1.0,0,204,4,192,42,threshold,0,source_switch
16,6800,B,0,0.30594072594072597,400,189,0.47,0.47103274559193953,0.9894179894179894,0.6382252559726962,0.42391198452943823,0.40602823541212163,0.995260663507109,1,210,2,187,42,threshold,0,source_switch
17,7200,B,0,0.30594072594072597,400,186,0.4625,0.4634760705289673,0.989247311827957,0.6312178387650086,0.4227823329530391,0.41136569189026234,0.9953271028037384,1,213,2,184,42,threshold,0,source_switch
18,7600,B,0,0.30594072594072597,400,209,0.5225,0.5225,1.0,0.6863711001642037,0.48321255879203895,0.41936170745760165,1.0,0,191,0,209,42,threshold,0,source_switch
19,8000,B,0,0.30594072594072597,400,204,0.5,0.5050505050505051,0.9803921568627451,0.6666666666666666,0.4549805424009622,0.3937324929971989,1.0,0,196,4,200,42,threshold,0,source_switch
20,8400,B,0,0.43405957155589514,400,199,0.485,0.4911392405063291,0.9748743718592965,0.6531986531986532,0.4552053129520396,0.4109227730693267,1.0,0,201,5,194,42,threshold,0,source_switch
21,8800,B,0,0.43405957155589514,400,194,0.4775,0.4810126582278481,0.979381443298969,0.6451612903225806,0.45010669112363844,0.42150435391852664,0.9951456310679612,1,205,4,190,42,threshold,0,source_switch
22,9200,B,0,0.43405957155589514,400,204,0.5,0.5050761421319797,0.9754901960784313,0.6655518394648829,0.45519651829892505,0.3916691676670668,0.9948979591836735,1,195,5,199,42,threshold,0,source_switch
23,9600,B,0,0.43405957155589514,400,207,0.51,0.5139240506329114,0.9806763285024155,0.6744186046511628,0.45424089284335456,0.3754474230932894,0.9948186528497409,1,192,4,203,42,threshold,0,source_switch
24,10000,B,0,0.14871410256410256,400,198,0.49,0.49242424242424243,0.9848484848484849,0.6565656565656566,0.48310086726307366,0.466996699669967,0.995049504950495,1,201,3,195,42,threshold,0,source_switch
25,10400,B,0,0.14871410256410256,400,207,0.515,0.5164556962025316,0.9855072463768116,0.6777408637873754,0.4991211064426388,0.4508522940602238,0.9896373056994818,2,191,3,204,42,threshold,0,source_switch
26,10800,B,0,0.14871410256410256,400,201,0.5,0.5012594458438288,0.9900497512437811,0.6655518394648829,0.4516874921671735,0.3993099827495688,0.9949748743718593,1,198,2,199,42,threshold,0,source_switch
27,11200,B,0,0.14871410256410256,400,212,0.5225,0.5264483627204031,0.9858490566037735,0.6863711001642037,0.4992584470842287,0.4329084704937776,1.0,0,188,3,209,42,threshold,0,source_switch
28,11600,B,0,0.0037269526249197825,400,185,0.4625,0.4625,1.0,0.6324786324786325,0.4328306774651155,0.43713387806411064,1.0,0,215,0,185,42,threshold,0,source_switch
29,12000,B,0,0.0037269526249197825,400,209,0.52,0.5213032581453634,0.9952153110047847,0.6842105263157895,0.5025330075286247,0.4485458052556427,1.0,0,191,1,208,42,threshold,0,source_switch
0,400,A,0,0.5,400,220,0.9975,1.0,0.9954545454545455,0.9977220956719818,0.9988559059987632,0.998131313131313,0.0,180,0,1,219,42,fixed,2,source_switch
1,800,A,0,0.5,400,184,0.9925,1.0,0.9836956521739131,0.9917808219178083,0.9981689859266829,0.997710346215781,0.0,216,0,3,181,42,fixed,2,source_switch
2,1200,A,0,0.5,400,190,0.9975,1.0,0.9947368421052631,0.9973614775725593,0.9998650472334683,0.999874686716792,0.0,210,0,1,189,42,fixed,2,source_switch
3,1600,A,0,0.5,400,201,1.0,1.0,1.0,1.0,1.0,0.9999999999999999,0.0,199,0,0,201,42,fixed,2,source_switch
4,2000,A,0,0.5,400,202,0.9975,1.0,0.995049504950495,0.9975186104218362,0.9998341939457104,0.9998249824982498,0.0,198,0,1,201,42,fixed,2,source_switch
5,2400,A,0,0.5,400,193,1.0,1.0,1.0,1.0,1.0,1.0,0.0,207,0,0,193,42,fixed,2,source_switch
6,2800,A,0,0.5,400,196,0.9925,0.9948717948717949,0.9897959183673469,0.9923273657289002,0.9997417565989528,0.999749899959984,0.004901960784313725,203,1,2,194,42,fixed,2,source_switch
7,3200,A,0,0.5,400,198,0.99,1.0,0.9797979797979798,0.9897959183673469,0.9979152154480243,0.9972497249724972,0.0,202,0,4,194,42,fixed,2,source_switch
8,3600,A,0,0.5,400,209,0.9925,1.0,0.9856459330143541,0.9927710843373494,0.9999322921368601,0.9999248478168291,0.0,191,0,3,206,42,fixed,2,source_switch
9,4000,A,0,0.5,400,201,0.9925,0.995,0.9900497512437811,0.9925187032418953,0.9999007425619117,0.9998999974999374,0.005025125628140704,198,1,2,199,42,fixed,2,source_switch
10,4400,A,0,0.5,400,189,1.0,1.0,1.0,1.0,1.0,1.0,0.0,211,0,0,189,42,fixed,2,source_switch
11,4800,A,0,0.5,400,202,0.9925,1.0,0.9851485148514851,0.9925187032418953,0.996720663382005,0.9953870387038702,0.0,198,0,3,199,42,fixed,2,source_switch
12,5200,A,0,0.5,400,204,0.995,1.0,0.9901960784313726,0.9950738916256158,0.9998349042032497,0.9998249299719888,0.0,196,0,2,202,42,fixed,2,source_switch
13,5600,A,0,0.5,400,208,0.9975,1.0,0.9951923076923077,0.9975903614457832,0.9986052769755841,0.9978715945512822,0.0,192,0,1,207,42,fixed,2,source_switch
14,6000,A,0,0.5,400,203,0.9925,1.0,0.9852216748768473,0.9925558312655087,0.9976379941897183,0.9953489535145408,0.0,197,0,3,200,42,fixed,2,source_switch
15,6400,B,0,0.5,400,196,0.4775,0.48346055979643765,0.9693877551020408,0.6451612903225806,0.4498342587849179,0.4212560024009603,0.9950980392156863,1,203,6,190,42,fixed,2,source_switch
16,6800,B,0,0.5,400,189,0.4675,0.4696969696969697,0.9841269841269841,0.6358974358974359,0.42391198452943823,0.40602823541212163,0.995260663507109,1,210,3,186,42,fixed,2,source_switch
17,7200,B,0,0.5,400,186,0.465,0.46464646464646464,0.989247311827957,0.6323024054982818,0.42278233295303913,0.41136569189026234,0.9906542056074766,2,212,2,184,42,fixed,2,source_switch
18,7600,B,0,0.5,400,209,0.52,0.5213032581453634,0.9952153110047847,0.6842105263157895,0.4832038730358583,0.4192990806382926,1.0,0,191,1,208,42,fixed,2,source_switch
19,8000,B,0,0.5,400,204,0.4975,0.5037974683544304,0.9754901960784313,0.664440734557596,0.45500405552900836,0.3937825130052021,1.0,0,196,5,199,42,fixed,2,source_switch
20,8400,B,0,0.5,400,199,0.485,0.4911392405063291,0.9748743718592965,0.6531986531986532,0.4552053129520396,0.4109227730693267,1.0,0,201,5,194,42,fixed,2,source_switch
21,8800,B,0,0.5,400,194,0.4775,0.4810126582278481,0.979381443298969,0.6451612903225806,0.45010669112363844,0.42150435391852664,0.9951456310679612,1,205,4,190,42,fixed,2,source_switch
22,9200,B,0,0.5,400,204,0.5,0.5050761421319797,0.9754901960784313,0.6655518394648829,0.45538613750976376,0.3918942577030813,0.9948979591836735,1,195,5,199,42,fixed,2,source_switch
23,9600,B,0,0.5,400,207,0.51,0.5139240506329114,0.9806763285024155,0.6744186046511628,0.45421468141863613,0.3753723311056044,0.9948186528497409,1,192,4,203,42,fixed,2,source_switch
24,10000,B,0,0.5,400,198,0.4875,0.4911392405063291,0.9797979797979798,0.654300168634064,0.48310086726307366,0.466996699669967,0.995049504950495,1,201,4,194,42,fixed,2,source_switch
25,10400,B,0,0.5,400,207,0.5075,0.5127551020408163,0.9710144927536232,0.671118530884808,0.49913461768262646,0.4510650546919977,0.9896373056994818,2,191,6,201,42,fixed,2,source_switch
26,10800,B,0,0.5,400,201,0.5,0.5012658227848101,0.9850746268656716,0.6644295302013423,0.45167021898086185,0.3992474811870297,0.9899497487437185,2,197,3,198,42,fixed,2,source_switch
27,11200,B,0,0.5,400,212,0.52,0.5252525252525253,0.9811320754716981,0.6842105263157895,0.4992584470842287,0.4329084704937776,1.0,0,188,4,208,42,fixed,2,source_switch
28,11600,B,0,0.5,400,185,0.455,0.45843828715365237,0.9837837837837838,0.6254295532646048,0.43280413480416136,0.43705845380263986,1.0,0,215,3,182,42,fixed,2,source_switch
29,12000,B,0,0.5,400,209,0.51,0.5164556962025316,0.9760765550239234,0.6754966887417219,0.5025330075286247,0.4485458052556427,1.0,0,191,5,204,42,fixed,2,source_switch
0,400,A,0,0.5,400,220,0.9975,1.0,0.9954545454545455,0.9977220956719818,0.9988559059987632,0.9981313131313131,0.0,180,0,1,219,42,periodic,2,source_switch
1,800,A,0,0.5,400,184,0.9925,1.0,0.9836956521739131,0.9917808219178083,0.9981689859266829,0.997710346215781,0.0,216,0,3,181,42,periodic,2,source_switch
2,1200,A,0,0.5,400,190,0.9975,1.0,0.9947368421052631,0.9973614775725593,0.9998650472334683,0.999874686716792,0.0,210,0,1,189,42,periodic,2,source_switch
3,1600,A,0,0.5,400,201,1.0,1.0,1.0,1.0,1.0,0.9999999999999999,0.0,199,0,0,201,42,periodic,2,source_switch
4,2000,A,0,0.5,400,202,0.9975,1.0,0.995049504950495,0.9975186104218362,0.9998341939457104,0.9998249824982498,0.0,198,0,1,201,42,periodic,2,source_switch
5,2400,A,0,0.5,400,193,1.0,1.0,1.0,1.0,1.0,1.0,0.0,207,0,0,193,42,periodic,2,source_switch
6,2800,A,1,0.5,400,196,0.9925,0.9948717948717949,0.9897959183673469,0.9923273657289002,0.9997005307470186,0.9996998799519808,0.004901960784313725,203,1,2,194,42,periodic,2,source_switch
7,3200,A,1,0.5,400,198,0.9875,0.9948717948717949,0.9797979797979798,0.9872773536895675,0.9972125814453028,0.9951245124512453,0.0049504950495049506,201,1,4,194,42,periodic,2,source_switch
8,3600,A,1,0.5,400,209,0.9925,1.0,0.9856459330143541,0.9927710843373494,0.9997325738696969,0.9996993912673163,0.0,191,0,3,206,42,periodic,2,source_switch
9,4000,A,1,0.5,400,201,0.995,0.9950248756218906,0.9950248756218906,0.9950248756218906,0.9999506188088179,0.9999499987499688,0.005025125628140704,198,1,1,200,42,periodic,2,source_switch
10,4400,A,2,0.5,400,189,1.0,1.0,1.0,1.0,1.0,1.0,0.0,211,0,0,189,42,periodic,2,source_switch
11,4800,A,2,0.5,400,202,0.9925,1.0,0.9851485148514851,0.9925187032418953,0.9969852389731488,0.9954370437043703,0.0,198,0,3,199,42,periodic,2,source_switch
12,5200,A,2,0.5,400,204,0.995,1.0,0.9901960784313726,0.9950738916256158,0.9998827282109013,0.999874949979992,0.0,196,0,2,202,42,periodic,2,source_switch
13,5600,A,2,0.5,400,208,0.9975,1.0,0.9951923076923077,0.9975903614457832,0.9992573483427141,0.9990484775641026,0.0,192,0,1,207,42,periodic,2,source_switch
14,6000,A,3,0.5,400,203,0.995,1.0,0.9901477832512315,0.995049504950495,0.9991818564868583,0.9989997749493637,0.0,197,0,2,201,42,periodic,2,source_switch
15,6400,B,3,0.5,400,196,0.4825,0.4860759493670886,0.9795918367346939,0.649746192893401,0.43851045070368955,0.3970588235294118,0.9950980392156863,1,203,4,192,42,periodic,2,source_switch
16,6800,B,3,0.5,400,189,0.47,0.47103274559193953,0.9894179894179894,0.6382252559726962,0.44044191520572934,0.42987537300333506,0.995260663507109,1,210,2,187,42,periodic,2,source_switch
17,7200,B,3,0.5,400,186,0.4625,0.4634760705289673,0.989247311827957,0.6312178387650086,0.41992651301174555,0.40601447090744647,0.9953271028037384,1,213,2,184,42,periodic,2,source_switch
18,7600,B,4,0.5,400,209,0.8125,0.7410071942446043,0.9856459330143541,0.8459958932238193,0.9676801838589182,0.9662942458478418,0.3769633507853403,119,72,3,206,42,periodic,2,source_switch
19,8000,B,4,0.5,400,204,0.82,0.75,0.9705882352941176,0.8461538461538461,0.9441760097661334,0.9478666466586634,0.336734693877551,130,66,6,198,42,periodic,2,source_switch
20,8400,B,4,0.5,400,199,0.815,0.7431906614785992,0.9597989949748744,0.8377192982456141,0.9484285380144943,0.9488612215305383,0.3283582089552239,135,66,8,191,42,periodic,2,source_switch
21,8800,B,4,0.5,400,194,0.8,0.7159090909090909,0.9742268041237113,0.8253275109170306,0.9585144911143073,0.9556851166049444,0.3640776699029126,131,75,5,189,42,periodic,2,source_switch
22,9200,B,5,0.5,400,204,0.9125,0.9043062200956937,0.9264705882352942,0.9152542372881356,0.9662118259250195,0.9577080832332934,0.10204081632653061,176,20,15,189,42,periodic,2,source_switch
23,9600,B,5,0.5,400,207,0.92,0.9186602870813397,0.927536231884058,0.9230769230769231,0.9489930276625067,0.9536557282671271,0.08808290155440414,176,17,15,192,42,periodic,2,source_switch
24,10000,B,5,0.5,400,198,0.9325,0.9253731343283582,0.9393939393939394,0.9323308270676691,0.9664437878074417,0.9641214121412142,0.07425742574257425,187,15,12,186,42,periodic,2,source_switch
25,10400,B,5,0.5,400,207,0.93,0.9365853658536586,0.927536231884058,0.9320388349514563,0.9788904727699611,0.9734925283472253,0.06735751295336788,180,13,15,192,42,periodic,2,source_switch
26,10800,B,6,0.5,400,201,0.9375,0.94,0.9353233830845771,0.9376558603491272,0.9833211506541113,0.9827495687392185,0.06030150753768844,187,12,13,188,42,periodic,2,source_switch
27,11200,B,6,0.5,400,212,0.9125,0.9359605911330049,0.8962264150943396,0.9156626506024096,0.9734174505333817,0.9738057005218788,0.06914893617021277,175,13,22,190,42,periodic,2,source_switch
28,11600,B,6,0.5,400,185,0.9375,0.9395604395604396,0.9243243243243243,0.9318801089918256,0.9768086920381496,0.9833815210559397,0.05116279069767442,204,11,14,171,42,periodic,2,source_switch
29,12000,B,6,0.5,400,209,0.9175,0.9583333333333334,0.8803827751196173,0.9177057356608479,0.9858063296641333,0.9834915704301209,0.041884816753926704,183,8,25,184,42,periodic,2,source_switch
0,400,A,0,0.5,400,220,0.9975,1.0,0.9954545454545455,0.9977220956719818,0.9988559059987632,0.9981313131313132,0.0,180,0,1,219,42,drift,2,source_switch
1,800,A,0,0.5,400,184,0.9925,1.0,0.9836956521739131,0.9917808219178083,0.9981689859266829,0.997710346215781,0.0,216,0,3,181,42,drift,2,source_switch
2,1200,A,0,0.5,400,190,0.9975,1.0,0.9947368421052631,0.9973614775725593,0.9998650472334683,0.999874686716792,0.0,210,0,1,189,42,drift,2,source_switch
3,1600,A,0,0.5,400,201,1.0,1.0,1.0,1.0,1.0,0.9999999999999999,0.0,199,0,0,201,42,drift,2,source_switch
4,2000,A,0,0.5,400,202,0.9975,1.0,0.995049504950495,0.9975186104218362,0.9998341939457104,0.9998249824982498,0.0,198,0,1,201,42,drift,2,source_switch
5,2400,A,0,0.5,400,193,1.0,1.0,1.0,1.0,1.0,1.0,0.0,207,0,0,193,42,drift,2,source_switch
6,2800,A,0,0.5,400,196,0.9925,0.9948717948717949,0.9897959183673469,0.9923273657289002,0.9997417565989528,0.999749899959984,0.004901960784313725,203,1,2,194,42,drift,2,source_switch
7,3200,A,0,0.5,400,198,0.99,1.0,0.9797979797979798,0.9897959183673469,0.9979152154480243,0.9972497249724972,0.0,202,0,4,194,42,drift,2,source_switch
8,3600,A,0,0.5,400,209,0.9925,1.0,0.9856459330143541,0.9927710843373494,0.9999322921368601,0.9999248478168291,0.0,191,0,3,206,42,drift,2,source_switch
9,4000,A,0,0.5,400,201,0.9925,0.995,0.9900497512437811,0.9925187032418953,0.9999007425619117,0.9998999974999374,0.005025125628140704,198,1,2,199,42,drift,2,source_switch
10,4400,A,0,0.5,400,189,1.0,1.0,1.0,1.0,1.0,1.0,0.0,211,0,0,189,42,drift,2,source_switch
11,4800,A,0,0.5,400,202,0.9925,1.0,0.9851485148514851,0.9925187032418953,0.996720663382005,0.9953870387038702,0.0,198,0,3,199,42,drift,2,source_switch
12,5200,A,0,0.5,400,204,0.995,1.0,0.9901960784313726,0.9950738916256158,0.9998349042032497,0.9998249299719888,0.0,196,0,2,202,42,drift,2,source_switch
13,5600,A,0,0.5,400,208,0.9975,1.0,0.9951923076923077,0.9975903614457832,0.9986052769755841,0.9978715945512822,0.0,192,0,1,207,42,drift,2,source_switch
14,6000,A,0,0.5,400,203,0.9925,1.0,0.9852216748768473,0.9925558312655087,0.9976379941897183,0.9953489535145407,0.0,197,0,3,200,42,drift,2,source_switch
15,6400,B,0,0.5,400,196,0.4775,0.48346055979643765,0.9693877551020408,0.6451612903225806,0.4498342587849179,0.4212560024009603,0.9950980392156863,1,203,6,190,42,drift,2,source_switch
16,6800,B,0,0.5,400,189,0.4675,0.4696969696969697,0.9841269841269841,0.6358974358974359,0.4239036782790534,0.40594046992151256,0.995260663507109,1,210,3,186,42,drift,2,source_switch
17,7200,B,0,0.5,400,186,0.465,0.46464646464646464,0.989247311827957,0.6323024054982818,0.42278233295303913,0.41136569189026234,0.9906542056074766,2,212,2,184,42,drift,2,source_switch
18,7600,B,1,0.5,400,209,0.8125,0.7410071942446043,0.9856459330143541,0.8459958932238193,0.9676801838589182,0.9662942458478418,0.3769633507853403,119,72,3,206,42,drift,2,source_switch
19,8000,B,1,0.5,400,204,0.82,0.75,0.9705882352941176,0.8461538461538461,0.9441760097661334,0.9478666466586634,0.336734693877551,130,66,6,198,42,drift,2,source_switch
20,8400,B,1,0.5,400,199,0.815,0.7431906614785992,0.9597989949748744,0.8377192982456141,0.9484285380144943,0.9488612215305383,0.3283582089552239,135,66,8,191,42,drift,2,source_switch
21,8800,B,1,0.5,400,194,0.8,0.7159090909090909,0.9742268041237113,0.8253275109170306,0.9585144911143073,0.9556851166049445,0.3640776699029126,131,75,5,189,42,drift,2,source_switch
22,9200,B,1,0.5,400,204,0.77,0.6985815602836879,0.9656862745098039,0.8106995884773662,0.9432768716206931,0.933986094437775,0.4336734693877551,111,85,7,197,42,drift,2,source_switch
23,9600,B,1,0.5,400,207,0.7925,0.7279411764705882,0.9565217391304348,0.826722338204593,0.9331833344152505,0.9269480113138595,0.38341968911917096,119,74,9,198,42,drift,2,source_switch
24,10000,B,1,0.5,400,198,0.8,0.7234848484848485,0.9646464646464646,0.8268398268398268,0.9505723079142915,0.9461196119611962,0.3613861386138614,129,73,7,191,42,drift,2,source_switch
25,10400,B,1,0.5,400,207,0.8425,0.7834645669291339,0.961352657004831,0.8633405639913232,0.9593469210795661,0.949312908312683,0.2849740932642487,138,55,8,199,42,drift,2,source_switch
26,10800,B,1,0.5,400,201,0.81,0.7306273062730627,0.9850746268656716,0.8389830508474576,0.9540237215354577,0.9502737568439211,0.36683417085427134,126,73,3,198,42,drift,2,source_switch
27,11200,B,1,0.5,400,212,0.805,0.7427536231884058,0.9669811320754716,0.8401639344262295,0.9522641138842132,0.9419660778803693,0.3776595744680851,117,71,7,205,42,drift,2,source_switch
28,11600,B,1,0.5,400,185,0.7875,0.6908396946564885,0.9783783783783784,0.8098434004474273,0.9500027160320768,0.956178504085481,0.3767441860465116,134,81,4,181,42,drift,2,source_switch
29,12000,B,1,0.5,400,209,0.835,0.7760617760617761,0.9617224880382775,0.8589743589743589,0.9610074866609448,0.9472932688694607,0.3036649214659686,133,58,8,201,42,drift,2,source_switch
0,400,A,0,0.5,400,220,0.9975,1.0,0.9954545454545455,0.9977220956719818,0.9988559059987632,0.9981313131313131,0.0,180,0,1,219,42,threshold,2,source_switch
1,800,A,0,0.5,400,184,0.9925,1.0,0.9836956521739131,0.9917808219178083,0.998168985926683,0.997710346215781,0.0,216,0,3,181,42,threshold,2,source_switch
2,1200,A,0,0.5,400,190,0.9975,1.0,0.9947368421052631,0.9973614775725593,0.9998650472334683,0.999874686716792,0.0,210,0,1,189,42,threshold,2,source_switch
3,1600,A,0,0.5,400,201,1.0,1.0,1.0,1.0,1.0,0.9999999999999999,0.0,199,0,0,201,42,threshold,2,source_switch
4,2000,A,0,0.5,400,202,0.9975,1.0,0.995049504950495,0.9975186104218362,0.9998341939457104,0.9998249824982498,0.0,198,0,1,201,42,threshold,2,source_switch
5,2400,A,0,0.5,400,193,1.0,1.0,1.0,1.0,1.0,1.0,0.0,207,0,0,193,42,threshold,2,source_switch
6,2800,A,0,0.44308216829414954,400,196,0.9925,0.9948717948717949,0.9897959183673469,0.9923273657289002,0.9997417565989528,0.999749899959984,0.004901960784313725,203,1,2,194,42,threshold,2,source_switch
7,3200,A,0,0.44308216829414954,400,198,0.9875,0.9948717948717949,0.9797979797979798,0.9872773536895675,0.9979152154480243,0.9972497249724972,0.0049504950495049506,201,1,4,194,42,threshold,2,source_switch
8,3600,A,0,0.44308216829414954,400,209,0.9925,1.0,0.9856459330143541,0.9927710843373494,0.9999322921368601,0.9999248478168291,0.0,191,0,3,206,42,threshold,2,source_switch
9,4000,A,0,0.44308216829414954,400,201,0.995,0.9950248756218906,0.9950248756218906,0.9950248756218906,0.9999007425619117,0.9998999974999374,0.005025125628140704,198,1,1,200,42,threshold,2,source_switch
10,4400,A,0,0.4010837104072399,400,189,1.0,1.0,1.0,1.0,1.0,1.0,0.0,211,0,0,189,42,threshold,2,source_switch
11,4800,A,0,0.4010837104072399,400,202,0.9925,1.0,0.9851485148514851,0.9925187032418953,0.996720663382005,0.9953870387038702,0.0,198,0,3,199,42,threshold,2,source_switch
12,5200,A,0,0.4010837104072399,400,204,0.995,1.0,0.9901960784313726,0.9950738916256158,0.9998349042032497,0.9998249299719888,0.0,196,0,2,202,42,threshold,2,source_switch
13,5600,A,0,0.4010837104072399,400,208,0.9975,1.0,0.9951923076923077,0.9975903614457832,0.9986052769755841,0.9978715945512822,0.0,192,0,1,207,42,threshold,2,source_switch
14,6000,A,0,0.3259450549450549,400,203,0.995,1.0,0.9901477832512315,0.995049504950495,0.9976379941897183,0.9953489535145408,0.0,197,0,2,201,42,threshold,2,source_switch
15,6400,B,0,0.3259450549450549,400,196,0.48,0.48484848484848486,0.9795918367346939,0.6486486486486487,0.44977099445435387,0.42103091236494594,1.0,0,204,4,192,42,threshold,2,source_switch
16,6800,B,0,0.3259450549450549,400,189,0.47,0.47103274559193953,0.9894179894179894,0.6382252559726962,0.42391198452943823,0.40602823541212163,0.995260663507109,1,210,2,187,42,threshold,2,source_switch
17,7200,B,0,0.3259450549450549,400,186,0.4625,0.4634760705289673,0.989247311827957,0.6312178387650086,0.4227823329530391,0.41136569189026234,0.9953271028037384,1,213,2,184,42,threshold,2,source_switch
18,7600,B,0,0.30594072594072597,400,209,0.5225,0.5225,1.0,0.6863711001642037,0.4831122830289617,0.4189107943585761,1.0,0,191,0,209,42,threshold,2,source_switch
19,8000,B,0,0.30594072594072597,400,204,0.5,0.5050505050505051,0.9803921568627451,0.6666666666666666,0.4549805424009622,0.3937324929971989,1.0,0,196,4,200,42,threshold,2,source_switch
20,8400,B,0,0.30594072594072597,400,199,0.49,0.49370277078085645,0.9849246231155779,0.6577181208053692,0.4552053129520396,0.4109227730693267,1.0,0,201,3,196,42,threshold,2,source_switch
21,8800,B,0,0.30594072594072597,400,194,0.48,0.4823232323232323,0.9845360824742269,0.6474576271186441,0.45010669112363844,0.42150435391852664,0.9951456310679612,1,205,3,191,42,threshold,2,source_switch
22,9200,B,0,0.43405957155589514,400,204,0.5,0.5050761421319797,0.9754901960784313,0.6655518394648829,0.45538613750976376,0.3918942577030813,0.9948979591836735,1,195,5,199,42,threshold,2,source_switch
23,9600,B,0,0.43405957155589514,400,207,0.51,0.5139240506329114,0.9806763285024155,0.6744186046511628,0.45424089284335456,0.3754474230932894,0.9948186528497409,1,192,4,203,42,threshold,2,source_switch
24,10000,B,0,0.43405957155589514,400,198,0.4875,0.4911392405063291,0.9797979797979798,0.654300168634064,0.48310086726307366,0.466996699669967,0.995049504950495,1,201,4,194,42,threshold,2,source_switch
25,10400,B,0,0.43405957155589514,400,207,0.5125,0.5152284263959391,0.9806763285024155,0.6755407653910149,0.49913461768262646,0.4510650546919977,0.9896373056994818,2,191,4,203,42,threshold,2,source_switch
26,10800,B,0,0.14871410256410256,400,201,0.5,0.5012594458438288,0.9900497512437811,0.6655518394648829,0.4516874921671735,0.3993099827495688,0.9949748743718593,1,198,2,199,42,threshold,2,source_switch
27,11200,B,0,0.14871410256410256,400,212,0.5225,0.5264483627204031,0.9858490566037735,0.6863711001642037,0.4992584470842287,0.4329084704937776,1.0,0,188,3,209,42,threshold,2,source_switch
28,11600,B,0,0.14871410256410256,400,185,0.4575,0.45979899497487436,0.9891891891891892,0.62778730703259,0.4328306774651155,0.43713387806411064,1.0,0,215,2,183,42,threshold,2,source_switch
29,12000,B,0,0.14871410256410256,400,209,0.5125,0.5176767676767676,0.9808612440191388,0.6776859504132231,0.5025330075286247,0.4485458052556427,1.0,0,191,4,205,42,threshold,2,source_switch
0,400,A,0,0.5,400,211,0.9975,1.0,0.995260663507109,0.997624703087886,0.9992929215716251,0.9990721933849895,0.0,189,0,1,210,73,fixed,0,source_switch
1,800,A,0,0.5,400,205,0.995,1.0,0.9902439024390244,0.9950980392156863,0.998048008366982,0.9966228893058162,0.0,195,0,2,203,73,fixed,0,source_switch
2,1200,A,0,0.5,400,193,0.995,1.0,0.9896373056994818,0.9947916666666666,0.9977341047447846,0.9962454006157543,0.0,207,0,2,191,73,fixed,0,source_switch
3,1600,A,0,0.5,400,192,0.995,0.9947916666666666,0.9947916666666666,0.9947916666666666,0.9993165535444948,0.9992738381410258,0.004807692307692308,207,1,1,191,73,fixed,0,source_switch
4,2000,A,0,0.5,400,192,0.995,0.9947916666666666,0.9947916666666666,0.9947916666666666,0.9997896655586962,0.9997996794871795,0.004807692307692308,207,1,1,191,73,fixed,0,source_switch
5,2400,A,0,0.5,400,205,0.9975,1.0,0.9951219512195122,0.9975550122249389,1.0,1.0,0.0,195,0,1,204,73,fixed,0,source_switch
6,2800,A,0,0.5,400,207,0.995,1.0,0.9903381642512077,0.9951456310679612,0.9988263346959,0.9983730069334935,0.0,193,0,2,205,73,fixed,0,source_switch
7,3200,A,0,0.5,400,196,0.9975,1.0,0.9948979591836735,0.9974424552429667,0.9990131855211221,0.9988245298119247,0.0,204,0,1,195,73,fixed,0,source_switch
8,3600,A,0,0.5,400,204,0.995,0.9950980392156863,0.9950980392156863,0.9950980392156863,0.9998373757085772,0.9998249299719887,0.00510204081632653,195,1,1,203,73,fixed,0,source_switch
9,4000,A,0,0.5,400,216,0.995,1.0,0.9907407407407407,0.9953488372093023,0.9995897796530708,0.9994716183574879,0.0,184,0,2,214,73,fixed,0,source_switch
10,4400,A,0,0.5,400,205,0.995,1.0,0.9902439024390244,0.9950980392156863,0.9996364375199938,0.9995997498436523,0.0,195,0,2,203,73,fixed,0,source_switch
11,4800,A,0,0.5,400,193,0.9925,1.0,0.9844559585492227,0.9921671018276762,0.9968092643763922,0.9948561988435833,0.0,207,0,3,190,73,fixed,0,source_switch
12,5200,A,0,0.5,400,203,0.995,1.0,0.9901477832512315,0.995049504950495,0.998169866857814,0.9969993248480908,0.0,197,0,2,201,73,fixed,0,source_switch
13,5600,A,0,0.5,400,189,0.9975,1.0,0.9947089947089947,0.9973474801061007,0.9992961506722975,0.9992728002206674,0.0,211,0,1,188,73,fixed,0,source_switch
14,6000,A,0,0.5,400,195,1.0,1.0,1.0,1.0,1.0,0.9999999999999999,0.0,205,0,0,195,73,fixed,0,source_switch
15,6400,A,0,0.5,400,203,1.0,1.0,1.0,1.0,1.0,1.0,0.0,197,0,0,203,73,fixed,0,source_switch
16,6800,A,0,0.5,400,191,1.0,1.0,1.0,1.0,1.0,1.0,0.0,209,0,0,191,73,fixed,0,source_switch
17,7200,B,0,0.5,400,210,0.52,0.5226130653266332,0.9904761904761905,0.6842105263157895,0.541345361747912,0.49888471177944854,1.0,0,190,2,208,73,fixed,0,source_switch
18,7600,B,0,0.5,400,200,0.4925,0.49622166246851385,0.985,0.6599664991624791,0.48806663824970403,0.4536125,1.0,0,200,3,197,73,fixed,0,source_switch
19,8000,B,0,0.5,400,195,0.4725,0.4796954314720812,0.9692307692307692,0.6417657045840407,0.48427349249632934,0.46684177611006883,1.0,0,205,6,189,73,fixed,0,source_switch
20,8400,B,0,0.5,400,185,0.465,0.4634760705289673,0.9945945945945946,0.6323024054982818,0.4830709910325466,0.4940917661847895,0.9906976744186047,2,213,1,184,73,fixed,0,source_switch
21,8800,B,0,0.5,400,222,0.55,0.553030303030303,0.9864864864864865,0.7087378640776699,0.55435944417181,0.47789502986132204,0.9943820224719101,1,177,3,219,73,fixed,0,source_switch
22,9200,B,0,0.5,400,188,0.465,0.46683673469387754,0.973404255319149,0.6310344827586207,0.5221763818517783,0.552865315134484,0.9858490566037735,3,209,5,183,73,fixed,0,source_switch
23,9600,B,0,0.5,400,189,0.47,0.47103274559193953,0.9894179894179894,0.6382252559726962,0.4643937823738459,0.4505504150053913,0.995260663507109,1,210,2,187,73,fixed,0,source_switch
24,10000,B,0,0.5,400,197,0.4875,0.4899497487437186,0.9898477157360406,0.6554621848739496,0.46699189369970373,0.4359105798804731,1.0,0,203,2,195,73,fixed,0,source_switch
25,10400,B,0,0.5,400,204,0.4975,0.5037974683544304,0.9754901960784313,0.664440734557596,0.5149171136433247,0.4783538415366147,1.0,0,196,5,199,73,fixed,0,source_switch
26,10800,B,0,0.5,400,197,0.4875,0.4899497487437186,0.9898477157360406,0.6554621848739496,0.49985006471876187,0.480045510239804,1.0,0,203,2,195,73,fixed,0,source_switch
27,11200,B,0,0.5,400,207,0.5075,0.5126903553299492,0.9758454106280193,0.6722129783693843,0.5004361061290357,0.45167830592475783,0.9948186528497409,1,192,5,202,73,fixed,0,source_switch
28,11600,B,0,0.5,400,205,0.5075,0.51010101010101,0.9853658536585366,0.6722129783693843,0.5155402805070701,0.47439649781113197,0.9948717948717949,1,194,3,202,73,fixed,0,source_switch
29,12000,B,0,0.5,400,201,0.49,0.4962025316455696,0.9751243781094527,0.6577181208053692,0.4812153062871737,0.45329883247081176,1.0,0,199,5,196,73,fixed,0,source_switch
0,400,A,0,0.5,400,211,0.9975,1.0,0.995260663507109,0.997624703087886,0.9992929215716251,0.9990721933849895,0.0,189,0,1,210,73,periodic,0,source_switch
1,800,A,0,0.5,400,205,0.995,1.0,0.9902439024390244,0.9950980392156863,0.998048008366982,0.9966228893058162,0.0,195,0,2,203,73,periodic,0,source_switch
2,1200,A,0,0.5,400,193,0.995,1.0,0.9896373056994818,0.9947916666666666,0.9977341047447846,0.9962454006157543,0.0,207,0,2,191,73,periodic,0,source_switch
3,1600,A,0,0.5,400,192,0.995,0.9947916666666666,0.9947916666666666,0.9947916666666666,0.9993165535444948,0.9992738381410258,0.004807692307692308,207,1,1,191,73,periodic,0,source_switch
4,2000,A,1,0.5,400,192,0.995,0.9947916666666666,0.9947916666666666,0.9947916666666666,0.9999191791058133,0.9999248798076924,0.004807692307692308,207,1,1,191,73,periodic,0,source_switch
5,2400,A,1,0.5,400,205,0.9975,1.0,0.9951219512195122,0.9975550122249389,1.0,1.0,0.0,195,0,1,204,73,periodic,0,source_switch
6,2800,A,1,0.5,400,207,0.995,1.0,0.9903381642512077,0.9951456310679612,0.998948025726916,0.9985732522339865,0.0,193,0,2,205,73,periodic,0,source_switch
7,3200,A,1,0.5,400,196,0.9975,1.0,0.9948979591836735,0.9974424552429667,0.9981874328678839,0.9972989195678271,0.0,204,0,1,195,73,periodic,0,source_switch
8,3600,A,2,0.5,400,204,0.995,0.9950980392156863,0.9950980392156863,0.9950980392156863,0.9997063341465618,0.9996748699479792,0.00510204081632653,195,1,1,203,73,periodic,0,source_switch
9,4000,A,2,0.5,400,216,0.995,1.0,0.9907407407407407,0.9953488372093023,0.9988577088296874,0.998238727858293,0.0,184,0,2,214,73,periodic,0,source_switch
10,4400,A,2,0.5,400,205,0.995,1.0,0.9902439024390244,0.9950980392156863,0.9991642221243053,0.9990243902439024,0.0,195,0,2,203,73,periodic,0,source_switch
11,4800,A,2,0.5,400,193,0.9925,1.0,0.9844559585492227,0.9921671018276762,0.9970375016603158,0.9949187754999875,0.0,207,0,3,190,73,periodic,0,source_switch
12,5200,A,3,0.5,400,203,0.995,0.9950738916256158,0.9950738916256158,0.9950738916256158,0.997898750382678,0.9962366532469805,0.005076142131979695,196,1,1,202,73,periodic,0,source_switch
13,5600,A,3,0.5,400,189,1.0,1.0,1.0,1.0,1.0,1.0,0.0,211,0,0,189,73,periodic,0,source_switch
14,6000,A,3,0.5,400,195,1.0,1.0,1.0,1.0,1.0,1.0,0.0,205,0,0,195,73,periodic,0,source_switch
15,6400,A,3,0.5,400,203,1.0,1.0,1.0,1.0,1.0,1.0,0.0,197,0,0,203,73,periodic,0,source_switch
16,6800,A,4,0.5,400,191,0.9975,0.9947916666666666,1.0,0.9973890339425587,1.0,1.0,0.004784688995215311,208,1,0,191,73,periodic,0,source_switch
17,7200,B,4,0.5,400,210,0.52,0.5226130653266332,0.9904761904761905,0.6842105263157895,0.5130006485388386,0.4541353383458647,1.0,0,190,2,208,73,periodic,0,source_switch
18,7600,B,4,0.5,400,200,0.4925,0.49622166246851385,0.985,0.6599664991624791,0.4503078538812326,0.3949625,1.0,0,200,3,197,73,periodic,0,source_switch
19,8000,B,4,0.5,400,195,0.475,0.4810126582278481,0.9743589743589743,0.6440677966101694,0.4430123088746203,0.40501563477173236,1.0,0,205,5,190,73,periodic,0,source_switch
20,8400,B,5,0.5,400,185,0.9175,0.8877551020408163,0.9405405405405406,0.9133858267716536,0.9652083037933011,0.9752105593966058,0.10232558139534884,193,22,11,174,73,periodic,0,source_switch
21,8800,B,5,0.5,400,222,0.91,0.8974358974358975,0.9459459459459459,0.9210526315789473,0.9793394010049654,0.9695313290818909,0.1348314606741573,154,24,12,210,73,periodic,0,source_switch
22,9200,B,5,0.5,400,188,0.92,0.89,0.9468085106382979,0.9175257731958762,0.9707644782491575,0.9685492773986351,0.10377358490566038,190,22,10,178,73,periodic,0,source_switch
23,9600,B,5,0.5,400,189,0.9125,0.8811881188118812,0.9417989417989417,0.9104859335038363,0.9760201715394137,0.9737706562351113,0.11374407582938388,187,24,11,178,73,periodic,0,source_switch
24,10000,B,6,0.5,400,197,0.9475,0.9583333333333334,0.934010152284264,0.9460154241645244,0.9831028511090709,0.9822710109774698,0.03940886699507389,195,8,13,184,73,periodic,0,source_switch
25,10400,B,6,0.5,400,204,0.9325,0.9538461538461539,0.9117647058823529,0.9323308270676691,0.9836546373946309,0.9799419767907163,0.04591836734693878,187,9,18,186,73,periodic,0,source_switch
26,10800,B,6,0.5,400,197,0.9075,0.8960396039603961,0.9187817258883249,0.9072681704260651,0.9718536437758077,0.9712935410467355,0.10344827586206896,182,21,16,181,73,periodic,0,source_switch
27,11200,B,6,0.5,400,207,0.9425,0.9380952380952381,0.9516908212560387,0.9448441247002398,0.9714017349432426,0.9707266401341644,0.06735751295336788,180,13,10,197,73,periodic,0,source_switch
28,11600,B,7,0.5,400,205,0.9475,0.9466019417475728,0.9512195121951219,0.948905109489051,0.9891093677207041,0.9889931207004378,0.05641025641025641,184,11,10,195,73,periodic,0,source_switch
29,12000,B,7,0.5,400,201,0.955,0.9740932642487047,0.9353233830845771,0.9543147208121827,0.9937802796228877,0.9939748493712343,0.02512562814070352,194,5,13,188,73,periodic,0,source_switch
0,400,A,0,0.5,400,211,0.9975,1.0,0.995260663507109,0.997624703087886,0.9992929215716251,0.9990721933849895,0.0,189,0,1,210,73,drift,0,source_switch
1,800,A,0,0.5,400,205,0.995,1.0,0.9902439024390244,0.9950980392156863,0.998048008366982,0.9966228893058162,0.0,195,0,2,203,73,drift,0,source_switch
2,1200,A,0,0.5,400,193,0.995,1.0,0.9896373056994818,0.9947916666666666,0.9977341047447846,0.9962454006157543,0.0,207,0,2,191,73,drift,0,source_switch
3,1600,A,0,0.5,400,192,0.995,0.9947916666666666,0.9947916666666666,0.9947916666666666,0.9993165535444948,0.9992738381410258,0.004807692307692308,207,1,1,191,73,drift,0,source_switch
4,2000,A,0,0.5,400,192,0.995,0.9947916666666666,0.9947916666666666,0.9947916666666666,0.9997896655586962,0.9997996794871794,0.004807692307692308,207,1,1,191,73,drift,0,source_switch
5,2400,A,0,0.5,400,205,0.9975,1.0,0.9951219512195122,0.9975550122249389,1.0,1.0,0.0,195,0,1,204,73,drift,0,source_switch
6,2800,A,0,0.5,400,207,0.995,1.0,0.9903381642512077,0.9951456310679612,0.9988263346959,0.9983730069334935,0.0,193,0,2,205,73,drift,0,source_switch
7,3200,A,0,0.5,400,196,0.9975,1.0,0.9948979591836735,0.9974424552429667,0.9990131855211221,0.9988245298119248,0.0,204,0,1,195,73,drift,0,source_switch
8,3600,A,0,0.5,400,204,0.995,0.9950980392156863,0.9950980392156863,0.9950980392156863,0.9998373757085772,0.9998249299719887,0.00510204081632653,195,1,1,203,73,drift,0,source_switch
9,4000,A,0,0.5,400,216,0.995,1.0,0.9907407407407407,0.9953488372093023,0.9995897796530708,0.9994716183574879,0.0,184,0,2,214,73,drift,0,source_switch
10,4400,A,0,0.5,400,205,0.995,1.0,0.9902439024390244,0.9950980392156863,0.9996364375199938,0.9995997498436523,0.0,195,0,2,203,73,drift,0,source_switch
11,4800,A,0,0.5,400,193,0.9925,1.0,0.9844559585492227,0.9921671018276762,0.9968092643763922,0.9948561988435833,0.0,207,0,3,190,73,drift,0,source_switch
12,5200,A,0,0.5,400,203,0.995,1.0,0.9901477832512315,0.995049504950495,0.998169866857814,0.9969993248480908,0.0,197,0,2,201,73,drift,0,source_switch
13,5600,A,0,0.5,400,189,0.9975,1.0,0.9947089947089947,0.9973474801061007,0.9992961506722975,0.9992728002206674,0.0,211,0,1,188,73,drift,0,source_switch
14,6000,A,0,0.5,400,195,1.0,1.0,1.0,1.0,1.0,1.0,0.0,205,0,0,195,73,drift,0,source_switch
15,6400,A,0,0.5,400,203,1.0,1.0,1.0,1.0,1.0,1.0,0.0,197,0,0,203,73,drift,0,source_switch
16,6800,A,0,0.5,400,191,1.0,1.0,1.0,1.0,1.0,1.0,0.0,209,0,0,191,73,drift,0,source_switch
17,7200,B,0,0.5,400,210,0.52,0.5226130653266332,0.9904761904761905,0.6842105263157895,0.5417742902264457,0.5002882205513784,1.0,0,190,2,208,73,drift,0,source_switch
18,7600,B,1,0.5,400,200,0.8075,0.7286245353159851,0.98,0.835820895522388,0.92744883904293,0.9307749999999999,0.365,127,73,4,196,73,drift,0,source_switch
19,8000,B,1,0.5,400,195,0.75,0.6702508960573477,0.958974358974359,0.7890295358649789,0.935424294321185,0.9338711694809256,0.44878048780487806,113,92,8,187,73,drift,0,source_switch
20,8400,B,1,0.5,400,185,0.765,0.6691449814126395,0.972972972972973,0.7929515418502202,0.9318477659156817,0.9447014456316782,0.413953488372093,126,89,5,180,73,drift,0,source_switch
21,8800,B,1,0.5,400,222,0.82,0.7659574468085106,0.972972972972973,0.8571428571428571,0.9684132264645748,0.9560937341836218,0.3707865168539326,112,66,6,216,73,drift,0,source_switch
22,9200,B,1,0.5,400,188,0.795,0.70703125,0.9627659574468085,0.8153153153153153,0.9511592533730961,0.9486401043757526,0.35377358490566035,137,75,7,181,73,drift,0,source_switch
23,9600,B,1,0.5,400,189,0.81,0.7198443579766537,0.9788359788359788,0.8295964125560538,0.9478948083946233,0.9516286767471601,0.3412322274881517,139,72,4,185,73,drift,0,source_switch
24,10000,B,1,0.5,400,197,0.7625,0.6808510638297872,0.9746192893401016,0.8016701461377871,0.9601566848467977,0.9547148108324371,0.4433497536945813,113,90,5,192,73,drift,0,source_switch
25,10400,B,1,0.5,400,204,0.78,0.7101449275362319,0.9607843137254902,0.8166666666666667,0.9488757059386508,0.9359243697478992,0.40816326530612246,116,80,8,196,73,drift,0,source_switch
26,10800,B,1,0.5,400,197,0.7475,0.6678321678321678,0.9695431472081218,0.7908902691511387,0.9231765642131301,0.9320722162486559,0.46798029556650245,108,95,6,191,73,drift,0,source_switch
27,11200,B,1,0.5,400,207,0.7925,0.7262773722627737,0.961352657004831,0.8274428274428275,0.9266316572067471,0.9227178293409426,0.38860103626943004,118,75,8,199,73,drift,0,source_switch
28,11600,B,1,0.5,400,205,0.81,0.7362637362637363,0.9804878048780488,0.8410041841004184,0.9631160721996925,0.9569230769230769,0.36923076923076925,123,72,4,201,73,drift,0,source_switch
29,12000,B,1,0.5,400,201,0.775,0.7063197026022305,0.945273631840796,0.8085106382978723,0.9644693154031705,0.948348708717718,0.3969849246231156,120,79,11,190,73,drift,0,source_switch
0,400,A,0,0.5,400,211,0.9975,1.0,0.995260663507109,0.997624703087886,0.9992929215716251,0.9990721933849895,0.0,189,0,1,210,73,threshold,0,source_switch
1,800,A,0,0.5,400,205,0.995,1.0,0.9902439024390244,0.9950980392156863,0.998048008366982,0.9966228893058162,0.0,195,0,2,203,73,threshold,0,source_switch
2,1200,A,0,0.5,400,193,0.995,1.0,0.9896373056994818,0.9947916666666666,0.9977341047447846,0.9962454006157543,0.0,207,0,2,191,73,threshold,0,source_switch
3,1600,A,0,0.5,400,192,0.995,0.9947916666666666,0.9947916666666666,0.9947916666666666,0.9993165535444948,0.9992738381410257,0.004807692307692308,207,1,1,191,73,threshold,0,source_switch
4,2000,A,0,0.37558826945412305,400,192,0.995,0.9947916666666666,0.9947916666666666,0.9947916666666666,0.9997896655586962,0.9997996794871794,0.004807692307692308,207,1,1,191,73,threshold,0,source_switch
5,2400,A,0,0.37558826945412305,400,205,0.9975,0.9951456310679612,1.0,0.9975669099756691,1.0,1.0,0.005128205128205128,194,1,0,205,73,threshold,0,source_switch
6,2800,A,0,0.37558826945412305,400,207,0.9925,0.9951456310679612,0.9903381642512077,0.9927360774818402,0.9988263346959,0.9983730069334935,0.0051813471502590676,192,1,2,205,73,threshold,0,source_switch
7,3200,A,0,0.37558826945412305,400,196,0.9975,1.0,0.9948979591836735,0.9974424552429667,0.9990131855211221,0.9988245298119247,0.0,204,0,1,195,73,threshold,0,source_switch
8,3600,A,0,0.43177109129301355,400,204,0.995,0.9950980392156863,0.9950980392156863,0.9950980392156863,0.9998373757085772,0.9998249299719887,0.00510204081632653,195,1,1,203,73,threshold,0,source_switch
9,4000,A,0,0.43177109129301355,400,216,0.995,1.0,0.9907407407407407,0.9953488372093023,0.9995897796530708,0.9994716183574879,0.0,184,0,2,214,73,threshold,0,source_switch
10,4400,A,0,0.43177109129301355,400,205,0.995,1.0,0.9902439024390244,0.9950980392156863,0.9996364375199938,0.9995997498436523,0.0,195,0,2,203,73,threshold,0,source_switch
11,4800,A,0,0.43177109129301355,400,193,0.9925,1.0,0.9844559585492227,0.9921671018276762,0.9968092643763922,0.9948561988435833,0.0,207,0,3,190,73,threshold,0,source_switch
12,5200,A,0,0.43685949376154043,400,203,0.995,1.0,0.9901477832512315,0.995049504950495,0.998169866857814,0.9969993248480908,0.0,197,0,2,201,73,threshold,0,source_switch
13,5600,A,0,0.43685949376154043,400,189,0.9975,1.0,0.9947089947089947,0.9973474801061007,0.9992961506722975,0.9992728002206674,0.0,211,0,1,188,73,threshold,0,source_switch
14,6000,A,0,0.43685949376154043,400,195,1.0,1.0,1.0,1.0,1.0,0.9999999999999999,0.0,205,0,0,195,73,threshold,0,source_switch
15,6400,A,0,0.43685949376154043,400,203,1.0,1.0,1.0,1.0,1.0,1.0,0.0,197,0,0,203,73,threshold,0,source_switch
16,6800,A,0,0.42775493612078974,400,191,1.0,1.0,1.0,1.0,1.0,1.0,0.0,209,0,0,191,73,threshold,0,source_switch
17,7200,B,0,0.42775493612078974,400,210,0.52,0.5226130653266332,0.9904761904761905,0.6842105263157895,0.5417742902264457,0.5002756892230577,1.0,0,190,2,208,73,threshold,0,source_switch
18,7600,B,0,0.42775493612078974,400,200,0.4925,0.49622166246851385,0.985,0.6599664991624791,0.48899246927220524,0.45537500000000003,1.0,0,200,3,197,73,threshold,0,source_switch
19,8000,B,0,0.42775493612078974,400,195,0.475,0.4810126582278481,0.9743589743589743,0.6440677966101694,0.4847955185193301,0.46790494058786736,1.0,0,205,5,190,73,threshold,0,source_switch
20,8400,B,0,0.3569056679232934,400,185,0.4625,0.4623115577889447,0.9945945945945946,0.6312178387650086,0.48306449904632676,0.4938780641106223,0.9953488372093023,1,214,1,184,73,threshold,0,source_switch
21,8800,B,0,0.3569056679232934,400,222,0.55,0.553030303030303,0.9864864864864865,0.7087378640776699,0.55435944417181,0.47789502986132204,0.9943820224719101,1,177,3,219,73,threshold,0,source_switch
22,9200,B,0,0.3569056679232934,400,188,0.4625,0.46564885496183206,0.973404255319149,0.6299483648881239,0.5221383666337648,0.5528151344841428,0.9905660377358491,2,210,5,183,73,threshold,0,source_switch
23,9600,B,0,0.3569056679232934,400,189,0.4725,0.4723618090452261,0.9947089947089947,0.6405451448040886,0.46410712820373096,0.4495849946086913,0.995260663507109,1,210,1,188,73,threshold,0,source_switch
24,10000,B,0,0.34561073384090557,400,197,0.4875,0.4899497487437186,0.9898477157360406,0.6554621848739496,0.4670238171340332,0.435948088319872,1.0,0,203,2,195,73,threshold,0,source_switch
25,10400,B,0,0.34561073384090557,400,204,0.5,0.5050505050505051,0.9803921568627451,0.6666666666666666,0.5144976875523153,0.4774284713885555,1.0,0,196,4,200,73,threshold,0,source_switch
26,10800,B,0,0.34561073384090557,400,197,0.4875,0.4899497487437186,0.9898477157360406,0.6554621848739496,0.49985006471876187,0.48005801305293694,1.0,0,203,2,195,73,threshold,0,source_switch
27,11200,B,0,0.34561073384090557,400,207,0.5075,0.5126903553299492,0.9758454106280193,0.6722129783693843,0.5009761162912063,0.4530299617030863,0.9948186528497409,1,192,5,202,73,threshold,0,source_switch
28,11600,B,0,0.00986198137374504,400,205,0.5125,0.5125,1.0,0.6776859504132231,0.5158815874877984,0.4750469043151971,1.0,0,195,0,205,73,threshold,0,source_switch
29,12000,B,0,0.00986198137374504,400,201,0.5025,0.5025,1.0,0.6688851913477537,0.48070558651314566,0.4519987999699992,1.0,0,199,0,201,73,threshold,0,source_switch
0,400,A,0,0.5,400,211,0.9975,1.0,0.995260663507109,0.997624703087886,0.9992929215716251,0.9990721933849895,0.0,189,0,1,210,73,fixed,2,source_switch
1,800,A,0,0.5,400,205,0.995,1.0,0.9902439024390244,0.9950980392156863,0.998048008366982,0.9966228893058162,0.0,195,0,2,203,73,fixed,2,source_switch
2,1200,A,0,0.5,400,193,0.995,1.0,0.9896373056994818,0.9947916666666666,0.9977341047447846,0.9962454006157543,0.0,207,0,2,191,73,fixed,2,source_switch
3,1600,A,0,0.5,400,192,0.995,0.9947916666666666,0.9947916666666666,0.9947916666666666,0.9993165535444948,0.9992738381410258,0.004807692307692308,207,1,1,191,73,fixed,2,source_switch
4,2000,A,0,0.5,400,192,0.995,0.9947916666666666,0.9947916666666666,0.9947916666666666,0.9997896655586962,0.9997996794871795,0.004807692307692308,207,1,1,191,73,fixed,2,source_switch
5,2400,A,0,0.5,400,205,0.9975,1.0,0.9951219512195122,0.9975550122249389,1.0,1.0,0.0,195,0,1,204,73,fixed,2,source_switch
6,2800,A,0,0.5,400,207,0.995,1.0,0.9903381642512077,0.9951456310679612,0.9988263346959,0.9983730069334935,0.0,193,0,2,205,73,fixed,2,source_switch
7,3200,A,0,0.5,400,196,0.9975,1.0,0.9948979591836735,0.9974424552429667,0.9990131855211221,0.9988245298119247,0.0,204,0,1,195,73,fixed,2,source_switch
8,3600,A,0,0.5,400,204,0.995,0.9950980392156863,0.9950980392156863,0.9950980392156863,0.9998373757085772,0.9998249299719887,0.00510204081632653,195,1,1,203,73,fixed,2,source_switch
9,4000,A,0,0.5,400,216,0.995,1.0,0.9907407407407407,0.9953488372093023,0.9995897796530708,0.9994716183574879,0.0,184,0,2,214,73,fixed,2,source_switch
10,4400,A,0,0.5,400,205,0.995,1.0,0.9902439024390244,0.9950980392156863,0.9996364375199938,0.9995997498436523,0.0,195,0,2,203,73,fixed,2,source_switch
11,4800,A,0,0.5,400,193,0.9925,1.0,0.9844559585492227,0.9921671018276762,0.9968092643763922,0.9948561988435833,0.0,207,0,3,190,73,fixed,2,source_switch
12,5200,A,0,0.5,400,203,0.995,1.0,0.9901477832512315,0.995049504950495,0.998169866857814,0.9969993248480908,0.0,197,0,2,201,73,fixed,2,source_switch
13,5600,A,0,0.5,400,189,0.9975,1.0,0.9947089947089947,0.9973474801061007,0.9992961506722975,0.9992728002206674,0.0,211,0,1,188,73,fixed,2,source_switch
14,6000,A,0,0.5,400,195,1.0,1.0,1.0,1.0,1.0,0.9999999999999999,0.0,205,0,0,195,73,fixed,2,source_switch
15,6400,A,0,0.5,400,203,1.0,1.0,1.0,1.0,1.0,1.0,0.0,197,0,0,203,73,fixed,2,source_switch
16,6800,A,0,0.5,400,191,1.0,1.0,1.0,1.0,1.0,1.0,0.0,209,0,0,191,73,fixed,2,source_switch
17,7200,B,0,0.5,400,210,0.52,0.5226130653266332,0.9904761904761905,0.6842105263157895,0.5417742902264457,0.5002756892230577,1.0,0,190,2,208,73,fixed,2,source_switch
18,7600,B,0,0.5,400,200,0.4925,0.49622166246851385,0.985,0.6599664991624791,0.48892225156872726,0.4552875,1.0,0,200,3,197,73,fixed,2,source_switch
19,8000,B,0,0.5,400,195,0.4725,0.4796954314720812,0.9692307692307692,0.6417657045840407,0.484835319514355,0.46799249530956843,1.0,0,205,6,189,73,fixed,2,source_switch
20,8400,B,0,0.5,400,185,0.465,0.4634760705289673,0.9945945945945946,0.6323024054982818,0.4830709910325466,0.49405405405405406,0.9906976744186047,2,213,1,184,73,fixed,2,source_switch
21,8800,B,0,0.5,400,222,0.55,0.553030303030303,0.9864864864864865,0.7087378640776699,0.5547111101204885,0.47843911327057387,0.9943820224719101,1,177,3,219,73,fixed,2,source_switch
22,9200,B,0,0.5,400,188,0.465,0.46683673469387754,0.973404255319149,0.6310344827586207,0.5225108639673783,0.5533671216378964,0.9858490566037735,3,209,5,183,73,fixed,2,source_switch
23,9600,B,0,0.5,400,189,0.47,0.47103274559193953,0.9894179894179894,0.6382252559726962,0.4643937823738459,0.4505504150053913,0.995260663507109,1,210,2,187,73,fixed,2,source_switch
24,10000,B,0,0.5,400,197,0.4875,0.4899497487437186,0.9898477157360406,0.6554621848739496,0.4675890737306133,0.43657322897651973,1.0,0,203,2,195,73,fixed,2,source_switch
25,10400,B,0,0.5,400,204,0.4975,0.5037974683544304,0.9754901960784313,0.664440734557596,0.5148360954098806,0.4782663065226091,1.0,0,196,5,199,73,fixed,2,source_switch
26,10800,B,0,0.5,400,197,0.4875,0.4899497487437186,0.9898477157360406,0.6554621848739496,0.499838784402913,0.480033007426671,1.0,0,203,2,195,73,fixed,2,source_switch
27,11200,B,0,0.5,400,207,0.5075,0.5126903553299492,0.9758454106280193,0.6722129783693843,0.5004432591909037,0.4516908212560387,0.9948186528497409,1,192,5,202,73,fixed,2,source_switch
28,11600,B,0,0.5,400,205,0.5075,0.51010101010101,0.9853658536585366,0.6722129783693843,0.5155473371856898,0.47440900562851784,0.9948717948717949,1,194,3,202,73,fixed,2,source_switch
29,12000,B,0,0.5,400,201,0.49,0.4962025316455696,0.9751243781094527,0.6577181208053692,0.4807037915071197,0.4521613040326008,1.0,0,199,5,196,73,fixed,2,source_switch
0,400,A,0,0.5,400,211,0.9975,1.0,0.995260663507109,0.997624703087886,0.9992929215716251,0.9990721933849895,0.0,189,0,1,210,73,periodic,2,source_switch
1,800,A,0,0.5,400,205,0.995,1.0,0.9902439024390244,0.9950980392156863,0.998048008366982,0.9966228893058162,0.0,195,0,2,203,73,periodic,2,source_switch
2,1200,A,0,0.5,400,193,0.995,1.0,0.9896373056994818,0.9947916666666666,0.9977341047447846,0.9962454006157543,0.0,207,0,2,191,73,periodic,2,source_switch
3,1600,A,0,0.5,400,192,0.995,0.9947916666666666,0.9947916666666666,0.9947916666666666,0.9993165535444948,0.9992738381410257,0.004807692307692308,207,1,1,191,73,periodic,2,source_switch
4,2000,A,0,0.5,400,192,0.995,0.9947916666666666,0.9947916666666666,0.9947916666666666,0.9997896655586962,0.9997996794871795,0.004807692307692308,207,1,1,191,73,periodic,2,source_switch
5,2400,A,0,0.5,400,205,0.9975,1.0,0.9951219512195122,0.9975550122249389,1.0,1.0,0.0,195,0,1,204,73,periodic,2,source_switch
6,2800,A,1,0.5,400,207,0.995,1.0,0.9903381642512077,0.9951456310679612,0.998948025726916,0.9985732522339865,0.0,193,0,2,205,73,periodic,2,source_switch
7,3200,A,1,0.5,400,196,0.9975,1.0,0.9948979591836735,0.9974424552429667,0.9981874328678839,0.9972989195678271,0.0,204,0,1,195,73,periodic,2,source_switch
8,3600,A,1,0.5,400,204,0.995,0.9950980392156863,0.9950980392156863,0.9950980392156863,0.9997928748964374,0.9997749099639855,0.00510204081632653,195,1,1,203,73,periodic,2,source_switch
9,4000,A,1,0.5,400,216,0.995,1.0,0.9907407407407407,0.9953488372093023,0.9996076585059636,0.9994967793880837,0.0,184,0,2,214,73,periodic,2,source_switch
10,4400,A,2,0.5,400,205,0.995,1.0,0.9902439024390244,0.9950980392156863,0.9991642221243053,0.9990243902439024,0.0,195,0,2,203,73,periodic,2,source_switch
11,4800,A,2,0.5,400,193,0.9925,1.0,0.9844559585492227,0.9921671018276762,0.9970375016603158,0.9949187754999875,0.0,207,0,3,190,73,periodic,2,source_switch
12,5200,A,2,0.5,400,203,0.9975,1.0,0.9950738916256158,0.9975308641975309,0.9979474548440066,0.9963866870045761,0.0,197,0,1,202,73,periodic,2,source_switch
13,5600,A,2,0.5,400,189,0.9975,1.0,0.9947089947089947,0.9973474801061007,0.9999721526037315,0.9999749241455402,0.0,211,0,1,188,73,periodic,2,source_switch
14,6000,A,3,0.5,400,195,1.0,1.0,1.0,1.0,0.9999999999999999,1.0,0.0,205,0,0,195,73,periodic,2,source_switch
15,6400,A,3,0.5,400,203,1.0,1.0,1.0,1.0,1.0,1.0,0.0,197,0,0,203,73,periodic,2,source_switch
16,6800,A,3,0.5,400,191,0.9975,0.9947916666666666,1.0,0.9973890339425587,1.0,1.0,0.004784688995215311,208,1,0,191,73,periodic,2,source_switch
17,7200,B,3,0.5,400,210,0.52,0.5226130653266332,0.9904761904761905,0.6842105263157895,0.5354789402972595,0.497531328320802,1.0,0,190,2,208,73,periodic,2,source_switch
18,7600,B,4,0.5,400,200,0.4925,0.49622166246851385,0.985,0.6599664991624791,0.45032179643223247,0.39497499999999997,1.0,0,200,3,197,73,periodic,2,source_switch
19,8000,B,4,0.5,400,195,0.475,0.4810126582278481,0.9743589743589743,0.6440677966101694,0.4430123088746203,0.40501563477173236,1.0,0,205,5,190,73,periodic,2,source_switch
20,8400,B,4,0.5,400,185,0.465,0.4634760705289673,0.9945945945945946,0.6323024054982818,0.4401260313895484,0.443507228158391,0.9906976744186047,2,213,1,184,73,periodic,2,source_switch
21,8800,B,4,0.5,400,222,0.5525,0.5541561712846348,0.990990990990991,0.7108239095315024,0.5284087828817166,0.43608917906670713,0.9943820224719101,1,177,2,220,73,periodic,2,source_switch
22,9200,B,5,0.5,400,188,0.92,0.89,0.9468085106382979,0.9175257731958762,0.9707644782491575,0.9685492773986351,0.10377358490566038,190,22,10,178,73,periodic,2,source_switch
23,9600,B,5,0.5,400,189,0.9125,0.8811881188118812,0.9417989417989417,0.9104859335038363,0.9760201715394137,0.9737706562351113,0.11374407582938388,187,24,11,178,73,periodic,2,source_switch
24,10000,B,5,0.5,400,197,0.91,0.8815165876777251,0.9441624365482234,0.9117647058823529,0.9734790108538965,0.9692430796929309,0.12315270935960591,178,25,11,186,73,periodic,2,source_switch
25,10400,B,5,0.5,400,204,0.905,0.8915094339622641,0.9264705882352942,0.9086538461538461,0.9710686242482686,0.9605592236894759,0.11734693877551021,173,23,15,189,73,periodic,2,source_switch
26,10800,B,6,0.5,400,197,0.9075,0.8960396039603961,0.9187817258883249,0.9072681704260651,0.9718536437758077,0.9712935410467355,0.10344827586206896,182,21,16,181,73,periodic,2,source_switch
27,11200,B,6,0.5,400,207,0.9425,0.9380952380952381,0.9516908212560387,0.9448441247002398,0.9714017349432426,0.9707266401341644,0.06735751295336788,180,13,10,197,73,periodic,2,source_switch
28,11600,B,6,0.5,400,205,0.9375,0.9411764705882353,0.9365853658536586,0.9388753056234719,0.9850063171675735,0.9827141963727329,0.06153846153846154,183,12,13,192,73,periodic,2,source_switch
29,12000,B,6,0.5,400,201,0.9475,0.9736842105263158,0.9203980099502488,0.9462915601023018,0.9841843134341509,0.9783494587364684,0.02512562814070352,194,5,16,185,73,periodic,2,source_switch
0,400,A,0,0.5,400,211,0.9975,1.0,0.995260663507109,0.997624703087886,0.9992929215716251,0.9990721933849895,0.0,189,0,1,210,73,drift,2,source_switch
1,800,A,0,0.5,400,205,0.995,1.0,0.9902439024390244,0.9950980392156863,0.998048008366982,0.9966228893058162,0.0,195,0,2,203,73,drift,2,source_switch
2,1200,A,0,0.5,400,193,0.995,1.0,0.9896373056994818,0.9947916666666666,0.9977341047447846,0.9962454006157543,0.0,207,0,2,191,73,drift,2,source_switch
3,1600,A,0,0.5,400,192,0.995,0.9947916666666666,0.9947916666666666,0.9947916666666666,0.9993165535444948,0.9992738381410257,0.004807692307692308,207,1,1,191,73,drift,2,source_switch
4,2000,A,0,0.5,400,192,0.995,0.9947916666666666,0.9947916666666666,0.9947916666666666,0.9997896655586962,0.9997996794871795,0.004807692307692308,207,1,1,191,73,drift,2,source_switch
5,2400,A,0,0.5,400,205,0.9975,1.0,0.9951219512195122,0.9975550122249389,1.0,1.0,0.0,195,0,1,204,73,drift,2,source_switch
6,2800,A,0,0.5,400,207,0.995,1.0,0.9903381642512077,0.9951456310679612,0.9988263346959,0.9983730069334935,0.0,193,0,2,205,73,drift,2,source_switch
7,3200,A,0,0.5,400,196,0.9975,1.0,0.9948979591836735,0.9974424552429667,0.9990131855211221,0.9988245298119247,0.0,204,0,1,195,73,drift,2,source_switch
8,3600,A,0,0.5,400,204,0.995,0.9950980392156863,0.9950980392156863,0.9950980392156863,0.9998373757085772,0.9998249299719887,0.00510204081632653,195,1,1,203,73,drift,2,source_switch
9,4000,A,0,0.5,400,216,0.995,1.0,0.9907407407407407,0.9953488372093023,0.9995897796530708,0.9994716183574879,0.0,184,0,2,214,73,drift,2,source_switch
10,4400,A,0,0.5,400,205,0.995,1.0,0.9902439024390244,0.9950980392156863,0.9996364375199938,0.9995997498436523,0.0,195,0,2,203,73,drift,2,source_switch
11,4800,A,0,0.5,400,193,0.9925,1.0,0.9844559585492227,0.9921671018276762,0.9968092643763922,0.9948561988435833,0.0,207,0,3,190,73,drift,2,source_switch
12,5200,A,0,0.5,400,203,0.995,1.0,0.9901477832512315,0.995049504950495,0.998169866857814,0.9969993248480908,0.0,197,0,2,201,73,drift,2,source_switch
13,5600,A,0,0.5,400,189,0.9975,1.0,0.9947089947089947,0.9973474801061007,0.9992961506722975,0.9992728002206676,0.0,211,0,1,188,73,drift,2,source_switch
14,6000,A,0,0.5,400,195,1.0,1.0,1.0,1.0,1.0,0.9999999999999999,0.0,205,0,0,195,73,drift,2,source_switch
15,6400,A,0,0.5,400,203,1.0,1.0,1.0,1.0,1.0,1.0,0.0,197,0,0,203,73,drift,2,source_switch
16,6800,A,0,0.5,400,191,1.0,1.0,1.0,1.0,1.0,1.0,0.0,209,0,0,191,73,drift,2,source_switch
17,7200,B,0,0.5,400,210,0.52,0.5226130653266332,0.9904761904761905,0.6842105263157895,0.5417202221807458,0.5002005012531329,1.0,0,190,2,208,73,drift,2,source_switch
18,7600,B,0,0.5,400,200,0.4925,0.49622166246851385,0.985,0.6599664991624791,0.48821774761533293,0.45388750000000005,1.0,0,200,3,197,73,drift,2,source_switch
19,8000,B,0,0.5,400,195,0.4725,0.4796954314720812,0.9692307692307692,0.6417657045840407,0.484835319514355,0.46797998749218267,1.0,0,205,6,189,73,drift,2,source_switch
20,8400,B,1,0.5,400,185,0.765,0.6691449814126395,0.972972972972973,0.7929515418502202,0.9318477659156817,0.9447014456316782,0.413953488372093,126,89,5,180,73,drift,2,source_switch
21,8800,B,1,0.5,400,222,0.82,0.7659574468085106,0.972972972972973,0.8571428571428571,0.9684132264645748,0.9560937341836218,0.3707865168539326,112,66,6,216,73,drift,2,source_switch
22,9200,B,1,0.5,400,188,0.795,0.70703125,0.9627659574468085,0.8153153153153153,0.9511592533730961,0.9486401043757526,0.35377358490566035,137,75,7,181,73,drift,2,source_switch
23,9600,B,1,0.5,400,189,0.81,0.7198443579766537,0.9788359788359788,0.8295964125560538,0.9478948083946233,0.9516286767471601,0.3412322274881517,139,72,4,185,73,drift,2,source_switch
24,10000,B,1,0.5,400,197,0.7625,0.6808510638297872,0.9746192893401016,0.8016701461377871,0.9601566848467977,0.9547148108324371,0.4433497536945813,113,90,5,192,73,drift,2,source_switch
25,10400,B,1,0.5,400,204,0.78,0.7101449275362319,0.9607843137254902,0.8166666666666667,0.9488757059386508,0.9359243697478992,0.40816326530612246,116,80,8,196,73,drift,2,source_switch
26,10800,B,1,0.5,400,197,0.7475,0.6678321678321678,0.9695431472081218,0.7908902691511387,0.9231765642131301,0.9320722162486559,0.46798029556650245,108,95,6,191,73,drift,2,source_switch
27,11200,B,1,0.5,400,207,0.7925,0.7262773722627737,0.961352657004831,0.8274428274428275,0.9266316572067471,0.9227178293409426,0.38860103626943004,118,75,8,199,73,drift,2,source_switch
28,11600,B,1,0.5,400,205,0.81,0.7362637362637363,0.9804878048780488,0.8410041841004184,0.9631160721996925,0.9569230769230769,0.36923076923076925,123,72,4,201,73,drift,2,source_switch
29,12000,B,1,0.5,400,201,0.775,0.7063197026022305,0.945273631840796,0.8085106382978723,0.9644693154031705,0.948348708717718,0.3969849246231156,120,79,11,190,73,drift,2,source_switch
0,400,A,0,0.5,400,211,0.9975,1.0,0.995260663507109,0.997624703087886,0.9992929215716251,0.9990721933849895,0.0,189,0,1,210,73,threshold,2,source_switch
1,800,A,0,0.5,400,205,0.995,1.0,0.9902439024390244,0.9950980392156863,0.998048008366982,0.9966228893058162,0.0,195,0,2,203,73,threshold,2,source_switch
2,1200,A,0,0.5,400,193,0.995,1.0,0.9896373056994818,0.9947916666666666,0.9977341047447846,0.9962454006157543,0.0,207,0,2,191,73,threshold,2,source_switch
3,1600,A,0,0.5,400,192,0.995,0.9947916666666666,0.9947916666666666,0.9947916666666666,0.9993165535444948,0.9992738381410257,0.004807692307692308,207,1,1,191,73,threshold,2,source_switch
4,2000,A,0,0.5,400,192,0.995,0.9947916666666666,0.9947916666666666,0.9947916666666666,0.9997896655586962,0.9997996794871795,0.004807692307692308,207,1,1,191,73,threshold,2,source_switch
5,2400,A,0,0.5,400,205,0.9975,1.0,0.9951219512195122,0.9975550122249389,1.0,1.0,0.0,195,0,1,204,73,threshold,2,source_switch
6,2800,A,0,0.37558826945412305,400,207,0.9925,0.9951456310679612,0.9903381642512077,0.9927360774818402,0.9988263346959,0.9983730069334935,0.0051813471502590676,192,1,2,205,73,threshold,2,source_switch
7,3200,A,0,0.37558826945412305,400,196,0.9975,1.0,0.9948979591836735,0.9974424552429667,0.9990131855211221,0.9988245298119247,0.0,204,0,1,195,73,threshold,2,source_switch
8,3600,A,0,0.37558826945412305,400,204,0.9925,0.9902439024390244,0.9950980392156863,0.9926650366748166,0.9998373757085772,0.9998249299719887,0.01020408163265306,194,2,1,203,73,threshold,2,source_switch
9,4000,A,0,0.37558826945412305,400,216,0.995,1.0,0.9907407407407407,0.9953488372093023,0.9995897796530708,0.9994716183574879,0.0,184,0,2,214,73,threshold,2,source_switch
10,4400,A,0,0.43177109129301355,400,205,0.995,1.0,0.9902439024390244,0.9950980392156863,0.9996364375199938,0.9995997498436523,0.0,195,0,2,203,73,threshold,2,source_switch
11,4800,A,0,0.43177109129301355,400,193,0.9925,1.0,0.9844559585492227,0.9921671018276762,0.9968092643763922,0.9948561988435833,0.0,207,0,3,190,73,threshold,2,source_switch
12,5200,A,0,0.43177109129301355,400,203,0.995,1.0,0.9901477832512315,0.995049504950495,0.998169866857814,0.9969993248480908,0.0,197,0,2,201,73,threshold,2,source_switch
13,5600,A,0,0.43177109129301355,400,189,0.9975,1.0,0.9947089947089947,0.9973474801061007,0.9992961506722975,0.9992728002206674,0.0,211,0,1,188,73,threshold,2,source_switch
14,6000,A,0,0.43685949376154043,400,195,1.0,1.0,1.0,1.0,1.0,0.9999999999999999,0.0,205,0,0,195,73,threshold,2,source_switch
15,6400,A,0,0.43685949376154043,400,203,1.0,1.0,1.0,1.0,1.0,1.0,0.0,197,0,0,203,73,threshold,2,source_switch
16,6800,A,0,0.43685949376154043,400,191,1.0,1.0,1.0,1.0,1.0,1.0,0.0,209,0,0,191,73,threshold,2,source_switch
17,7200,B,0,0.43685949376154043,400,210,0.52,0.5226130653266332,0.9904761904761905,0.6842105263157895,0.5417742902264457,0.5002756892230577,1.0,0,190,2,208,73,threshold,2,source_switch
18,7600,B,0,0.42775493612078974,400,200,0.4925,0.49622166246851385,0.985,0.6599664991624791,0.48892941958707736,0.45530000000000004,1.0,0,200,3,197,73,threshold,2,source_switch
19,8000,B,0,0.42775493612078974,400,195,0.475,0.4810126582278481,0.9743589743589743,0.6440677966101694,0.484835319514355,0.46799249530956843,1.0,0,205,5,190,73,threshold,2,source_switch
20,8400,B,0,0.42775493612078974,400,185,0.465,0.4634760705289673,0.9945945945945946,0.6323024054982818,0.4830709910325466,0.49405405405405406,0.9906976744186047,2,213,1,184,73,threshold,2,source_switch
21,8800,B,0,0.42775493612078974,400,222,0.55,0.553030303030303,0.9864864864864865,0.7087378640776699,0.5546467286376218,0.47837584775787023,0.9943820224719101,1,177,3,219,73,threshold,2,source_switch
22,9200,B,0,0.35690566792329337,400,188,0.4625,0.46564885496183206,0.973404255319149,0.6299483648881239,0.5225666401933108,0.5534423926134082,0.9905660377358491,2,210,5,183,73,threshold,2,source_switch
23,9600,B,0,0.35690566792329337,400,189,0.4725,0.4723618090452261,0.9947089947089947,0.6405451448040886,0.46403286866368115,0.4494972291180822,0.995260663507109,1,210,1,188,73,threshold,2,source_switch
24,10000,B,0,0.35690566792329337,400,197,0.4875,0.4899497487437186,0.9898477157360406,0.6554621848739496,0.4670238171340332,0.435948088319872,1.0,0,203,2,195,73,threshold,2,source_switch
25,10400,B,0,0.35690566792329337,400,204,0.5,0.5050505050505051,0.9803921568627451,0.6666666666666666,0.5149171136433247,0.4783538415366147,1.0,0,196,4,200,73,threshold,2,source_switch
26,10800,B,0,0.34561073384090557,400,197,0.4875,0.4899497487437186,0.9898477157360406,0.6554621848739496,0.4996190689582135,0.4789952739366357,1.0,0,203,2,195,73,threshold,2,source_switch
27,11200,B,0,0.34561073384090557,400,207,0.5075,0.5126903553299492,0.9758454106280193,0.6722129783693843,0.5009761162912063,0.4530299617030863,0.9948186528497409,1,192,5,202,73,threshold,2,source_switch
28,11600,B,0,0.34561073384090557,400,205,0.5075,0.51010101010101,0.9853658536585366,0.6722129783693843,0.5159103530551454,0.47509693558474053,0.9948717948717949,1,194,3,202,73,threshold,2,source_switch
29,12000,B,0,0.34561073384090557,400,201,0.4925,0.49747474747474746,0.9800995024875622,0.6599664991624791,0.481299881391855,0.4533613340333508,1.0,0,199,4,197,73,threshold,2,source_switch
0,400,A,0,0.5,400,200,0.9475,0.958974358974359,0.935,0.9468354430379747,0.9892043581813524,0.9884750000000001,0.04,192,8,13,187,17,fixed,0,stationary_mixture
1,800,A,0,0.5,400,197,0.9525,0.978494623655914,0.9238578680203046,0.9503916449086162,0.9902184541369377,0.9886849541146758,0.019704433497536946,199,4,15,182,17,fixed,0,stationary_mixture
2,1200,A,0,0.5,400,193,0.9275,0.9226804123711341,0.927461139896373,0.9250645994832042,0.9854606155318484,0.9860829516157293,0.07246376811594203,192,15,14,179,17,fixed,0,stationary_mixture
3,1600,A,0,0.5,400,189,0.9125,0.9139784946236559,0.8994708994708994,0.9066666666666666,0.9782570911419647,0.9766293036435216,0.07582938388625593,195,16,19,170,17,fixed,0,stationary_mixture
4,2000,A,0,0.5,400,197,0.9275,0.9285714285714286,0.9238578680203046,0.926208651399491,0.9806327728604197,0.9810457352904404,0.06896551724137931,189,14,15,182,17,fixed,0,stationary_mixture
5,2400,A,0,0.5,400,185,0.94,0.9398907103825137,0.9297297297297298,0.9347826086956522,0.980017353368809,0.9818981772470144,0.05116279069767442,204,11,13,172,17,fixed,0,stationary_mixture
6,2800,A,0,0.5,400,191,0.935,0.914572864321608,0.9528795811518325,0.9333333333333333,0.9851026781586805,0.9846689546331321,0.08133971291866028,192,17,9,182,17,fixed,0,stationary_mixture
7,3200,A,0,0.5,400,196,0.9375,0.9430051813471503,0.9285714285714286,0.9357326478149101,0.9860964896644309,0.9856692677070829,0.05392156862745098,193,11,14,182,17,fixed,0,stationary_mixture
8,3600,A,0,0.5,400,195,0.94,0.9523809523809523,0.9230769230769231,0.9375,0.9829549704597951,0.982526579111945,0.04390243902439024,196,9,15,180,17,fixed,0,stationary_mixture
9,4000,A,0,0.5,400,194,0.9625,0.9685863874345549,0.9536082474226805,0.961038961038961,0.9899233768895389,0.9890901811630468,0.02912621359223301,200,6,9,185,17,fixed,0,stationary_mixture
10,4400,A,0,0.5,400,196,0.92,0.905940594059406,0.9336734693877551,0.9195979899497487,0.9797340567904277,0.9778161264505801,0.09313725490196079,185,19,13,183,17,fixed,0,stationary_mixture
11,4800,A,0,0.5,400,199,0.9525,0.96875,0.9346733668341709,0.9514066496163683,0.9883987652951739,0.984312107802695,0.029850746268656716,195,6,13,186,17,fixed,0,stationary_mixture
12,5200,A,0,0.5,400,196,0.9475,0.9679144385026738,0.923469387755102,0.9451697127937336,0.9882127807587835,0.9893207282913166,0.029411764705882353,198,6,15,181,17,fixed,0,stationary_mixture
13,5600,B,0,0.5,400,208,0.9375,0.9507389162561576,0.9278846153846154,0.9391727493917275,0.9852894856523797,0.983573717948718,0.052083333333333336,182,10,15,193,17,fixed,0,stationary_mixture
14,6000,B,0,0.5,400,205,0.93,0.927536231884058,0.9365853658536586,0.9320388349514563,0.9876774632787715,0.9859912445278299,0.07692307692307693,180,15,13,192,17,fixed,0,stationary_mixture
15,6400,B,0,0.5,400,205,0.935,0.945273631840796,0.926829268292683,0.9359605911330049,0.9851769676972418,0.9828267667292058,0.05641025641025641,184,11,15,190,17,fixed,0,stationary_mixture
16,6800,B,0,0.5,400,216,0.95,0.9622641509433962,0.9444444444444444,0.9532710280373832,0.9867516167545843,0.9838591988727858,0.043478260869565216,176,8,12,204,17,fixed,0,stationary_mixture
17,7200,B,0,0.5,400,199,0.9325,0.9526315789473684,0.9095477386934674,0.9305912596401028,0.9795344400207752,0.9773244331108277,0.04477611940298507,192,9,18,181,17,fixed,0,stationary_mixture
18,7600,B,0,0.5,400,200,0.9325,0.9528795811518325,0.91,0.9309462915601023,0.9848425699903022,0.9826999999999999,0.045,191,9,18,182,17,fixed,0,stationary_mixture
19,8000,B,0,0.5,400,215,0.935,0.9609756097560975,0.9162790697674419,0.9380952380952381,0.9849512549959671,0.9828786926461345,0.043243243243243246,177,8,18,197,17,fixed,0,stationary_mixture
20,8400,B,0,0.5,400,205,0.935,0.9685863874345549,0.9024390243902439,0.9343434343434344,0.984492032266198,0.9811257035647281,0.03076923076923077,189,6,20,185,17,fixed,0,stationary_mixture
21,8800,B,0,0.5,400,206,0.945,0.9646464646464646,0.9271844660194175,0.9455445544554455,0.9884524110924456,0.9856871184065659,0.03608247422680412,187,7,15,191,17,fixed,0,stationary_mixture
22,9200,B,0,0.5,400,214,0.9475,0.9617224880382775,0.9392523364485982,0.950354609929078,0.9785433985441235,0.974198573007738,0.043010752688172046,178,8,13,201,17,fixed,0,stationary_mixture
23,9600,B,0,0.5,400,189,0.9425,0.946236559139785,0.9312169312169312,0.9386666666666666,0.9802843561673544,0.9813435642819529,0.04739336492890995,201,10,13,176,17,fixed,0,stationary_mixture
24,10000,B,0,0.5,400,196,0.9475,0.9629629629629629,0.9285714285714286,0.9454545454545454,0.9851447608045081,0.9818927571028411,0.03431372549019608,197,7,14,182,17,fixed,0,stationary_mixture
25,10400,B,0,0.5,400,211,0.9375,0.9558823529411765,0.9241706161137441,0.9397590361445783,0.9881710040937302,0.9865844178640387,0.047619047619047616,180,9,16,195,17,fixed,0,stationary_mixture
26,10800,B,0,0.5,400,190,0.9425,0.9282051282051282,0.9526315789473684,0.9402597402597402,0.9864660666816109,0.9873684210526316,0.06666666666666667,196,14,9,181,17,fixed,0,stationary_mixture
27,11200,B,0,0.5,400,202,0.945,0.9838709677419355,0.905940594059406,0.9432989690721649,0.9889938611452501,0.9846859685968598,0.015151515151515152,195,3,19,183,17,fixed,0,stationary_mixture
28,11600,B,0,0.5,400,212,0.97,0.9807692307692307,0.9622641509433962,0.9714285714285714,0.9865720847068528,0.9869906663990365,0.02127659574468085,184,4,8,204,17,fixed,0,stationary_mixture
29,12000,B,0,0.5,400,199,0.9075,0.945054945054945,0.864321608040201,0.9028871391076115,0.9766548412228747,0.9765869146728668,0.04975124378109453,191,10,27,172,17,fixed,0,stationary_mixture
0,400,A,0,0.5,400,200,0.9475,0.958974358974359,0.935,0.9468354430379747,0.9892043581813524,0.9884750000000001,0.04,192,8,13,187,17,periodic,0,stationary_mixture
1,800,A,0,0.5,400,197,0.9525,0.978494623655914,0.9238578680203046,0.9503916449086162,0.9902184541369377,0.9886849541146758,0.019704433497536946,199,4,15,182,17,periodic,0,stationary_mixture
2,1200,A,0,0.5,400,193,0.9275,0.9226804123711341,0.927461139896373,0.9250645994832042,0.9854606155318484,0.9860829516157293,0.07246376811594203,192,15,14,179,17,periodic,0,stationary_mixture
3,1600,A,0,0.5,400,189,0.9125,0.9139784946236559,0.8994708994708994,0.9066666666666666,0.9782570911419647,0.9766293036435216,0.07582938388625593,195,16,19,170,17,periodic,0,stationary_mixture
4,2000,A,1,0.5,400,197,0.9475,0.9489795918367347,0.9441624365482234,0.9465648854961832,0.9833696912110663,0.9859968492910905,0.04926108374384237,193,10,11,186,17,periodic,0,stationary_mixture
5,2400,A,1,0.5,400,185,0.9525,0.9560439560439561,0.9405405405405406,0.9482288828337875,0.9838260227413471,0.9844123192960402,0.037209302325581395,207,8,11,174,17,periodic,0,stationary_mixture
6,2800,A,1,0.5,400,191,0.9475,0.9427083333333334,0.9476439790575916,0.9451697127937336,0.9875759855833215,0.986497657756958,0.05263157894736842,198,11,10,181,17,periodic,0,stationary_mixture
7,3200,A,1,0.5,400,196,0.945,0.9484536082474226,0.9387755102040817,0.9435897435897436,0.9904186831637372,0.9903211284513804,0.049019607843137254,194,10,12,184,17,periodic,0,stationary_mixture
8,3600,A,2,0.5,400,195,0.9425,0.9479166666666666,0.9333333333333333,0.9405684754521964,0.9849780154174222,0.9837773608505318,0.04878048780487805,195,10,13,182,17,periodic,0,stationary_mixture
9,4000,A,2,0.5,400,194,0.97,0.9642857142857143,0.9742268041237113,0.9692307692307692,0.9935745354095993,0.9931188069262337,0.03398058252427184,199,7,5,189,17,periodic,0,stationary_mixture
10,4400,A,2,0.5,400,196,0.945,0.9264705882352942,0.9642857142857143,0.945,0.9802447708115273,0.9813050220088035,0.07352941176470588,189,15,7,189,17,periodic,0,stationary_mixture
11,4800,A,2,0.5,400,199,0.9725,0.9845360824742269,0.9597989949748744,0.9720101781170484,0.9919009191129712,0.9880997024925623,0.014925373134328358,198,3,8,191,17,periodic,0,stationary_mixture
12,5200,A,3,0.5,400,196,0.9575,0.9786096256684492,0.9336734693877551,0.9556135770234987,0.9920960258785029,0.9917717086834734,0.0196078431372549,200,4,13,183,17,periodic,0,stationary_mixture
13,5600,B,3,0.5,400,208,0.9475,0.9651741293532339,0.9326923076923077,0.9486552567237164,0.9903311256688282,0.9885566907051283,0.036458333333333336,185,7,14,194,17,periodic,0,stationary_mixture
14,6000,B,3,0.5,400,205,0.955,0.9516908212560387,0.9609756097560975,0.9563106796116505,0.9911594423729407,0.9905691056910569,0.05128205128205128,185,10,8,197,17,periodic,0,stationary_mixture
15,6400,B,3,0.5,400,205,0.9375,0.9411764705882353,0.9365853658536586,0.9388753056234719,0.9879105062328475,0.9869668542839274,0.06153846153846154,183,12,13,192,17,periodic,0,stationary_mixture
16,6800,B,4,0.5,400,216,0.965,0.963302752293578,0.9722222222222222,0.967741935483871,0.9905898817364571,0.9891430152979066,0.043478260869565216,176,8,6,210,17,periodic,0,stationary_mixture
17,7200,B,4,0.5,400,199,0.95,0.9637305699481865,0.9346733668341709,0.9489795918367347,0.9845217356649163,0.9825620640516012,0.03482587064676617,194,7,13,186,17,periodic,0,stationary_mixture
18,7600,B,4,0.5,400,200,0.9425,0.9402985074626866,0.945,0.942643391521197,0.9848868603557571,0.98395,0.06,188,12,11,189,17,periodic,0,stationary_mixture
19,8000,B,4,0.5,400,215,0.95,0.9850746268656716,0.9209302325581395,0.9519230769230769,0.9883514156169295,0.9864739157762413,0.016216216216216217,182,3,17,198,17,periodic,0,stationary_mixture
20,8400,B,5,0.5,400,205,0.9475,0.9946236559139785,0.9024390243902439,0.9462915601023018,0.9886001241676159,0.9856035021888679,0.005128205128205128,194,1,20,185,17,periodic,0,stationary_mixture
21,8800,B,5,0.5,400,206,0.9475,0.964824120603015,0.9320388349514563,0.9481481481481482,0.9880056523890194,0.9863377039335401,0.03608247422680412,187,7,14,192,17,periodic,0,stationary_mixture
22,9200,B,5,0.5,400,214,0.9425,0.95260663507109,0.9392523364485982,0.9458823529411765,0.9860206465827129,0.9817731886242589,0.053763440860215055,176,10,13,201,17,periodic,0,stationary_mixture
23,9600,B,5,0.5,400,189,0.95,0.9470899470899471,0.9470899470899471,0.9470899470899471,0.9826504955846993,0.9841520599814438,0.04739336492890995,201,10,10,179,17,periodic,0,stationary_mixture
24,10000,B,6,0.5,400,196,0.945,0.967741935483871,0.9183673469387755,0.9424083769633508,0.9861190502883469,0.9825180072028812,0.029411764705882353,198,6,16,180,17,periodic,0,stationary_mixture
25,10400,B,6,0.5,400,211,0.9475,0.9656862745098039,0.933649289099526,0.9493975903614458,0.991207437578613,0.9897188996715063,0.037037037037037035,182,7,14,197,17,periodic,0,stationary_mixture
26,10800,B,6,0.5,400,190,0.9575,0.9528795811518325,0.9578947368421052,0.9553805774278216,0.9926888264798734,0.9932581453634084,0.04285714285714286,201,9,8,182,17,periodic,0,stationary_mixture
27,11200,B,6,0.5,400,202,0.9625,0.9794871794871794,0.9455445544554455,0.9622166246851386,0.9918262694296822,0.9894114411441144,0.020202020202020204,194,4,11,191,17,periodic,0,stationary_mixture
28,11600,B,7,0.5,400,212,0.965,0.9714285714285714,0.9622641509433962,0.966824644549763,0.9914907835208786,0.9881448213568849,0.031914893617021274,182,6,8,204,17,periodic,0,stationary_mixture
29,12000,B,7,0.5,400,199,0.93,0.9621621621621622,0.8944723618090452,0.9270833333333334,0.9795517755962556,0.9830620765519139,0.03482587064676617,194,7,21,178,17,periodic,0,stationary_mixture
0,400,A,0,0.5,400,200,0.9475,0.958974358974359,0.935,0.9468354430379747,0.9892043581813524,0.988475,0.04,192,8,13,187,17,drift,0,stationary_mixture
1,800,A,0,0.5,400,197,0.9525,0.978494623655914,0.9238578680203046,0.9503916449086162,0.9902184541369377,0.9886849541146758,0.019704433497536946,199,4,15,182,17,drift,0,stationary_mixture
2,1200,A,0,0.5,400,193,0.9275,0.9226804123711341,0.927461139896373,0.9250645994832042,0.9854606155318484,0.9860829516157293,0.07246376811594203,192,15,14,179,17,drift,0,stationary_mixture
3,1600,A,0,0.5,400,189,0.9125,0.9139784946236559,0.8994708994708994,0.9066666666666666,0.9782570911419647,0.9766293036435216,0.07582938388625593,195,16,19,170,17,drift,0,stationary_mixture
4,2000,A,0,0.5,400,197,0.9275,0.9285714285714286,0.9238578680203046,0.926208651399491,0.9806327728604197,0.9810457352904404,0.06896551724137931,189,14,15,182,17,drift,0,stationary_mixture
5,2400,A,0,0.5,400,185,0.94,0.9398907103825137,0.9297297297297298,0.9347826086956522,0.980017353368809,0.9818981772470144,0.05116279069767442,204,11,13,172,17,drift,0,stationary_mixture
6,2800,A,0,0.5,400,191,0.935,0.914572864321608,0.9528795811518325,0.9333333333333333,0.9851026781586805,0.9846689546331321,0.08133971291866028,192,17,9,182,17,drift,0,stationary_mixture
7,3200,A,0,0.5,400,196,0.9375,0.9430051813471503,0.9285714285714286,0.9357326478149101,0.9860964896644309,0.9856692677070829,0.05392156862745098,193,11,14,182,17,drift,0,stationary_mixture
8,3600,A,0,0.5,400,195,0.94,0.9523809523809523,0.9230769230769231,0.9375,0.9829549704597953,0.982526579111945,0.04390243902439024,196,9,15,180,17,drift,0,stationary_mixture
9,4000,A,0,0.5,400,194,0.9625,0.9685863874345549,0.9536082474226805,0.961038961038961,0.9899233768895389,0.9890901811630468,0.02912621359223301,200,6,9,185,17,drift,0,stationary_mixture
10,4400,A,0,0.5,400,196,0.92,0.905940594059406,0.9336734693877551,0.9195979899497487,0.9797340567904277,0.9778161264505801,0.09313725490196079,185,19,13,183,17,drift,0,stationary_mixture
11,4800,A,0,0.5,400,199,0.9525,0.96875,0.9346733668341709,0.9514066496163683,0.9883987652951739,0.984312107802695,0.029850746268656716,195,6,13,186,17,drift,0,stationary_mixture
12,5200,A,0,0.5,400,196,0.9475,0.9679144385026738,0.923469387755102,0.9451697127937336,0.9882127807587835,0.9893207282913166,0.029411764705882353,198,6,15,181,17,drift,0,stationary_mixture
13,5600,B,0,0.5,400,208,0.9375,0.9507389162561576,0.9278846153846154,0.9391727493917275,0.9852894856523797,0.983573717948718,0.052083333333333336,182,10,15,193,17,drift,0,stationary_mixture
14,6000,B,0,0.5,400,205,0.93,0.927536231884058,0.9365853658536586,0.9320388349514563,0.9876774632787715,0.9859912445278299,0.07692307692307693,180,15,13,192,17,drift,0,stationary_mixture
15,6400,B,0,0.5,400,205,0.935,0.945273631840796,0.926829268292683,0.9359605911330049,0.9851769676972418,0.9828267667292058,0.05641025641025641,184,11,15,190,17,drift,0,stationary_mixture
16,6800,B,0,0.5,400,216,0.95,0.9622641509433962,0.9444444444444444,0.9532710280373832,0.9867516167545843,0.9838591988727858,0.043478260869565216,176,8,12,204,17,drift,0,stationary_mixture
17,7200,B,0,0.5,400,199,0.9325,0.9526315789473684,0.9095477386934674,0.9305912596401028,0.979534440020775,0.9773244331108277,0.04477611940298507,192,9,18,181,17,drift,0,stationary_mixture
18,7600,B,0,0.5,400,200,0.9325,0.9528795811518325,0.91,0.9309462915601023,0.9848425699903022,0.9826999999999999,0.045,191,9,18,182,17,drift,0,stationary_mixture
19,8000,B,0,0.5,400,215,0.935,0.9609756097560975,0.9162790697674419,0.9380952380952381,0.9849502267359544,0.9828786926461345,0.043243243243243246,177,8,18,197,17,drift,0,stationary_mixture
20,8400,B,0,0.5,400,205,0.935,0.9685863874345549,0.9024390243902439,0.9343434343434344,0.984492032266198,0.9811257035647281,0.03076923076923077,189,6,20,185,17,drift,0,stationary_mixture
21,8800,B,0,0.5,400,206,0.945,0.9646464646464646,0.9271844660194175,0.9455445544554455,0.9884524110924454,0.985687118406566,0.03608247422680412,187,7,15,191,17,drift,0,stationary_mixture
22,9200,B,0,0.5,400,214,0.9475,0.9617224880382775,0.9392523364485982,0.950354609929078,0.9785433985441235,0.974198573007738,0.043010752688172046,178,8,13,201,17,drift,0,stationary_mixture
23,9600,B,0,0.5,400,189,0.9425,0.946236559139785,0.9312169312169312,0.9386666666666666,0.9802843561673544,0.9813435642819529,0.04739336492890995,201,10,13,176,17,drift,0,stationary_mixture
24,10000,B,0,0.5,400,196,0.9475,0.9629629629629629,0.9285714285714286,0.9454545454545454,0.9851447608045081,0.9818927571028411,0.03431372549019608,197,7,14,182,17,drift,0,stationary_mixture
25,10400,B,0,0.5,400,211,0.9375,0.9558823529411765,0.9241706161137441,0.9397590361445783,0.9881710040937302,0.9865844178640387,0.047619047619047616,180,9,16,195,17,drift,0,stationary_mixture
26,10800,B,0,0.5,400,190,0.9425,0.9282051282051282,0.9526315789473684,0.9402597402597402,0.9864660666816109,0.9873684210526316,0.06666666666666667,196,14,9,181,17,drift,0,stationary_mixture
27,11200,B,0,0.5,400,202,0.945,0.9838709677419355,0.905940594059406,0.9432989690721649,0.9889938611452501,0.9846859685968598,0.015151515151515152,195,3,19,183,17,drift,0,stationary_mixture
28,11600,B,0,0.5,400,212,0.97,0.9807692307692307,0.9622641509433962,0.9714285714285714,0.9865720847068528,0.9869906663990365,0.02127659574468085,184,4,8,204,17,drift,0,stationary_mixture
29,12000,B,0,0.5,400,199,0.9075,0.945054945054945,0.864321608040201,0.9028871391076115,0.9766548412228747,0.9765869146728668,0.04975124378109453,191,10,27,172,17,drift,0,stationary_mixture
0,400,A,0,0.5,400,200,0.9475,0.958974358974359,0.935,0.9468354430379747,0.9892043581813524,0.9884750000000001,0.04,192,8,13,187,17,threshold,0,stationary_mixture
1,800,A,0,0.5,400,197,0.9525,0.978494623655914,0.9238578680203046,0.9503916449086162,0.9902184541369377,0.9886849541146758,0.019704433497536946,199,4,15,182,17,threshold,0,stationary_mixture
2,1200,A,0,0.5,400,193,0.9275,0.9226804123711341,0.927461139896373,0.9250645994832042,0.9854606155318484,0.9860829516157293,0.07246376811594203,192,15,14,179,17,threshold,0,stationary_mixture
3,1600,A,0,0.5,400,189,0.9125,0.9139784946236559,0.8994708994708994,0.9066666666666666,0.9782570911419647,0.9766293036435216,0.07582938388625593,195,16,19,170,17,threshold,0,stationary_mixture
4,2000,A,0,0.46619047619047616,400,197,0.93,0.9246231155778895,0.934010152284264,0.9292929292929293,0.9806327728604197,0.9810457352904404,0.07389162561576355,188,15,13,184,17,threshold,0,stationary_mixture
5,2400,A,0,0.46619047619047616,400,185,0.945,0.9405405405405406,0.9405405405405406,0.9405405405405406,0.980017353368809,0.9818981772470144,0.05116279069767442,204,11,11,174,17,threshold,0,stationary_mixture
6,2800,A,0,0.46619047619047616,400,191,0.9375,0.9108910891089109,0.9633507853403142,0.9363867684478372,0.9851026781586805,0.9846689546331321,0.0861244019138756,191,18,7,184,17,threshold,0,stationary_mixture
7,3200,A,0,0.46619047619047616,400,196,0.935,0.9381443298969072,0.9285714285714286,0.9333333333333333,0.9860964896644309,0.9856692677070829,0.058823529411764705,192,12,14,182,17,threshold,0,stationary_mixture
8,3600,A,0,0.40224392274392273,400,195,0.94,0.9296482412060302,0.9487179487179487,0.9390862944162437,0.9829549704597953,0.982526579111945,0.06829268292682927,191,14,10,185,17,threshold,0,stationary_mixture
9,4000,A,0,0.40224392274392273,400,194,0.9475,0.9303482587064676,0.9639175257731959,0.9468354430379747,0.9899233768895389,0.9890901811630468,0.06796116504854369,192,14,7,187,17,threshold,0,stationary_mixture
10,4400,A,0,0.40224392274392273,400,196,0.92,0.8761467889908257,0.9744897959183674,0.9227053140096618,0.9797340567904277,0.9778161264505801,0.1323529411764706,177,27,5,191,17,threshold,0,stationary_mixture
11,4800,A,0,0.40224392274392273,400,199,0.9475,0.9362745098039216,0.9597989949748744,0.9478908188585607,0.9883987652951739,0.984312107802695,0.06467661691542288,188,13,8,191,17,threshold,0,stationary_mixture
12,5200,A,0,0.4186197223828804,400,196,0.9575,0.9637305699481865,0.9489795918367347,0.9562982005141388,0.9882127807587835,0.9893207282913166,0.03431372549019608,197,7,10,186,17,threshold,0,stationary_mixture
13,5600,B,0,0.4186197223828804,400,208,0.935,0.9333333333333333,0.9423076923076923,0.937799043062201,0.9852894856523797,0.983573717948718,0.07291666666666667,178,14,12,196,17,threshold,0,stationary_mixture
14,6000,B,0,0.4186197223828804,400,205,0.935,0.92018779342723,0.9560975609756097,0.937799043062201,0.9876774632787715,0.9859912445278299,0.08717948717948718,178,17,9,196,17,threshold,0,stationary_mixture
15,6400,B,0,0.4186197223828804,400,205,0.9275,0.9150943396226415,0.9463414634146341,0.9304556354916067,0.9851769676972418,0.9828267667292058,0.09230769230769231,177,18,11,194,17,threshold,0,stationary_mixture
16,6800,B,0,0.41897268907563023,400,216,0.9425,0.9366515837104072,0.9583333333333334,0.9473684210526315,0.9867516167545844,0.9838591988727857,0.07608695652173914,170,14,9,207,17,threshold,0,stationary_mixture
17,7200,B,0,0.41897268907563023,400,199,0.935,0.9346733668341709,0.9346733668341709,0.9346733668341709,0.979534440020775,0.9773244331108277,0.06467661691542288,188,13,13,186,17,threshold,0,stationary_mixture
18,7600,B,0,0.41897268907563023,400,200,0.9325,0.9261083743842364,0.94,0.9330024813895782,0.9848425699903022,0.9826999999999999,0.075,185,15,12,188,17,threshold,0,stationary_mixture
19,8000,B,0,0.41897268907563023,400,215,0.9375,0.9398148148148148,0.9441860465116279,0.9419953596287703,0.9849512549959671,0.9828786926461345,0.07027027027027027,172,13,12,203,17,threshold,0,stationary_mixture
20,8400,B,0,0.43256751581751574,400,205,0.9375,0.9639175257731959,0.9121951219512195,0.9373433583959899,0.984492032266198,0.9811257035647281,0.035897435897435895,188,7,18,187,17,threshold,0,stationary_mixture
21,8800,B,0,0.43256751581751574,400,206,0.945,0.96,0.9320388349514563,0.9458128078817734,0.9884524110924454,0.985687118406566,0.041237113402061855,186,8,14,192,17,threshold,0,stationary_mixture
22,9200,B,0,0.43256751581751574,400,214,0.95,0.9532710280373832,0.9532710280373832,0.9532710280373832,0.9785516886534238,0.9742111345593409,0.053763440860215055,176,10,10,204,17,threshold,0,stationary_mixture
23,9600,B,0,0.43256751581751574,400,189,0.94,0.9319371727748691,0.9417989417989417,0.9368421052631579,0.9802843561673544,0.9813435642819529,0.061611374407582936,198,13,11,178,17,threshold,0,stationary_mixture
24,10000,B,0,0.4129090909090909,400,196,0.9375,0.934010152284264,0.9387755102040817,0.9363867684478372,0.9851447608045081,0.9818927571028411,0.06372549019607843,191,13,12,184,17,threshold,0,stationary_mixture
25,10400,B,0,0.4129090909090909,400,211,0.9375,0.9345794392523364,0.9478672985781991,0.9411764705882353,0.9881710040937302,0.9865844178640387,0.07407407407407407,175,14,11,200,17,threshold,0,stationary_mixture
26,10800,B,0,0.4129090909090909,400,190,0.9375,0.9024390243902439,0.9736842105263158,0.9367088607594937,0.9864660666816109,0.9873684210526316,0.09523809523809523,190,20,5,185,17,threshold,0,stationary_mixture
27,11200,B,0,0.4129090909090909,400,202,0.9525,0.9644670050761421,0.9405940594059405,0.9523809523809523,0.9889938611452501,0.9846859685968598,0.03535353535353535,191,7,12,190,17,threshold,0,stationary_mixture
28,11600,B,0,0.45095238095238094,400,212,0.9675,0.9671361502347418,0.9716981132075472,0.9694117647058823,0.9865703731752372,0.9869906663990365,0.03723404255319149,181,7,6,206,17,threshold,0,stationary_mixture
29,12000,B,0,0.45095238095238094,400,199,0.9275,0.9427083333333334,0.9095477386934674,0.9258312020460358,0.9766548412228747,0.9765869146728668,0.05472636815920398,190,11,18,181,17,threshold,0,stationary_mixture
0,400,A,0,0.5,400,200,0.9475,0.958974358974359,0.935,0.9468354430379747,0.9892043581813524,0.9884750000000001,0.04,192,8,13,187,17,fixed,2,stationary_mixture
1,800,A,0,0.5,400,197,0.9525,0.978494623655914,0.9238578680203046,0.9503916449086162,0.9902184541369377,0.9886849541146758,0.019704433497536946,199,4,15,182,17,fixed,2,stationary_mixture
2,1200,A,0,0.5,400,193,0.9275,0.9226804123711341,0.927461139896373,0.9250645994832042,0.9854606155318484,0.9860829516157293,0.07246376811594203,192,15,14,179,17,fixed,2,stationary_mixture
3,1600,A,0,0.5,400,189,0.9125,0.9139784946236559,0.8994708994708994,0.9066666666666666,0.9782570911419647,0.9766293036435216,0.07582938388625593,195,16,19,170,17,fixed,2,stationary_mixture
4,2000,A,0,0.5,400,197,0.9275,0.9285714285714286,0.9238578680203046,0.926208651399491,0.9806327728604197,0.9810457352904404,0.06896551724137931,189,14,15,182,17,fixed,2,stationary_mixture
5,2400,A,0,0.5,400,185,0.94,0.9398907103825137,0.9297297297297298,0.9347826086956522,0.980017353368809,0.9818981772470144,0.05116279069767442,204,11,13,172,17,fixed,2,stationary_mixture
6,2800,A,0,0.5,400,191,0.935,0.914572864321608,0.9528795811518325,0.9333333333333333,0.9851026781586805,0.9846689546331321,0.08133971291866028,192,17,9,182,17,fixed,2,stationary_mixture
7,3200,A,0,0.5,400,196,0.9375,0.9430051813471503,0.9285714285714286,0.9357326478149101,0.9860964896644309,0.9856692677070829,0.05392156862745098,193,11,14,182,17,fixed,2,stationary_mixture
8,3600,A,0,0.5,400,195,0.94,0.9523809523809523,0.9230769230769231,0.9375,0.9829549704597953,0.9825265791119449,0.04390243902439024,196,9,15,180,17,fixed,2,stationary_mixture
9,4000,A,0,0.5,400,194,0.9625,0.9685863874345549,0.9536082474226805,0.961038961038961,0.9899233768895389,0.9890901811630468,0.02912621359223301,200,6,9,185,17,fixed,2,stationary_mixture
10,4400,A,0,0.5,400,196,0.92,0.905940594059406,0.9336734693877551,0.9195979899497487,0.9797340567904277,0.9778161264505801,0.09313725490196079,185,19,13,183,17,fixed,2,stationary_mixture
11,4800,A,0,0.5,400,199,0.9525,0.96875,0.9346733668341709,0.9514066496163683,0.9883987652951739,0.984312107802695,0.029850746268656716,195,6,13,186,17,fixed,2,stationary_mixture
12,5200,A,0,0.5,400,196,0.9475,0.9679144385026738,0.923469387755102,0.9451697127937336,0.9882127807587835,0.9893207282913166,0.029411764705882353,198,6,15,181,17,fixed,2,stationary_mixture
13,5600,B,0,0.5,400,208,0.9375,0.9507389162561576,0.9278846153846154,0.9391727493917275,0.9852894856523797,0.983573717948718,0.052083333333333336,182,10,15,193,17,fixed,2,stationary_mixture
14,6000,B,0,0.5,400,205,0.93,0.927536231884058,0.9365853658536586,0.9320388349514563,0.9876774632787715,0.9859912445278299,0.07692307692307693,180,15,13,192,17,fixed,2,stationary_mixture
15,6400,B,0,0.5,400,205,0.935,0.945273631840796,0.926829268292683,0.9359605911330049,0.9851769676972416,0.9828267667292058,0.05641025641025641,184,11,15,190,17,fixed,2,stationary_mixture
16,6800,B,0,0.5,400,216,0.95,0.9622641509433962,0.9444444444444444,0.9532710280373832,0.9867516167545843,0.9838591988727858,0.043478260869565216,176,8,12,204,17,fixed,2,stationary_mixture
17,7200,B,0,0.5,400,199,0.9325,0.9526315789473684,0.9095477386934674,0.9305912596401028,0.979534440020775,0.9773244331108277,0.04477611940298507,192,9,18,181,17,fixed,2,stationary_mixture
18,7600,B,0,0.5,400,200,0.9325,0.9528795811518325,0.91,0.9309462915601023,0.9848425699903022,0.9826999999999999,0.045,191,9,18,182,17,fixed,2,stationary_mixture
19,8000,B,0,0.5,400,215,0.935,0.9609756097560975,0.9162790697674419,0.9380952380952381,0.9849512549959671,0.9828786926461345,0.043243243243243246,177,8,18,197,17,fixed,2,stationary_mixture
20,8400,B,0,0.5,400,205,0.935,0.9685863874345549,0.9024390243902439,0.9343434343434344,0.984492032266198,0.9811257035647281,0.03076923076923077,189,6,20,185,17,fixed,2,stationary_mixture
21,8800,B,0,0.5,400,206,0.945,0.9646464646464646,0.9271844660194175,0.9455445544554455,0.9884524110924454,0.985687118406566,0.03608247422680412,187,7,15,191,17,fixed,2,stationary_mixture
22,9200,B,0,0.5,400,214,0.9475,0.9617224880382775,0.9392523364485982,0.950354609929078,0.9785433985441235,0.974198573007738,0.043010752688172046,178,8,13,201,17,fixed,2,stationary_mixture
23,9600,B,0,0.5,400,189,0.9425,0.946236559139785,0.9312169312169312,0.9386666666666666,0.9802843561673544,0.9813435642819529,0.04739336492890995,201,10,13,176,17,fixed,2,stationary_mixture
24,10000,B,0,0.5,400,196,0.9475,0.9629629629629629,0.9285714285714286,0.9454545454545454,0.9851447608045081,0.9818927571028411,0.03431372549019608,197,7,14,182,17,fixed,2,stationary_mixture
25,10400,B,0,0.5,400,211,0.9375,0.9558823529411765,0.9241706161137441,0.9397590361445783,0.9881710040937302,0.9865844178640387,0.047619047619047616,180,9,16,195,17,fixed,2,stationary_mixture
26,10800,B,0,0.5,400,190,0.9425,0.9282051282051282,0.9526315789473684,0.9402597402597402,0.9864660666816109,0.9873684210526316,0.06666666666666667,196,14,9,181,17,fixed,2,stationary_mixture
27,11200,B,0,0.5,400,202,0.945,0.9838709677419355,0.905940594059406,0.9432989690721649,0.9889938611452501,0.9846859685968598,0.015151515151515152,195,3,19,183,17,fixed,2,stationary_mixture
28,11600,B,0,0.5,400,212,0.97,0.9807692307692307,0.9622641509433962,0.9714285714285714,0.9865720847068528,0.9869906663990365,0.02127659574468085,184,4,8,204,17,fixed,2,stationary_mixture
29,12000,B,0,0.5,400,199,0.9075,0.945054945054945,0.864321608040201,0.9028871391076115,0.9766548412228747,0.9765869146728668,0.04975124378109453,191,10,27,172,17,fixed,2,stationary_mixture
0,400,A,0,0.5,400,200,0.9475,0.958974358974359,0.935,0.9468354430379747,0.9892043581813524,0.988475,0.04,192,8,13,187,17,periodic,2,stationary_mixture
1,800,A,0,0.5,400,197,0.9525,0.978494623655914,0.9238578680203046,0.9503916449086162,0.9902184541369377,0.9886849541146758,0.019704433497536946,199,4,15,182,17,periodic,2,stationary_mixture
2,1200,A,0,0.5,400,193,0.9275,0.9226804123711341,0.927461139896373,0.9250645994832042,0.9854606155318484,0.9860829516157293,0.07246376811594203,192,15,14,179,17,periodic,2,stationary_mixture
3,1600,A,0,0.5,400,189,0.9125,0.9139784946236559,0.8994708994708994,0.9066666666666666,0.9782570911419647,0.9766293036435216,0.07582938388625593,195,16,19,170,17,periodic,2,stationary_mixture
4,2000,A,0,0.5,400,197,0.9275,0.9285714285714286,0.9238578680203046,0.926208651399491,0.9806327728604197,0.9810457352904404,0.06896551724137931,189,14,15,182,17,periodic,2,stationary_mixture
5,2400,A,0,0.5,400,185,0.94,0.9398907103825137,0.9297297297297298,0.9347826086956522,0.980017353368809,0.9818981772470144,0.05116279069767442,204,11,13,172,17,periodic,2,stationary_mixture
6,2800,A,1,0.5,400,191,0.9475,0.9427083333333334,0.9476439790575916,0.9451697127937336,0.9875759855833215,0.986497657756958,0.05263157894736842,198,11,10,181,17,periodic,2,stationary_mixture
7,3200,A,1,0.5,400,196,0.945,0.9484536082474226,0.9387755102040817,0.9435897435897436,0.9904186831637372,0.9903211284513804,0.049019607843137254,194,10,12,184,17,periodic,2,stationary_mixture
8,3600,A,1,0.5,400,195,0.9475,0.9578947368421052,0.9333333333333333,0.9454545454545454,0.985568058597484,0.9846904315196998,0.03902439024390244,197,8,13,182,17,periodic,2,stationary_mixture
9,4000,A,1,0.5,400,194,0.9575,0.9633507853403142,0.9484536082474226,0.9558441558441558,0.9927071979359434,0.9920928835952357,0.03398058252427184,199,7,10,184,17,periodic,2,stationary_mixture
10,4400,A,2,0.5,400,196,0.945,0.9264705882352942,0.9642857142857143,0.945,0.9802447708115273,0.9813050220088035,0.07352941176470588,189,15,7,189,17,periodic,2,stationary_mixture
11,4800,A,2,0.5,400,199,0.9725,0.9845360824742269,0.9597989949748744,0.9720101781170484,0.9919009191129712,0.9880997024925623,0.014925373134328358,198,3,8,191,17,periodic,2,stationary_mixture
12,5200,A,2,0.5,400,196,0.9575,0.9685863874345549,0.9438775510204082,0.9560723514211886,0.9922460310382931,0.9926470588235294,0.029411764705882353,198,6,11,185,17,periodic,2,stationary_mixture
13,5600,B,2,0.5,400,208,0.945,0.9428571428571428,0.9519230769230769,0.9473684210526315,0.985708054247444,0.9840244391025641,0.0625,180,12,10,198,17,periodic,2,stationary_mixture
14,6000,B,3,0.5,400,205,0.955,0.9516908212560387,0.9609756097560975,0.9563106796116505,0.9911594423729407,0.9905691056910569,0.05128205128205128,185,10,8,197,17,periodic,2,stationary_mixture
15,6400,B,3,0.5,400,205,0.9375,0.9411764705882353,0.9365853658536586,0.9388753056234719,0.9879105062328475,0.9869668542839274,0.06153846153846154,183,12,13,192,17,periodic,2,stationary_mixture
16,6800,B,3,0.5,400,216,0.95,0.9537037037037037,0.9537037037037037,0.9537037037037037,0.9893744069908635,0.9864759460547503,0.05434782608695652,174,10,10,206,17,periodic,2,stationary_mixture
17,7200,B,3,0.5,400,199,0.9425,0.9631578947368421,0.9195979899497487,0.9408740359897172,0.9844016222198941,0.9812620315507887,0.03482587064676617,194,7,16,183,17,periodic,2,stationary_mixture
18,7600,B,4,0.5,400,200,0.9425,0.9402985074626866,0.945,0.942643391521197,0.9848868603557571,0.98395,0.06,188,12,11,189,17,periodic,2,stationary_mixture
19,8000,B,4,0.5,400,215,0.95,0.9850746268656716,0.9209302325581395,0.9519230769230769,0.9883514156169295,0.9864739157762413,0.016216216216216217,182,3,17,198,17,periodic,2,stationary_mixture
20,8400,B,4,0.5,400,205,0.9475,0.9946236559139785,0.9024390243902439,0.9462915601023018,0.9884191026016352,0.9843026891807379,0.005128205128205128,194,1,20,185,17,periodic,2,stationary_mixture
21,8800,B,4,0.5,400,206,0.9425,0.9597989949748744,0.9271844660194175,0.9432098765432099,0.9850929800453321,0.9855870283254928,0.041237113402061855,186,8,15,191,17,periodic,2,stationary_mixture
22,9200,B,5,0.5,400,214,0.9425,0.95260663507109,0.9392523364485982,0.9458823529411765,0.9860206465827129,0.9817731886242589,0.053763440860215055,176,10,13,201,17,periodic,2,stationary_mixture
23,9600,B,5,0.5,400,189,0.95,0.9470899470899471,0.9470899470899471,0.9470899470899471,0.9826504955846993,0.9841520599814438,0.04739336492890995,201,10,10,179,17,periodic,2,stationary_mixture
24,10000,B,5,0.5,400,196,0.9525,0.9538461538461539,0.9489795918367347,0.9514066496163683,0.9861335567297764,0.9814175670268108,0.04411764705882353,195,9,10,186,17,periodic,2,stationary_mixture
25,10400,B,5,0.5,400,211,0.94,0.9605911330049262,0.9241706161137441,0.9420289855072463,0.9925981010798539,0.9910479199578726,0.042328042328042326,181,8,16,195,17,periodic,2,stationary_mixture
26,10800,B,6,0.5,400,190,0.9575,0.9528795811518325,0.9578947368421052,0.9553805774278216,0.9926888264798734,0.9932581453634084,0.04285714285714286,201,9,8,182,17,periodic,2,stationary_mixture
27,11200,B,6,0.5,400,202,0.9625,0.9794871794871794,0.9455445544554455,0.9622166246851386,0.9918262694296822,0.9894114411441144,0.020202020202020204,194,4,11,191,17,periodic,2,stationary_mixture
28,11600,B,6,0.5,400,212,0.965,0.9714285714285714,0.9622641509433962,0.966824644549763,0.9897200025124249,0.9873168406262546,0.031914893617021274,182,6,8,204,17,periodic,2,stationary_mixture
29,12000,B,6,0.5,400,199,0.9275,0.9521276595744681,0.8994974874371859,0.9250645994832042,0.9785923651807266,0.9796619915497887,0.04477611940298507,192,9,20,179,17,periodic,2,stationary_mixture
0,400,A,0,0.5,400,200,0.9475,0.958974358974359,0.935,0.9468354430379747,0.9892043581813524,0.988475,0.04,192,8,13,187,17,drift,2,stationary_mixture
1,800,A,0,0.5,400,197,0.9525,0.978494623655914,0.9238578680203046,0.9503916449086162,0.9902184541369377,0.9886849541146758,0.019704433497536946,199,4,15,182,17,drift,2,stationary_mixture
2,1200,A,0,0.5,400,193,0.9275,0.9226804123711341,0.927461139896373,0.9250645994832042,0.9854606155318484,0.9860829516157293,0.07246376811594203,192,15,14,179,17,drift,2,stationary_mixture
3,1600,A,0,0.5,400,189,0.9125,0.9139784946236559,0.8994708994708994,0.9066666666666666,0.9782570911419647,0.9766293036435216,0.07582938388625593,195,16,19,170,17,drift,2,stationary_mixture
4,2000,A,0,0.5,400,197,0.9275,0.9285714285714286,0.9238578680203046,0.926208651399491,0.9806327728604197,0.9810457352904404,0.06896551724137931,189,14,15,182,17,drift,2,stationary_mixture
5,2400,A,0,0.5,400,185,0.94,0.9398907103825137,0.9297297297297298,0.9347826086956522,0.980017353368809,0.9818981772470144,0.05116279069767442,204,11,13,172,17,drift,2,stationary_mixture
6,2800,A,0,0.5,400,191,0.935,0.914572864321608,0.9528795811518325,0.9333333333333333,0.9851026781586805,0.9846689546331321,0.08133971291866028,192,17,9,182,17,drift,2,stationary_mixture
7,3200,A,0,0.5,400,196,0.9375,0.9430051813471503,0.9285714285714286,0.9357326478149101,0.9860964896644309,0.9856692677070829,0.05392156862745098,193,11,14,182,17,drift,2,stationary_mixture
8,3600,A,0,0.5,400,195,0.94,0.9523809523809523,0.9230769230769231,0.9375,0.9829549704597953,0.982526579111945,0.04390243902439024,196,9,15,180,17,drift,2,stationary_mixture
9,4000,A,0,0.5,400,194,0.9625,0.9685863874345549,0.9536082474226805,0.961038961038961,0.9899233768895389,0.9890901811630468,0.02912621359223301,200,6,9,185,17,drift,2,stationary_mixture
10,4400,A,0,0.5,400,196,0.92,0.905940594059406,0.9336734693877551,0.9195979899497487,0.9797340567904277,0.9778161264505801,0.09313725490196079,185,19,13,183,17,drift,2,stationary_mixture
11,4800,A,0,0.5,400,199,0.9525,0.96875,0.9346733668341709,0.9514066496163683,0.9883987652951739,0.984312107802695,0.029850746268656716,195,6,13,186,17,drift,2,stationary_mixture
12,5200,A,0,0.5,400,196,0.9475,0.9679144385026738,0.923469387755102,0.9451697127937336,0.9882127807587835,0.9893207282913166,0.029411764705882353,198,6,15,181,17,drift,2,stationary_mixture
13,5600,B,0,0.5,400,208,0.9375,0.9507389162561576,0.9278846153846154,0.9391727493917275,0.9852894856523797,0.983573717948718,0.052083333333333336,182,10,15,193,17,drift,2,stationary_mixture
14,6000,B,0,0.5,400,205,0.93,0.927536231884058,0.9365853658536586,0.9320388349514563,0.9876774632787715,0.9859912445278299,0.07692307692307693,180,15,13,192,17,drift,2,stationary_mixture
15,6400,B,0,0.5,400,205,0.935,0.945273631840796,0.926829268292683,0.9359605911330049,0.9851769676972418,0.9828267667292058,0.05641025641025641,184,11,15,190,17,drift,2,stationary_mixture
16,6800,B,0,0.5,400,216,0.95,0.9622641509433962,0.9444444444444444,0.9532710280373832,0.9867516167545844,0.9838591988727857,0.043478260869565216,176,8,12,204,17,drift,2,stationary_mixture
17,7200,B,0,0.5,400,199,0.9325,0.9526315789473684,0.9095477386934674,0.9305912596401028,0.979534440020775,0.9773244331108277,0.04477611940298507,192,9,18,181,17,drift,2,stationary_mixture
18,7600,B,0,0.5,400,200,0.9325,0.9528795811518325,0.91,0.9309462915601023,0.9848425699903022,0.9826999999999999,0.045,191,9,18,182,17,drift,2,stationary_mixture
19,8000,B,0,0.5,400,215,0.935,0.9609756097560975,0.9162790697674419,0.9380952380952381,0.9849502267359544,0.9828786926461345,0.043243243243243246,177,8,18,197,17,drift,2,stationary_mixture
20,8400,B,0,0.5,400,205,0.935,0.9685863874345549,0.9024390243902439,0.9343434343434344,0.984492032266198,0.9811257035647281,0.03076923076923077,189,6,20,185,17,drift,2,stationary_mixture
21,8800,B,0,0.5,400,206,0.945,0.9646464646464646,0.9271844660194175,0.9455445544554455,0.9884524110924454,0.985687118406566,0.03608247422680412,187,7,15,191,17,drift,2,stationary_mixture
22,9200,B,0,0.5,400,214,0.9475,0.9617224880382775,0.9392523364485982,0.950354609929078,0.9785433985441235,0.974198573007738,0.043010752688172046,178,8,13,201,17,drift,2,stationary_mixture
23,9600,B,0,0.5,400,189,0.9425,0.946236559139785,0.9312169312169312,0.9386666666666666,0.9802843561673544,0.9813435642819529,0.04739336492890995,201,10,13,176,17,drift,2,stationary_mixture
24,10000,B,0,0.5,400,196,0.9475,0.9629629629629629,0.9285714285714286,0.9454545454545454,0.9851447608045081,0.9818927571028411,0.03431372549019608,197,7,14,182,17,drift,2,stationary_mixture
25,10400,B,0,0.5,400,211,0.9375,0.9558823529411765,0.9241706161137441,0.9397590361445783,0.9881710040937302,0.9865844178640387,0.047619047619047616,180,9,16,195,17,drift,2,stationary_mixture
26,10800,B,0,0.5,400,190,0.9425,0.9282051282051282,0.9526315789473684,0.9402597402597402,0.9864660666816109,0.9873684210526316,0.06666666666666667,196,14,9,181,17,drift,2,stationary_mixture
27,11200,B,0,0.5,400,202,0.945,0.9838709677419355,0.905940594059406,0.9432989690721649,0.9889938611452501,0.9846859685968598,0.015151515151515152,195,3,19,183,17,drift,2,stationary_mixture
28,11600,B,0,0.5,400,212,0.97,0.9807692307692307,0.9622641509433962,0.9714285714285714,0.9865720847068528,0.9869906663990365,0.02127659574468085,184,4,8,204,17,drift,2,stationary_mixture
29,12000,B,0,0.5,400,199,0.9075,0.945054945054945,0.864321608040201,0.9028871391076115,0.9766548412228747,0.9765869146728668,0.04975124378109453,191,10,27,172,17,drift,2,stationary_mixture
0,400,A,0,0.5,400,200,0.9475,0.958974358974359,0.935,0.9468354430379747,0.9892043581813524,0.9884750000000001,0.04,192,8,13,187,17,threshold,2,stationary_mixture
1,800,A,0,0.5,400,197,0.9525,0.978494623655914,0.9238578680203046,0.9503916449086162,0.9902184541369377,0.9886849541146758,0.019704433497536946,199,4,15,182,17,threshold,2,stationary_mixture
2,1200,A,0,0.5,400,193,0.9275,0.9226804123711341,0.927461139896373,0.9250645994832042,0.9854606155318484,0.9860829516157293,0.07246376811594203,192,15,14,179,17,threshold,2,stationary_mixture
3,1600,A,0,0.5,400,189,0.9125,0.9139784946236559,0.8994708994708994,0.9066666666666666,0.9782570911419647,0.9766293036435216,0.07582938388625593,195,16,19,170,17,threshold,2,stationary_mixture
4,2000,A,0,0.5,400,197,0.9275,0.9285714285714286,0.9238578680203046,0.926208651399491,0.9806327728604197,0.9810457352904404,0.06896551724137931,189,14,15,182,17,threshold,2,stationary_mixture
5,2400,A,0,0.5,400,185,0.94,0.9398907103825137,0.9297297297297298,0.9347826086956522,0.980017353368809,0.9818981772470144,0.05116279069767442,204,11,13,172,17,threshold,2,stationary_mixture
6,2800,A,0,0.46619047619047616,400,191,0.9375,0.9108910891089109,0.9633507853403142,0.9363867684478372,0.9851026781586805,0.9846689546331321,0.0861244019138756,191,18,7,184,17,threshold,2,stationary_mixture
7,3200,A,0,0.46619047619047616,400,196,0.935,0.9381443298969072,0.9285714285714286,0.9333333333333333,0.9860964896644309,0.9856692677070829,0.058823529411764705,192,12,14,182,17,threshold,2,stationary_mixture
8,3600,A,0,0.46619047619047616,400,195,0.9425,0.9526315789473684,0.9282051282051282,0.9402597402597402,0.9829549704597953,0.9825265791119449,0.04390243902439024,196,9,14,181,17,threshold,2,stationary_mixture
9,4000,A,0,0.46619047619047616,400,194,0.9525,0.9487179487179487,0.9536082474226805,0.9511568123393316,0.9899233768895389,0.9890901811630468,0.04854368932038835,196,10,9,185,17,threshold,2,stationary_mixture
10,4400,A,0,0.40224392274392273,400,196,0.92,0.8761467889908257,0.9744897959183674,0.9227053140096618,0.9797340567904277,0.9778161264505801,0.1323529411764706,177,27,5,191,17,threshold,2,stationary_mixture
11,4800,A,0,0.40224392274392273,400,199,0.9475,0.9362745098039216,0.9597989949748744,0.9478908188585607,0.9883987652951739,0.984312107802695,0.06467661691542288,188,13,8,191,17,threshold,2,stationary_mixture
12,5200,A,0,0.40224392274392273,400,196,0.9575,0.9637305699481865,0.9489795918367347,0.9562982005141388,0.9882127807587835,0.9893207282913166,0.03431372549019608,197,7,10,186,17,threshold,2,stationary_mixture
13,5600,B,0,0.40224392274392273,400,208,0.93,0.9205607476635514,0.9471153846153846,0.933649289099526,0.9852894856523797,0.983573717948718,0.08854166666666667,175,17,11,197,17,threshold,2,stationary_mixture
14,6000,B,0,0.4186197223828804,400,205,0.935,0.92018779342723,0.9560975609756097,0.937799043062201,0.9876774632787715,0.9859912445278299,0.08717948717948718,178,17,9,196,17,threshold,2,stationary_mixture
15,6400,B,0,0.4186197223828804,400,205,0.9275,0.9150943396226415,0.9463414634146341,0.9304556354916067,0.9851769676972418,0.9828267667292058,0.09230769230769231,177,18,11,194,17,threshold,2,stationary_mixture
16,6800,B,0,0.4186197223828804,400,216,0.9425,0.9366515837104072,0.9583333333333334,0.9473684210526315,0.9867516167545843,0.9838591988727858,0.07608695652173914,170,14,9,207,17,threshold,2,stationary_mixture
17,7200,B,0,0.4186197223828804,400,199,0.9375,0.935,0.9396984924623115,0.9373433583959899,0.9795344400207752,0.9773244331108277,0.06467661691542288,188,13,12,187,17,threshold,2,stationary_mixture
18,7600,B,0,0.41897268907563023,400,200,0.9325,0.9261083743842364,0.94,0.9330024813895782,0.9848425699903022,0.9826999999999999,0.075,185,15,12,188,17,threshold,2,stationary_mixture
19,8000,B,0,0.41897268907563023,400,215,0.9375,0.9398148148148148,0.9441860465116279,0.9419953596287703,0.9849502267359544,0.9828786926461345,0.07027027027027027,172,13,12,203,17,threshold,2,stationary_mixture
20,8400,B,0,0.41897268907563023,400,205,0.935,0.9543147208121827,0.9170731707317074,0.9353233830845771,0.984492032266198,0.9811257035647281,0.046153846153846156,186,9,17,188,17,threshold,2,stationary_mixture
21,8800,B,0,0.41897268907563023,400,206,0.95,0.9558823529411765,0.9466019417475728,0.9512195121951219,0.9884524110924456,0.9856871184065659,0.04639175257731959,185,9,11,195,17,threshold,2,stationary_mixture
22,9200,B,0,0.43256751581751574,400,214,0.95,0.9532710280373832,0.9532710280373832,0.9532710280373832,0.9785433985441235,0.974198573007738,0.053763440860215055,176,10,10,204,17,threshold,2,stationary_mixture
23,9600,B,0,0.43256751581751574,400,189,0.94,0.9319371727748691,0.9417989417989417,0.9368421052631579,0.9802843561673544,0.9813435642819529,0.061611374407582936,198,13,11,178,17,threshold,2,stationary_mixture
24,10000,B,0,0.43256751581751574,400,196,0.94,0.9432989690721649,0.9336734693877551,0.9384615384615385,0.9851447608045081,0.9818927571028411,0.05392156862745098,193,11,13,183,17,threshold,2,stationary_mixture
25,10400,B,0,0.43256751581751574,400,211,0.9375,0.9428571428571428,0.9383886255924171,0.9406175771971497,0.9881710040937302,0.9865844178640387,0.06349206349206349,177,12,13,198,17,threshold,2,stationary_mixture
26,10800,B,0,0.4129090909090909,400,190,0.9375,0.9024390243902439,0.9736842105263158,0.9367088607594937,0.9864660666816109,0.9873684210526316,0.09523809523809523,190,20,5,185,17,threshold,2,stationary_mixture
27,11200,B,0,0.4129090909090909,400,202,0.9525,0.9644670050761421,0.9405940594059405,0.9523809523809523,0.9889938611452501,0.9846859685968598,0.03535353535353535,191,7,12,190,17,threshold,2,stationary_mixture
28,11600,B,0,0.4129090909090909,400,212,0.96,0.9537037037037037,0.9716981132075472,0.9626168224299065,0.9865720847068528,0.9869906663990365,0.05319148936170213,178,10,6,206,17,threshold,2,stationary_mixture
29,12000,B,0,0.4129090909090909,400,199,0.9325,0.9432989690721649,0.9195979899497487,0.9312977099236641,0.9766548412228747,0.9765869146728668,0.05472636815920398,190,11,16,183,17,threshold,2,stationary_mixture
0,400,A,0,0.5,400,188,0.9325,0.9259259259259259,0.9308510638297872,0.9283819628647215,0.9841527525225124,0.9832647531112002,0.0660377358490566,198,14,13,175,42,fixed,0,stationary_mixture
1,800,A,0,0.5,400,215,0.955,0.958139534883721,0.958139534883721,0.958139534883721,0.9907166487440675,0.9875047140163418,0.04864864864864865,176,9,9,206,42,fixed,0,stationary_mixture
2,1200,A,0,0.5,400,209,0.93,0.9502487562189055,0.9138755980861244,0.9317073170731708,0.9748448814772838,0.9771286855883163,0.05235602094240838,181,10,18,191,42,fixed,0,stationary_mixture
3,1600,A,0,0.5,400,214,0.94,0.9656862745098039,0.9205607476635514,0.9425837320574163,0.9854660172239695,0.9791603858908652,0.03763440860215054,179,7,17,197,42,fixed,0,stationary_mixture
4,2000,A,0,0.5,400,214,0.935,0.9476190476190476,0.9299065420560748,0.9386792452830188,0.9886436111364783,0.9866596321977692,0.05913978494623656,175,11,15,199,42,fixed,0,stationary_mixture
5,2400,A,0,0.5,400,190,0.9375,0.9411764705882353,0.9263157894736842,0.9336870026525199,0.9830589864036441,0.980125313283208,0.05238095238095238,199,11,14,176,42,fixed,0,stationary_mixture
6,2800,A,0,0.5,400,190,0.93,0.921875,0.9315789473684211,0.9267015706806283,0.9832576282148283,0.9816165413533835,0.07142857142857142,195,15,13,177,42,fixed,0,stationary_mixture
7,3200,A,0,0.5,400,217,0.945,0.9411764705882353,0.9585253456221198,0.9497716894977168,0.9880402592733707,0.9863765707234771,0.07103825136612021,170,13,9,208,42,fixed,0,stationary_mixture
8,3600,A,0,0.5,400,189,0.9375,0.9226804123711341,0.9470899470899471,0.9347258485639687,0.9859339231042876,0.986835176408636,0.07109004739336493,196,15,10,179,42,fixed,0,stationary_mixture
9,4000,A,0,0.5,400,208,0.9325,0.9330143540669856,0.9375,0.935251798561151,0.9793942509103211,0.9788161057692308,0.07291666666666667,178,14,13,195,42,fixed,0,stationary_mixture
10,4400,A,0,0.5,400,197,0.9275,0.9375,0.9137055837563451,0.9254498714652957,0.9848002719020414,0.9832712360281064,0.059113300492610835,191,12,17,180,42,fixed,0,stationary_mixture
11,4800,A,0,0.5,400,207,0.9475,0.9471153846153846,0.9516908212560387,0.9493975903614458,0.9887569572773205,0.9884358338965232,0.05699481865284974,182,11,10,197,42,fixed,0,stationary_mixture
12,5200,A,0,0.5,400,195,0.9625,0.9787234042553191,0.9435897435897436,0.9608355091383812,0.9909297075738134,0.9886929330831771,0.01951219512195122,201,4,11,184,42,fixed,0,stationary_mixture
13,5600,A,0,0.5,400,191,0.9225,0.9210526315789473,0.9162303664921466,0.9186351706036745,0.9813768787955466,0.9823141862271099,0.07177033492822966,194,15,16,175,42,fixed,0,stationary_mixture
14,6000,A,0,0.5,400,208,0.94,0.9509803921568627,0.9326923076923077,0.941747572815534,0.9889586793761624,0.9851637620192308,0.052083333333333336,182,10,14,194,42,fixed,0,stationary_mixture
15,6400,B,0,0.5,400,188,0.9675,0.9581151832460733,0.973404255319149,0.9656992084432717,0.9928417396783287,0.9935517864311522,0.03773584905660377,204,8,5,183,42,fixed,0,stationary_mixture
16,6800,B,0,0.5,400,214,0.9425,0.9658536585365853,0.9252336448598131,0.9451073985680191,0.9681147754038505,0.9765852678122802,0.03763440860215054,179,7,16,198,42,fixed,0,stationary_mixture
17,7200,B,0,0.5,400,206,0.935,0.9285714285714286,0.9466019417475728,0.9375,0.9847488389398638,0.9826593934541087,0.07731958762886598,179,15,11,195,42,fixed,0,stationary_mixture
18,7600,B,0,0.5,400,204,0.9525,0.9601990049751243,0.946078431372549,0.9530864197530864,0.9752205346486779,0.9833933573429371,0.04081632653061224,188,8,11,193,42,fixed,0,stationary_mixture
19,8000,B,0,0.5,400,203,0.9425,0.95,0.9359605911330049,0.9429280397022333,0.9886932066477905,0.988047310644895,0.050761421319796954,187,10,13,190,42,fixed,0,stationary_mixture
20,8400,B,0,0.5,400,204,0.945,0.946078431372549,0.946078431372549,0.946078431372549,0.9747034064582591,0.9773909563825531,0.05612244897959184,185,11,11,193,42,fixed,0,stationary_mixture
21,8800,B,0,0.5,400,190,0.925,0.9395604395604396,0.9,0.9193548387096774,0.9699833704893052,0.9741604010025063,0.05238095238095238,199,11,19,171,42,fixed,0,stationary_mixture
22,9200,B,0,0.5,400,195,0.94,0.9476439790575916,0.9282051282051282,0.9378238341968912,0.9883757749778141,0.9888680425265791,0.04878048780487805,195,10,14,181,42,fixed,0,stationary_mixture
23,9600,B,0,0.5,400,198,0.94,0.9627659574468085,0.9141414141414141,0.9378238341968912,0.9842111811433709,0.982873287328733,0.034653465346534656,195,7,17,181,42,fixed,0,stationary_mixture
24,10000,B,0,0.5,400,191,0.9325,0.9456521739130435,0.9109947643979057,0.928,0.9777365842798392,0.9794083018111677,0.04784688995215311,199,10,17,174,42,fixed,0,stationary_mixture
25,10400,B,0,0.5,400,202,0.95,0.9739583333333334,0.9257425742574258,0.949238578680203,0.9909119721167163,0.9873737373737372,0.025252525252525252,193,5,15,187,42,fixed,0,stationary_mixture
26,10800,B,0,0.5,400,205,0.93,0.9538461538461539,0.9073170731707317,0.93,0.9807066418477062,0.9770231394621639,0.046153846153846156,186,9,19,186,42,fixed,0,stationary_mixture
27,11200,B,0,0.5,400,183,0.9475,0.945054945054945,0.9398907103825137,0.9424657534246575,0.9879319377243172,0.9877867593362041,0.04608294930875576,207,10,11,172,42,fixed,0,stationary_mixture
28,11600,B,0,0.5,400,194,0.9125,0.9206349206349206,0.8969072164948454,0.9086161879895561,0.9794487313468099,0.9792813532178961,0.07281553398058252,191,15,20,174,42,fixed,0,stationary_mixture
29,12000,B,0,0.5,400,191,0.95,0.9476439790575916,0.9476439790575916,0.9476439790575916,0.989808071051536,0.9908564843808713,0.04784688995215311,199,10,10,181,42,fixed,0,stationary_mixture
0,400,A,0,0.5,400,188,0.9325,0.9259259259259259,0.9308510638297872,0.9283819628647215,0.9841527525225124,0.9832647531112002,0.0660377358490566,198,14,13,175,42,periodic,0,stationary_mixture
1,800,A,0,0.5,400,215,0.955,0.958139534883721,0.958139534883721,0.958139534883721,0.9907166487440675,0.9875047140163418,0.04864864864864865,176,9,9,206,42,periodic,0,stationary_mixture
2,1200,A,0,0.5,400,209,0.93,0.9502487562189055,0.9138755980861244,0.9317073170731708,0.9748448814772838,0.9771286855883163,0.05235602094240838,181,10,18,191,42,periodic,0,stationary_mixture
3,1600,A,0,0.5,400,214,0.94,0.9656862745098039,0.9205607476635514,0.9425837320574163,0.9854660172239695,0.9791603858908652,0.03763440860215054,179,7,17,197,42,periodic,0,stationary_mixture
4,2000,A,1,0.5,400,214,0.9525,0.9620853080568721,0.9485981308411215,0.9552941176470588,0.993937590604018,0.9928901617927847,0.043010752688172046,178,8,11,203,42,periodic,0,stationary_mixture
5,2400,A,1,0.5,400,190,0.945,0.9468085106382979,0.9368421052631579,0.9417989417989417,0.9877434123486876,0.9878446115288221,0.047619047619047616,200,10,12,178,42,periodic,0,stationary_mixture
6,2800,A,1,0.5,400,190,0.945,0.9468085106382979,0.9368421052631579,0.9417989417989417,0.9868068034119284,0.9845363408521304,0.047619047619047616,200,10,12,178,42,periodic,0,stationary_mixture
7,3200,A,1,0.5,400,217,0.94,0.9488372093023256,0.9400921658986175,0.9444444444444444,0.9886987510740897,0.9884666717030546,0.060109289617486336,172,11,13,204,42,periodic,0,stationary_mixture
8,3600,A,2,0.5,400,189,0.9575,0.9432989690721649,0.9682539682539683,0.9556135770234987,0.9792055645407617,0.9859199077208556,0.052132701421800945,200,11,6,183,42,periodic,0,stationary_mixture
9,4000,A,2,0.5,400,208,0.9525,0.9478672985781991,0.9615384615384616,0.954653937947494,0.9771487973924191,0.9805814302884615,0.057291666666666664,181,11,8,200,42,periodic,0,stationary_mixture
10,4400,A,2,0.5,400,197,0.95,0.9633507853403142,0.934010152284264,0.9484536082474226,0.9882257583760973,0.9853717086344428,0.034482758620689655,196,7,13,184,42,periodic,0,stationary_mixture
11,4800,A,2,0.5,400,207,0.96,0.9569377990430622,0.966183574879227,0.9615384615384616,0.9914383094161953,0.9911641761157417,0.046632124352331605,184,9,7,200,42,periodic,0,stationary_mixture
12,5200,A,3,0.5,400,195,0.9625,0.9838709677419355,0.9384615384615385,0.9606299212598425,0.9928326837698888,0.9900938086303941,0.014634146341463415,202,3,12,183,42,periodic,0,stationary_mixture
13,5600,A,3,0.5,400,191,0.9475,0.9427083333333334,0.9476439790575916,0.9451697127937336,0.986313683213741,0.9873493824995615,0.05263157894736842,198,11,10,181,42,periodic,0,stationary_mixture
14,6000,A,3,0.5,400,208,0.9525,0.9655172413793104,0.9423076923076923,0.9537712895377128,0.9902532289424921,0.9873672876602565,0.036458333333333336,185,7,12,196,42,periodic,0,stationary_mixture
15,6400,B,3,0.5,400,188,0.9725,0.9682539682539683,0.973404255319149,0.9708222811671088,0.9953851924375772,0.9959102769971899,0.02830188679245283,206,6,5,183,42,periodic,0,stationary_mixture
16,6800,B,4,0.5,400,214,0.945,0.9528301886792453,0.9439252336448598,0.9483568075117371,0.9817758909866491,0.9820369812079187,0.053763440860215055,176,10,12,202,42,periodic,0,stationary_mixture
17,7200,B,4,0.5,400,206,0.9575,0.9354838709677419,0.9854368932038835,0.9598108747044918,0.988755506644011,0.9872760484435992,0.07216494845360824,180,14,3,203,42,periodic,0,stationary_mixture
18,7600,B,4,0.5,400,204,0.9625,0.9701492537313433,0.9558823529411765,0.9629629629629629,0.9779469479048362,0.9848689475790315,0.030612244897959183,190,6,9,195,42,periodic,0,stationary_mixture
19,8000,B,4,0.5,400,203,0.95,0.9552238805970149,0.9458128078817734,0.9504950495049505,0.992025512235592,0.9914730814433247,0.04568527918781726,188,9,11,192,42,periodic,0,stationary_mixture
20,8400,B,5,0.5,400,204,0.9525,0.9512195121951219,0.9558823529411765,0.9535452322738386,0.981530927994226,0.9818927571028411,0.05102040816326531,186,10,9,195,42,periodic,0,stationary_mixture
21,8800,B,5,0.5,400,190,0.9525,0.9776536312849162,0.9210526315789473,0.948509485094851,0.968356555156006,0.979812030075188,0.01904761904761905,206,4,15,175,42,periodic,0,stationary_mixture
22,9200,B,5,0.5,400,195,0.9525,0.9583333333333334,0.9435897435897436,0.9509043927648578,0.9867646028997188,0.9849656035021889,0.03902439024390244,197,8,11,184,42,periodic,0,stationary_mixture
23,9600,B,5,0.5,400,198,0.9475,0.9633507853403142,0.9292929292929293,0.9460154241645244,0.9890256673370951,0.9893239323932393,0.034653465346534656,195,7,14,184,42,periodic,0,stationary_mixture
24,10000,B,6,0.5,400,191,0.9475,0.956989247311828,0.9319371727748691,0.9442970822281167,0.9859497919769425,0.986622911395576,0.03827751196172249,201,8,13,178,42,periodic,0,stationary_mixture
25,10400,B,6,0.5,400,202,0.96,0.984375,0.9356435643564357,0.9593908629441624,0.9934288303997437,0.9904490449044905,0.015151515151515152,195,3,13,189,42,periodic,0,stationary_mixture
26,10800,B,6,0.5,400,205,0.935,0.949748743718593,0.9219512195121952,0.9356435643564357,0.9883251887458373,0.9851031894934333,0.05128205128205128,185,10,16,189,42,periodic,0,stationary_mixture
27,11200,B,6,0.5,400,183,0.9475,0.9354838709677419,0.9508196721311475,0.943089430894309,0.9925684269678219,0.9924831910553752,0.055299539170506916,205,12,9,174,42,periodic,0,stationary_mixture
28,11600,B,7,0.5,400,194,0.945,0.9574468085106383,0.9278350515463918,0.9424083769633508,0.9873239377593781,0.9882394154739266,0.038834951456310676,198,8,14,180,42,periodic,0,stationary_mixture
29,12000,B,7,0.5,400,191,0.9675,0.968421052631579,0.9633507853403142,0.9658792650918635,0.99363147508901,0.9943886369899047,0.028708133971291867,203,6,7,184,42,periodic,0,stationary_mixture
0,400,A,0,0.5,400,188,0.9325,0.9259259259259259,0.9308510638297872,0.9283819628647215,0.9841527525225124,0.9832647531112002,0.0660377358490566,198,14,13,175,42,drift,0,stationary_mixture
1,800,A,0,0.5,400,215,0.955,0.958139534883721,0.958139534883721,0.958139534883721,0.9907166487440675,0.9875047140163418,0.04864864864864865,176,9,9,206,42,drift,0,stationary_mixture
2,1200,A,0,0.5,400,209,0.93,0.9502487562189055,0.9138755980861244,0.9317073170731708,0.9748448814772838,0.9771286855883163,0.05235602094240838,181,10,18,191,42,drift,0,stationary_mixture
3,1600,A,0,0.5,400,214,0.94,0.9656862745098039,0.9205607476635514,0.9425837320574163,0.9854660172239695,0.9791603858908652,0.03763440860215054,179,7,17,197,42,drift,0,stationary_mixture
4,2000,A,0,0.5,400,214,0.935,0.9476190476190476,0.9299065420560748,0.9386792452830188,0.9886436111364783,0.9866596321977691,0.05913978494623656,175,11,15,199,42,drift,0,stationary_mixture
5,2400,A,0,0.5,400,190,0.9375,0.9411764705882353,0.9263157894736842,0.9336870026525199,0.9830589864036441,0.980125313283208,0.05238095238095238,199,11,14,176,42,drift,0,stationary_mixture
6,2800,A,0,0.5,400,190,0.93,0.921875,0.9315789473684211,0.9267015706806283,0.9832576282148283,0.9816165413533835,0.07142857142857142,195,15,13,177,42,drift,0,stationary_mixture
7,3200,A,0,0.5,400,217,0.945,0.9411764705882353,0.9585253456221198,0.9497716894977168,0.9880402592733707,0.9863765707234771,0.07103825136612021,170,13,9,208,42,drift,0,stationary_mixture
8,3600,A,0,0.5,400,189,0.9375,0.9226804123711341,0.9470899470899471,0.9347258485639687,0.9859339231042876,0.986835176408636,0.07109004739336493,196,15,10,179,42,drift,0,stationary_mixture
9,4000,A,0,0.5,400,208,0.9325,0.9330143540669856,0.9375,0.935251798561151,0.9793942509103211,0.9788161057692308,0.07291666666666667,178,14,13,195,42,drift,0,stationary_mixture
10,4400,A,0,0.5,400,197,0.9275,0.9375,0.9137055837563451,0.9254498714652957,0.9848002719020414,0.9832712360281064,0.059113300492610835,191,12,17,180,42,drift,0,stationary_mixture
11,4800,A,0,0.5,400,207,0.9475,0.9471153846153846,0.9516908212560387,0.9493975903614458,0.9887569572773205,0.9884358338965232,0.05699481865284974,182,11,10,197,42,drift,0,stationary_mixture
12,5200,A,0,0.5,400,195,0.9625,0.9787234042553191,0.9435897435897436,0.9608355091383812,0.9909297075738134,0.9886929330831771,0.01951219512195122,201,4,11,184,42,drift,0,stationary_mixture
13,5600,A,0,0.5,400,191,0.9225,0.9210526315789473,0.9162303664921466,0.9186351706036745,0.9813768787955466,0.9823141862271099,0.07177033492822966,194,15,16,175,42,drift,0,stationary_mixture
14,6000,A,0,0.5,400,208,0.94,0.9509803921568627,0.9326923076923077,0.941747572815534,0.9889586793761624,0.9851637620192308,0.052083333333333336,182,10,14,194,42,drift,0,stationary_mixture
15,6400,B,0,0.5,400,188,0.9675,0.9581151832460733,0.973404255319149,0.9656992084432717,0.9928417396783287,0.9935517864311522,0.03773584905660377,204,8,5,183,42,drift,0,stationary_mixture
16,6800,B,0,0.5,400,214,0.9425,0.9658536585365853,0.9252336448598131,0.9451073985680191,0.9681147754038505,0.9765852678122802,0.03763440860215054,179,7,16,198,42,drift,0,stationary_mixture
17,7200,B,0,0.5,400,206,0.935,0.9285714285714286,0.9466019417475728,0.9375,0.9847488389398638,0.9826593934541087,0.07731958762886598,179,15,11,195,42,drift,0,stationary_mixture
18,7600,B,0,0.5,400,204,0.9525,0.9601990049751243,0.946078431372549,0.9530864197530864,0.9752205346486779,0.9833933573429371,0.04081632653061224,188,8,11,193,42,drift,0,stationary_mixture
19,8000,B,0,0.5,400,203,0.9425,0.95,0.9359605911330049,0.9429280397022333,0.9886932066477905,0.988047310644895,0.050761421319796954,187,10,13,190,42,drift,0,stationary_mixture
20,8400,B,0,0.5,400,204,0.945,0.946078431372549,0.946078431372549,0.946078431372549,0.9747034064582593,0.9773909563825531,0.05612244897959184,185,11,11,193,42,drift,0,stationary_mixture
21,8800,B,0,0.5,400,190,0.925,0.9395604395604396,0.9,0.9193548387096774,0.9699833704893052,0.9741604010025063,0.05238095238095238,199,11,19,171,42,drift,0,stationary_mixture
22,9200,B,0,0.5,400,195,0.94,0.9476439790575916,0.9282051282051282,0.9378238341968912,0.9883757749778141,0.9888680425265792,0.04878048780487805,195,10,14,181,42,drift,0,stationary_mixture
23,9600,B,0,0.5,400,198,0.94,0.9627659574468085,0.9141414141414141,0.9378238341968912,0.9842111811433709,0.982873287328733,0.034653465346534656,195,7,17,181,42,drift,0,stationary_mixture
24,10000,B,0,0.5,400,191,0.9325,0.9456521739130435,0.9109947643979057,0.928,0.9777365842798392,0.9794083018111677,0.04784688995215311,199,10,17,174,42,drift,0,stationary_mixture
25,10400,B,0,0.5,400,202,0.95,0.9739583333333334,0.9257425742574258,0.949238578680203,0.9909119721167163,0.9873737373737372,0.025252525252525252,193,5,15,187,42,drift,0,stationary_mixture
26,10800,B,0,0.5,400,205,0.93,0.9538461538461539,0.9073170731707317,0.93,0.9807066418477062,0.9770231394621639,0.046153846153846156,186,9,19,186,42,drift,0,stationary_mixture
27,11200,B,0,0.5,400,183,0.9475,0.945054945054945,0.9398907103825137,0.9424657534246575,0.9879319377243172,0.9877867593362041,0.04608294930875576,207,10,11,172,42,drift,0,stationary_mixture
28,11600,B,0,0.5,400,194,0.9125,0.9206349206349206,0.8969072164948454,0.9086161879895561,0.9794487313468099,0.9792813532178961,0.07281553398058252,191,15,20,174,42,drift,0,stationary_mixture
29,12000,B,0,0.5,400,191,0.95,0.9476439790575916,0.9476439790575916,0.9476439790575916,0.9898080710515361,0.9908564843808714,0.04784688995215311,199,10,10,181,42,drift,0,stationary_mixture
0,400,A,0,0.5,400,188,0.9325,0.9259259259259259,0.9308510638297872,0.9283819628647215,0.9841527525225124,0.9832647531112002,0.0660377358490566,198,14,13,175,42,threshold,0,stationary_mixture
1,800,A,0,0.5,400,215,0.955,0.958139534883721,0.958139534883721,0.958139534883721,0.9907166487440675,0.9875047140163418,0.04864864864864865,176,9,9,206,42,threshold,0,stationary_mixture
2,1200,A,0,0.5,400,209,0.93,0.9502487562189055,0.9138755980861244,0.9317073170731708,0.9748448814772838,0.9771286855883163,0.05235602094240838,181,10,18,191,42,threshold,0,stationary_mixture
3,1600,A,0,0.5,400,214,0.94,0.9656862745098039,0.9205607476635514,0.9425837320574163,0.9854660172239695,0.9791603858908652,0.03763440860215054,179,7,17,197,42,threshold,0,stationary_mixture
4,2000,A,0,0.46979624619774435,400,214,0.9375,0.9436619718309859,0.9392523364485982,0.9414519906323185,0.9886436111364783,0.9866596321977692,0.06451612903225806,174,12,13,201,42,threshold,0,stationary_mixture
5,2400,A,0,0.46979624619774435,400,190,0.935,0.9315789473684211,0.9315789473684211,0.9315789473684211,0.9830589864036441,0.980125313283208,0.06190476190476191,197,13,13,177,42,threshold,0,stationary_mixture
6,2800,A,0,0.46979624619774435,400,190,0.9275,0.9086294416243654,0.9421052631578948,0.9250645994832042,0.9832576282148283,0.9816165413533835,0.08571428571428572,192,18,11,179,42,threshold,0,stationary_mixture
7,3200,A,0,0.46979624619774435,400,217,0.945,0.9411764705882353,0.9585253456221198,0.9497716894977168,0.9880402592733707,0.9863765707234771,0.07103825136612021,170,13,9,208,42,threshold,0,stationary_mixture
8,3600,A,0,0.46979624619774435,400,189,0.9275,0.9040404040404041,0.9470899470899471,0.9250645994832042,0.9859339231042876,0.986835176408636,0.09004739336492891,192,19,10,179,42,threshold,0,stationary_mixture
9,4000,A,0,0.46979624619774435,400,208,0.925,0.9158878504672897,0.9423076923076923,0.9289099526066351,0.9793942509103211,0.9788161057692308,0.09375,174,18,12,196,42,threshold,0,stationary_mixture
10,4400,A,0,0.46979624619774435,400,197,0.9275,0.9329896907216495,0.9187817258883249,0.9258312020460358,0.9848002719020414,0.9832712360281064,0.06403940886699508,190,13,16,181,42,threshold,0,stationary_mixture
11,4800,A,0,0.46979624619774435,400,207,0.95,0.9473684210526315,0.9565217391304348,0.9519230769230769,0.9887569572773205,0.9884358338965232,0.05699481865284974,182,11,9,198,42,threshold,0,stationary_mixture
12,5200,A,0,0.5128704043541001,400,195,0.965,0.9891891891891892,0.9384615384615385,0.9631578947368421,0.9909297075738134,0.9886929330831771,0.00975609756097561,203,2,12,183,42,threshold,0,stationary_mixture
13,5600,A,0,0.5128704043541001,400,191,0.9275,0.9354838709677419,0.9109947643979057,0.9230769230769231,0.9813768787955465,0.98231418622711,0.05741626794258373,197,12,17,174,42,threshold,0,stationary_mixture
14,6000,A,0,0.5128704043541001,400,208,0.9425,0.9556650246305419,0.9326923076923077,0.9440389294403893,0.9889586793761624,0.9851637620192308,0.046875,183,9,14,194,42,threshold,0,stationary_mixture
15,6400,B,0,0.5128704043541001,400,188,0.9625,0.9576719576719577,0.9627659574468085,0.9602122015915119,0.9928417396783287,0.9935517864311522,0.03773584905660377,204,8,7,181,42,threshold,0,stationary_mixture
16,6800,B,0,0.5128704043541001,400,214,0.9375,0.9655172413793104,0.9158878504672897,0.9400479616306955,0.9681147754038505,0.9765852678122802,0.03763440860215054,179,7,18,196,42,threshold,0,stationary_mixture
17,7200,B,0,0.5128704043541001,400,206,0.935,0.9285714285714286,0.9466019417475728,0.9375,0.9847488389398638,0.9826593934541087,0.07731958762886598,179,15,11,195,42,threshold,0,stationary_mixture
18,7600,B,0,0.5128704043541001,400,204,0.9525,0.964824120603015,0.9411764705882353,0.9528535980148883,0.9752205346486779,0.9833933573429371,0.03571428571428571,189,7,12,192,42,threshold,0,stationary_mixture
19,8000,B,0,0.5128704043541001,400,203,0.945,0.9547738693467337,0.9359605911330049,0.945273631840796,0.9886932066477905,0.988047310644895,0.04568527918781726,188,9,13,190,42,threshold,0,stationary_mixture
20,8400,B,0,0.45857882250035764,400,204,0.94,0.9368932038834952,0.946078431372549,0.9414634146341463,0.9747034064582591,0.9773909563825531,0.0663265306122449,183,13,11,193,42,threshold,0,stationary_mixture
21,8800,B,0,0.45857882250035764,400,190,0.925,0.925531914893617,0.9157894736842105,0.9206349206349206,0.9699833704893052,0.9741604010025063,0.06666666666666667,196,14,16,174,42,threshold,0,stationary_mixture
22,9200,B,0,0.45857882250035764,400,195,0.945,0.9435897435897436,0.9435897435897436,0.9435897435897436,0.9883757749778141,0.9888680425265792,0.05365853658536585,194,11,11,184,42,threshold,0,stationary_mixture
23,9600,B,0,0.45857882250035764,400,198,0.9375,0.9481865284974094,0.9242424242424242,0.9360613810741688,0.9842111811433709,0.982873287328733,0.04950495049504951,192,10,15,183,42,threshold,0,stationary_mixture
24,10000,B,0,0.46142938354612073,400,191,0.93,0.9358288770053476,0.9162303664921466,0.9259259259259259,0.9777365842798392,0.9794083018111677,0.05741626794258373,197,12,16,175,42,threshold,0,stationary_mixture
25,10400,B,0,0.46142938354612073,400,202,0.95,0.9595959595959596,0.9405940594059405,0.95,0.9909119721167163,0.9873737373737372,0.04040404040404041,190,8,12,190,42,threshold,0,stationary_mixture
26,10800,B,0,0.46142938354612073,400,205,0.93,0.949238578680203,0.9121951219512195,0.9303482587064676,0.9807066418477064,0.9770231394621638,0.05128205128205128,185,10,18,187,42,threshold,0,stationary_mixture
27,11200,B,0,0.46142938354612073,400,183,0.94,0.9206349206349206,0.9508196721311475,0.9354838709677419,0.9879319377243172,0.9877867593362041,0.06912442396313365,202,15,9,174,42,threshold,0,stationary_mixture
28,11600,B,0,0.47711111111111115,400,194,0.915,0.9166666666666666,0.9072164948453608,0.9119170984455959,0.9794487313468099,0.9792813532178961,0.07766990291262135,190,16,18,176,42,threshold,0,stationary_mixture
29,12000,B,0,0.47711111111111115,400,191,0.9525,0.9387755102040817,0.9633507853403142,0.9509043927648578,0.9898080710515361,0.9908564843808714,0.05741626794258373,197,12,7,184,42,threshold,0,stationary_mixture
0,400,A,0,0.5,400,188,0.9325,0.9259259259259259,0.9308510638297872,0.9283819628647215,0.9841527525225124,0.9832647531112002,0.0660377358490566,198,14,13,175,42,fixed,2,stationary_mixture
1,800,A,0,0.5,400,215,0.955,0.958139534883721,0.958139534883721,0.958139534883721,0.9907166487440675,0.9875047140163418,0.04864864864864865,176,9,9,206,42,fixed,2,stationary_mixture
2,1200,A,0,0.5,400,209,0.93,0.9502487562189055,0.9138755980861244,0.9317073170731708,0.9748448814772838,0.9771286855883163,0.05235602094240838,181,10,18,191,42,fixed,2,stationary_mixture
3,1600,A,0,0.5,400,214,0.94,0.9656862745098039,0.9205607476635514,0.9425837320574163,0.9854660172239695,0.9791603858908652,0.03763440860215054,179,7,17,197,42,fixed,2,stationary_mixture
4,2000,A,0,0.5,400,214,0.935,0.9476190476190476,0.9299065420560748,0.9386792452830188,0.9886436111364783,0.9866596321977692,0.05913978494623656,175,11,15,199,42,fixed,2,stationary_mixture
5,2400,A,0,0.5,400,190,0.9375,0.9411764705882353,0.9263157894736842,0.9336870026525199,0.9830589864036441,0.980125313283208,0.05238095238095238,199,11,14,176,42,fixed,2,stationary_mixture
6,2800,A,0,0.5,400,190,0.93,0.921875,0.9315789473684211,0.9267015706806283,0.9832576282148283,0.9816165413533835,0.07142857142857142,195,15,13,177,42,fixed,2,stationary_mixture
7,3200,A,0,0.5,400,217,0.945,0.9411764705882353,0.9585253456221198,0.9497716894977168,0.9880402592733707,0.9863765707234771,0.07103825136612021,170,13,9,208,42,fixed,2,stationary_mixture
8,3600,A,0,0.5,400,189,0.9375,0.9226804123711341,0.9470899470899471,0.9347258485639687,0.9859339231042876,0.986835176408636,0.07109004739336493,196,15,10,179,42,fixed,2,stationary_mixture
9,4000,A,0,0.5,400,208,0.9325,0.9330143540669856,0.9375,0.935251798561151,0.9793942509103211,0.9788161057692308,0.07291666666666667,178,14,13,195,42,fixed,2,stationary_mixture
10,4400,A,0,0.5,400,197,0.9275,0.9375,0.9137055837563451,0.9254498714652957,0.9848002719020414,0.9832712360281064,0.059113300492610835,191,12,17,180,42,fixed,2,stationary_mixture
11,4800,A,0,0.5,400,207,0.9475,0.9471153846153846,0.9516908212560387,0.9493975903614458,0.9887569572773205,0.9884358338965232,0.05699481865284974,182,11,10,197,42,fixed,2,stationary_mixture
12,5200,A,0,0.5,400,195,0.9625,0.9787234042553191,0.9435897435897436,0.9608355091383812,0.9909297075738134,0.9886929330831771,0.01951219512195122,201,4,11,184,42,fixed,2,stationary_mixture
13,5600,A,0,0.5,400,191,0.9225,0.9210526315789473,0.9162303664921466,0.9186351706036745,0.9813768787955466,0.9823141862271099,0.07177033492822966,194,15,16,175,42,fixed,2,stationary_mixture
14,6000,A,0,0.5,400,208,0.94,0.9509803921568627,0.9326923076923077,0.941747572815534,0.9889586793761624,0.9851637620192308,0.052083333333333336,182,10,14,194,42,fixed,2,stationary_mixture
15,6400,B,0,0.5,400,188,0.9675,0.9581151832460733,0.973404255319149,0.9656992084432717,0.9928417396783287,0.9935517864311522,0.03773584905660377,204,8,5,183,42,fixed,2,stationary_mixture
16,6800,B,0,0.5,400,214,0.9425,0.9658536585365853,0.9252336448598131,0.9451073985680191,0.9681147754038504,0.9765852678122802,0.03763440860215054,179,7,16,198,42,fixed,2,stationary_mixture
17,7200,B,0,0.5,400,206,0.935,0.9285714285714286,0.9466019417475728,0.9375,0.9847488389398638,0.9826593934541087,0.07731958762886598,179,15,11,195,42,fixed,2,stationary_mixture
18,7600,B,0,0.5,400,204,0.9525,0.9601990049751243,0.946078431372549,0.9530864197530864,0.9752205346486779,0.9833933573429371,0.04081632653061224,188,8,11,193,42,fixed,2,stationary_mixture
19,8000,B,0,0.5,400,203,0.9425,0.95,0.9359605911330049,0.9429280397022333,0.9886932066477905,0.988047310644895,0.050761421319796954,187,10,13,190,42,fixed,2,stationary_mixture
20,8400,B,0,0.5,400,204,0.945,0.946078431372549,0.946078431372549,0.946078431372549,0.9747034064582593,0.9773909563825531,0.05612244897959184,185,11,11,193,42,fixed,2,stationary_mixture
21,8800,B,0,0.5,400,190,0.925,0.9395604395604396,0.9,0.9193548387096774,0.9699833704893052,0.9741604010025063,0.05238095238095238,199,11,19,171,42,fixed,2,stationary_mixture
22,9200,B,0,0.5,400,195,0.94,0.9476439790575916,0.9282051282051282,0.9378238341968912,0.9883757749778141,0.9888680425265791,0.04878048780487805,195,10,14,181,42,fixed,2,stationary_mixture
23,9600,B,0,0.5,400,198,0.94,0.9627659574468085,0.9141414141414141,0.9378238341968912,0.9842111811433709,0.982873287328733,0.034653465346534656,195,7,17,181,42,fixed,2,stationary_mixture
24,10000,B,0,0.5,400,191,0.9325,0.9456521739130435,0.9109947643979057,0.928,0.9777365842798392,0.9794083018111677,0.04784688995215311,199,10,17,174,42,fixed,2,stationary_mixture
25,10400,B,0,0.5,400,202,0.95,0.9739583333333334,0.9257425742574258,0.949238578680203,0.9909119721167163,0.9873737373737372,0.025252525252525252,193,5,15,187,42,fixed,2,stationary_mixture
26,10800,B,0,0.5,400,205,0.93,0.9538461538461539,0.9073170731707317,0.93,0.9807066418477062,0.9770231394621639,0.046153846153846156,186,9,19,186,42,fixed,2,stationary_mixture
27,11200,B,0,0.5,400,183,0.9475,0.945054945054945,0.9398907103825137,0.9424657534246575,0.9879319377243172,0.9877867593362041,0.04608294930875576,207,10,11,172,42,fixed,2,stationary_mixture
28,11600,B,0,0.5,400,194,0.9125,0.9206349206349206,0.8969072164948454,0.9086161879895561,0.9794487313468098,0.9792813532178961,0.07281553398058252,191,15,20,174,42,fixed,2,stationary_mixture
29,12000,B,0,0.5,400,191,0.95,0.9476439790575916,0.9476439790575916,0.9476439790575916,0.9898080710515361,0.9908564843808714,0.04784688995215311,199,10,10,181,42,fixed,2,stationary_mixture
0,400,A,0,0.5,400,188,0.9325,0.9259259259259259,0.9308510638297872,0.9283819628647215,0.9841527525225124,0.9832647531112002,0.0660377358490566,198,14,13,175,42,periodic,2,stationary_mixture
1,800,A,0,0.5,400,215,0.955,0.958139534883721,0.958139534883721,0.958139534883721,0.9907166487440675,0.9875047140163418,0.04864864864864865,176,9,9,206,42,periodic,2,stationary_mixture
2,1200,A,0,0.5,400,209,0.93,0.9502487562189055,0.9138755980861244,0.9317073170731708,0.9748448814772838,0.9771286855883163,0.05235602094240838,181,10,18,191,42,periodic,2,stationary_mixture
3,1600,A,0,0.5,400,214,0.94,0.9656862745098039,0.9205607476635514,0.9425837320574163,0.9854660172239695,0.9791603858908652,0.03763440860215054,179,7,17,197,42,periodic,2,stationary_mixture
4,2000,A,0,0.5,400,214,0.935,0.9476190476190476,0.9299065420560748,0.9386792452830188,0.9886436111364783,0.9866596321977691,0.05913978494623656,175,11,15,199,42,periodic,2,stationary_mixture
5,2400,A,0,0.5,400,190,0.9375,0.9411764705882353,0.9263157894736842,0.9336870026525199,0.9830589864036441,0.980125313283208,0.05238095238095238,199,11,14,176,42,periodic,2,stationary_mixture
6,2800,A,1,0.5,400,190,0.945,0.9468085106382979,0.9368421052631579,0.9417989417989417,0.9868068034119284,0.9845363408521304,0.047619047619047616,200,10,12,178,42,periodic,2,stationary_mixture
7,3200,A,1,0.5,400,217,0.94,0.9488372093023256,0.9400921658986175,0.9444444444444444,0.9886987510740897,0.9884666717030546,0.060109289617486336,172,11,13,204,42,periodic,2,stationary_mixture
8,3600,A,1,0.5,400,189,0.9575,0.9526315789473684,0.9576719576719577,0.9551451187335093,0.9886919630635357,0.9900448857794829,0.04265402843601896,202,9,8,181,42,periodic,2,stationary_mixture
9,4000,A,1,0.5,400,208,0.95,0.9433962264150944,0.9615384615384616,0.9523809523809523,0.9809244588964041,0.9833608774038461,0.0625,180,12,8,200,42,periodic,2,stationary_mixture
10,4400,A,2,0.5,400,197,0.95,0.9633507853403142,0.934010152284264,0.9484536082474226,0.9882257583760973,0.9853717086344428,0.034482758620689655,196,7,13,184,42,periodic,2,stationary_mixture
11,4800,A,2,0.5,400,207,0.96,0.9569377990430622,0.966183574879227,0.9615384615384616,0.9914383094161953,0.9911641761157417,0.046632124352331605,184,9,7,200,42,periodic,2,stationary_mixture
12,5200,A,2,0.5,400,195,0.9725,0.9946236559139785,0.9487179487179487,0.9711286089238845,0.9928752194444376,0.9898186366479049,0.004878048780487805,204,1,10,185,42,periodic,2,stationary_mixture
13,5600,A,2,0.5,400,191,0.95,0.9476439790575916,0.9476439790575916,0.9476439790575916,0.9866558196773019,0.9875497883213507,0.04784688995215311,199,10,10,181,42,periodic,2,stationary_mixture
14,6000,A,3,0.5,400,208,0.9525,0.9655172413793104,0.9423076923076923,0.9537712895377128,0.9902532289424921,0.9873672876602565,0.036458333333333336,185,7,12,196,42,periodic,2,stationary_mixture
15,6400,B,3,0.5,400,188,0.9725,0.9682539682539683,0.973404255319149,0.9708222811671088,0.9953851924375772,0.9959102769971899,0.02830188679245283,206,6,5,183,42,periodic,2,stationary_mixture
16,6800,B,3,0.5,400,214,0.94,0.9481132075471698,0.9392523364485982,0.9436619718309859,0.984096592991778,0.9849512611797809,0.05913978494623656,175,11,13,201,42,periodic,2,stationary_mixture
17,7200,B,3,0.5,400,206,0.955,0.9351851851851852,0.9805825242718447,0.957345971563981,0.9894436120298413,0.9876513862476228,0.07216494845360824,180,14,4,202,42,periodic,2,stationary_mixture
18,7600,B,4,0.5,400,204,0.9625,0.9701492537313433,0.9558823529411765,0.9629629629629629,0.9779469479048362,0.9848689475790315,0.030612244897959183,190,6,9,195,42,periodic,2,stationary_mixture
19,8000,B,4,0.5,400,203,0.95,0.9552238805970149,0.9458128078817734,0.9504950495049505,0.992025512235592,0.9914730814433247,0.04568527918781726,188,9,11,192,42,periodic,2,stationary_mixture
20,8400,B,4,0.5,400,204,0.9575,0.9560975609756097,0.9607843137254902,0.9584352078239609,0.9750995423632722,0.9803421368547419,0.04591836734693878,187,9,8,196,42,periodic,2,stationary_mixture
21,8800,B,4,0.5,400,190,0.9475,0.9668508287292817,0.9210526315789473,0.9433962264150944,0.9763901904762873,0.9840852130325815,0.02857142857142857,204,6,15,175,42,periodic,2,stationary_mixture
22,9200,B,5,0.5,400,195,0.9525,0.9583333333333334,0.9435897435897436,0.9509043927648578,0.9867646028997188,0.9849656035021889,0.03902439024390244,197,8,11,184,42,periodic,2,stationary_mixture
23,9600,B,5,0.5,400,198,0.9475,0.9633507853403142,0.9292929292929293,0.9460154241645244,0.9890256673370951,0.9893239323932393,0.034653465346534656,195,7,14,184,42,periodic,2,stationary_mixture
24,10000,B,5,0.5,400,191,0.9475,0.9521276595744681,0.93717277486911,0.9445910290237467,0.9855978200491429,0.9860216939302088,0.0430622009569378,200,9,12,179,42,periodic,2,stationary_mixture
25,10400,B,5,0.5,400,202,0.965,0.9795918367346939,0.9504950495049505,0.964824120603015,0.9926257536706624,0.9883238323832383,0.020202020202020204,194,4,10,192,42,periodic,2,stationary_mixture
26,10800,B,6,0.5,400,205,0.935,0.949748743718593,0.9219512195121952,0.9356435643564357,0.9883251887458371,0.9851031894934333,0.05128205128205128,185,10,16,189,42,periodic,2,stationary_mixture
27,11200,B,6,0.5,400,183,0.9475,0.9354838709677419,0.9508196721311475,0.943089430894309,0.9925684269678219,0.9924831910553752,0.055299539170506916,205,12,9,174,42,periodic,2,stationary_mixture
28,11600,B,6,0.5,400,194,0.9575,0.9682539682539683,0.9432989690721649,0.9556135770234987,0.9882375823443914,0.9883144830347314,0.02912621359223301,200,6,11,183,42,periodic,2,stationary_mixture
29,12000,B,6,0.5,400,191,0.965,0.9732620320855615,0.9528795811518325,0.9629629629629629,0.9926370900164019,0.9936872166136426,0.023923444976076555,204,5,9,182,42,periodic,2,stationary_mixture
0,400,A,0,0.5,400,188,0.9325,0.9259259259259259,0.9308510638297872,0.9283819628647215,0.9841527525225124,0.9832647531112002,0.0660377358490566,198,14,13,175,42,drift,2,stationary_mixture
1,800,A,0,0.5,400,215,0.955,0.958139534883721,0.958139534883721,0.958139534883721,0.9907166487440675,0.9875047140163418,0.04864864864864865,176,9,9,206,42,drift,2,stationary_mixture
2,1200,A,0,0.5,400,209,0.93,0.9502487562189055,0.9138755980861244,0.9317073170731708,0.9748448814772838,0.9771286855883163,0.05235602094240838,181,10,18,191,42,drift,2,stationary_mixture
3,1600,A,0,0.5,400,214,0.94,0.9656862745098039,0.9205607476635514,0.9425837320574163,0.9854660172239695,0.9791603858908652,0.03763440860215054,179,7,17,197,42,drift,2,stationary_mixture
4,2000,A,0,0.5,400,214,0.935,0.9476190476190476,0.9299065420560748,0.9386792452830188,0.9886436111364783,0.9866596321977691,0.05913978494623656,175,11,15,199,42,drift,2,stationary_mixture
5,2400,A,0,0.5,400,190,0.9375,0.9411764705882353,0.9263157894736842,0.9336870026525199,0.9830589864036441,0.980125313283208,0.05238095238095238,199,11,14,176,42,drift,2,stationary_mixture
6,2800,A,0,0.5,400,190,0.93,0.921875,0.9315789473684211,0.9267015706806283,0.9832576282148283,0.9816165413533835,0.07142857142857142,195,15,13,177,42,drift,2,stationary_mixture
7,3200,A,0,0.5,400,217,0.945,0.9411764705882353,0.9585253456221198,0.9497716894977168,0.9880402592733707,0.9863765707234771,0.07103825136612021,170,13,9,208,42,drift,2,stationary_mixture
8,3600,A,0,0.5,400,189,0.9375,0.9226804123711341,0.9470899470899471,0.9347258485639687,0.9859339231042876,0.986835176408636,0.07109004739336493,196,15,10,179,42,drift,2,stationary_mixture
9,4000,A,0,0.5,400,208,0.9325,0.9330143540669856,0.9375,0.935251798561151,0.9793942509103211,0.9788161057692308,0.07291666666666667,178,14,13,195,42,drift,2,stationary_mixture
10,4400,A,0,0.5,400,197,0.9275,0.9375,0.9137055837563451,0.9254498714652957,0.9848002719020414,0.9832712360281064,0.059113300492610835,191,12,17,180,42,drift,2,stationary_mixture
11,4800,A,0,0.5,400,207,0.9475,0.9471153846153846,0.9516908212560387,0.9493975903614458,0.9887569572773205,0.9884358338965232,0.05699481865284974,182,11,10,197,42,drift,2,stationary_mixture
12,5200,A,0,0.5,400,195,0.9625,0.9787234042553191,0.9435897435897436,0.9608355091383812,0.9909297075738134,0.9886929330831771,0.01951219512195122,201,4,11,184,42,drift,2,stationary_mixture
13,5600,A,0,0.5,400,191,0.9225,0.9210526315789473,0.9162303664921466,0.9186351706036745,0.9813768787955466,0.9823141862271099,0.07177033492822966,194,15,16,175,42,drift,2,stationary_mixture
14,6000,A,0,0.5,400,208,0.94,0.9509803921568627,0.9326923076923077,0.941747572815534,0.9889586793761624,0.9851637620192308,0.052083333333333336,182,10,14,194,42,drift,2,stationary_mixture
15,6400,B,0,0.5,400,188,0.9675,0.9581151832460733,0.973404255319149,0.9656992084432717,0.9928417396783287,0.9935517864311522,0.03773584905660377,204,8,5,183,42,drift,2,stationary_mixture
16,6800,B,0,0.5,400,214,0.9425,0.9658536585365853,0.9252336448598131,0.9451073985680191,0.9681147754038505,0.9765852678122802,0.03763440860215054,179,7,16,198,42,drift,2,stationary_mixture
17,7200,B,0,0.5,400,206,0.935,0.9285714285714286,0.9466019417475728,0.9375,0.9847488389398638,0.9826593934541087,0.07731958762886598,179,15,11,195,42,drift,2,stationary_mixture
18,7600,B,0,0.5,400,204,0.9525,0.9601990049751243,0.946078431372549,0.9530864197530864,0.9752205346486779,0.9833933573429371,0.04081632653061224,188,8,11,193,42,drift,2,stationary_mixture
19,8000,B,0,0.5,400,203,0.9425,0.95,0.9359605911330049,0.9429280397022333,0.9886932066477905,0.988047310644895,0.050761421319796954,187,10,13,190,42,drift,2,stationary_mixture
20,8400,B,0,0.5,400,204,0.945,0.946078431372549,0.946078431372549,0.946078431372549,0.9747034064582591,0.9773909563825531,0.05612244897959184,185,11,11,193,42,drift,2,stationary_mixture
21,8800,B,0,0.5,400,190,0.925,0.9395604395604396,0.9,0.9193548387096774,0.9699833704893052,0.9741604010025063,0.05238095238095238,199,11,19,171,42,drift,2,stationary_mixture
22,9200,B,0,0.5,400,195,0.94,0.9476439790575916,0.9282051282051282,0.9378238341968912,0.9883757749778141,0.9888680425265791,0.04878048780487805,195,10,14,181,42,drift,2,stationary_mixture
23,9600,B,0,0.5,400,198,0.94,0.9627659574468085,0.9141414141414141,0.9378238341968912,0.9842111811433709,0.982873287328733,0.034653465346534656,195,7,17,181,42,drift,2,stationary_mixture
24,10000,B,0,0.5,400,191,0.9325,0.9456521739130435,0.9109947643979057,0.928,0.9777365842798392,0.9794083018111677,0.04784688995215311,199,10,17,174,42,drift,2,stationary_mixture
25,10400,B,0,0.5,400,202,0.95,0.9739583333333334,0.9257425742574258,0.949238578680203,0.9909119721167163,0.9873737373737372,0.025252525252525252,193,5,15,187,42,drift,2,stationary_mixture
26,10800,B,0,0.5,400,205,0.93,0.9538461538461539,0.9073170731707317,0.93,0.9807066418477062,0.9770231394621639,0.046153846153846156,186,9,19,186,42,drift,2,stationary_mixture
27,11200,B,0,0.5,400,183,0.9475,0.945054945054945,0.9398907103825137,0.9424657534246575,0.9879319377243172,0.9877867593362041,0.04608294930875576,207,10,11,172,42,drift,2,stationary_mixture
28,11600,B,0,0.5,400,194,0.9125,0.9206349206349206,0.8969072164948454,0.9086161879895561,0.9794487313468099,0.9792813532178961,0.07281553398058252,191,15,20,174,42,drift,2,stationary_mixture
29,12000,B,0,0.5,400,191,0.95,0.9476439790575916,0.9476439790575916,0.9476439790575916,0.9898080710515361,0.9908564843808714,0.04784688995215311,199,10,10,181,42,drift,2,stationary_mixture
0,400,A,0,0.5,400,188,0.9325,0.9259259259259259,0.9308510638297872,0.9283819628647215,0.9841527525225124,0.9832647531112002,0.0660377358490566,198,14,13,175,42,threshold,2,stationary_mixture
1,800,A,0,0.5,400,215,0.955,0.958139534883721,0.958139534883721,0.958139534883721,0.9907166487440675,0.9875047140163418,0.04864864864864865,176,9,9,206,42,threshold,2,stationary_mixture
2,1200,A,0,0.5,400,209,0.93,0.9502487562189055,0.9138755980861244,0.9317073170731708,0.9748448814772838,0.9771286855883163,0.05235602094240838,181,10,18,191,42,threshold,2,stationary_mixture
3,1600,A,0,0.5,400,214,0.94,0.9656862745098039,0.9205607476635514,0.9425837320574163,0.9854660172239695,0.9791603858908652,0.03763440860215054,179,7,17,197,42,threshold,2,stationary_mixture
4,2000,A,0,0.5,400,214,0.935,0.9476190476190476,0.9299065420560748,0.9386792452830188,0.9886436111364783,0.9866596321977692,0.05913978494623656,175,11,15,199,42,threshold,2,stationary_mixture
5,2400,A,0,0.5,400,190,0.9375,0.9411764705882353,0.9263157894736842,0.9336870026525199,0.9830589864036441,0.980125313283208,0.05238095238095238,199,11,14,176,42,threshold,2,stationary_mixture
6,2800,A,0,0.46979624619774435,400,190,0.9275,0.9086294416243654,0.9421052631578948,0.9250645994832042,0.9832576282148283,0.9816165413533835,0.08571428571428572,192,18,11,179,42,threshold,2,stationary_mixture
7,3200,A,0,0.46979624619774435,400,217,0.945,0.9411764705882353,0.9585253456221198,0.9497716894977168,0.9880402592733707,0.9863765707234771,0.07103825136612021,170,13,9,208,42,threshold,2,stationary_mixture
8,3600,A,0,0.46979624619774435,400,189,0.9275,0.9040404040404041,0.9470899470899471,0.9250645994832042,0.9859339231042876,0.986835176408636,0.09004739336492891,192,19,10,179,42,threshold,2,stationary_mixture
9,4000,A,0,0.46979624619774435,400,208,0.925,0.9158878504672897,0.9423076923076923,0.9289099526066351,0.9793942509103211,0.9788161057692308,0.09375,174,18,12,196,42,threshold,2,stationary_mixture
10,4400,A,0,0.46979624619774435,400,197,0.9275,0.9329896907216495,0.9187817258883249,0.9258312020460358,0.9848002719020414,0.9832712360281064,0.06403940886699508,190,13,16,181,42,threshold,2,stationary_mixture
11,4800,A,0,0.46979624619774435,400,207,0.95,0.9473684210526315,0.9565217391304348,0.9519230769230769,0.9887569572773205,0.9884358338965232,0.05699481865284974,182,11,9,198,42,threshold,2,stationary_mixture
12,5200,A,0,0.46979624619774435,400,195,0.9575,0.968421052631579,0.9435897435897436,0.9558441558441558,0.9909297075738134,0.9886929330831771,0.02926829268292683,199,6,11,184,42,threshold,2,stationary_mixture
13,5600,A,0,0.46979624619774435,400,191,0.9225,0.9166666666666666,0.9214659685863874,0.9190600522193212,0.9813768787955465,0.98231418622711,0.07655502392344497,193,16,15,176,42,threshold,2,stationary_mixture
14,6000,A,0,0.5128704043541,400,208,0.9425,0.9556650246305419,0.9326923076923077,0.9440389294403893,0.9889586793761624,0.9851637620192308,0.046875,183,9,14,194,42,threshold,2,stationary_mixture
15,6400,B,0,0.5128704043541,400,188,0.9625,0.9576719576719577,0.9627659574468085,0.9602122015915119,0.9928417396783287,0.9935517864311522,0.03773584905660377,204,8,7,181,42,threshold,2,stationary_mixture
16,6800,B,0,0.5128704043541,400,214,0.9375,0.9655172413793104,0.9158878504672897,0.9400479616306955,0.9681147754038504,0.9765852678122802,0.03763440860215054,179,7,18,196,42,threshold,2,stationary_mixture
17,7200,B,0,0.5128704043541,400,206,0.935,0.9285714285714286,0.9466019417475728,0.9375,0.9847488389398638,0.9826593934541087,0.07731958762886598,179,15,11,195,42,threshold,2,stationary_mixture
18,7600,B,0,0.5128704043541001,400,204,0.9525,0.964824120603015,0.9411764705882353,0.9528535980148883,0.9752205346486779,0.9833933573429371,0.03571428571428571,189,7,12,192,42,threshold,2,stationary_mixture
19,8000,B,0,0.5128704043541001,400,203,0.945,0.9547738693467337,0.9359605911330049,0.945273631840796,0.9886932066477905,0.988047310644895,0.04568527918781726,188,9,13,190,42,threshold,2,stationary_mixture
20,8400,B,0,0.5128704043541001,400,204,0.94,0.9455445544554455,0.9362745098039216,0.9408866995073891,0.9747034064582591,0.9773909563825531,0.05612244897959184,185,11,13,191,42,threshold,2,stationary_mixture
21,8800,B,0,0.5128704043541001,400,190,0.9225,0.9392265193370166,0.8947368421052632,0.9164420485175202,0.9699833704893052,0.9741604010025063,0.05238095238095238,199,11,20,170,42,threshold,2,stationary_mixture
22,9200,B,0,0.45857882250035764,400,195,0.945,0.9435897435897436,0.9435897435897436,0.9435897435897436,0.9883757749778141,0.9888680425265791,0.05365853658536585,194,11,11,184,42,threshold,2,stationary_mixture
23,9600,B,0,0.45857882250035764,400,198,0.9375,0.9481865284974094,0.9242424242424242,0.9360613810741688,0.9842111811433709,0.982873287328733,0.04950495049504951,192,10,15,183,42,threshold,2,stationary_mixture
24,10000,B,0,0.45857882250035764,400,191,0.93,0.9358288770053476,0.9162303664921466,0.9259259259259259,0.9777365842798392,0.9794083018111677,0.05741626794258373,197,12,16,175,42,threshold,2,stationary_mixture
25,10400,B,0,0.45857882250035764,400,202,0.955,0.96,0.9504950495049505,0.9552238805970149,0.9909119721167163,0.9873737373737372,0.04040404040404041,190,8,10,192,42,threshold,2,stationary_mixture
26,10800,B,0,0.46142938354612073,400,205,0.93,0.949238578680203,0.9121951219512195,0.9303482587064676,0.9807066418477062,0.9770231394621639,0.05128205128205128,185,10,18,187,42,threshold,2,stationary_mixture
27,11200,B,0,0.46142938354612073,400,183,0.94,0.9206349206349206,0.9508196721311475,0.9354838709677419,0.9879319377243172,0.9877867593362041,0.06912442396313365,202,15,9,174,42,threshold,2,stationary_mixture
28,11600,B,0,0.46142938354612073,400,194,0.91,0.9030612244897959,0.9123711340206185,0.9076923076923077,0.9794487313468099,0.9792813532178961,0.09223300970873786,187,19,17,177,42,threshold,2,stationary_mixture
29,12000,B,0,0.46142938354612073,400,191,0.9525,0.9343434343434344,0.9685863874345549,0.9511568123393316,0.9898080710515361,0.9908564843808714,0.06220095693779904,196,13,6,185,42,threshold,2,stationary_mixture
0,400,A,0,0.5,400,205,0.9575,0.9653465346534653,0.9512195121951219,0.9582309582309583,0.9953724545386955,0.9951219512195122,0.035897435897435895,188,7,10,195,73,fixed,0,stationary_mixture
1,800,A,0,0.5,400,209,0.955,0.9751243781094527,0.937799043062201,0.9560975609756097,0.9891356072082693,0.9843683459004484,0.02617801047120419,186,5,13,196,73,fixed,0,stationary_mixture
2,1200,A,0,0.5,400,232,0.9425,0.9446808510638298,0.9568965517241379,0.9507494646680942,0.9908338402153976,0.9875307881773399,0.07738095238095238,155,13,10,222,73,fixed,0,stationary_mixture
3,1600,A,0,0.5,400,208,0.935,0.9375,0.9375,0.9375,0.963022657864053,0.9709785657051283,0.06770833333333333,179,13,13,195,73,fixed,0,stationary_mixture
4,2000,A,0,0.5,400,198,0.9325,0.9296482412060302,0.9343434343434344,0.9319899244332494,0.9856978337675817,0.9841484148414842,0.06930693069306931,188,14,13,185,73,fixed,0,stationary_mixture
5,2400,A,0,0.5,400,202,0.9475,0.9641025641025641,0.9306930693069307,0.947103274559194,0.9897328153130078,0.9887988798879888,0.03535353535353535,191,7,14,188,73,fixed,0,stationary_mixture
6,2800,A,0,0.5,400,220,0.9525,0.971830985915493,0.9409090909090909,0.9561200923787528,0.9906156441838995,0.9886363636363636,0.03333333333333333,174,6,13,207,73,fixed,0,stationary_mixture
7,3200,A,0,0.5,400,192,0.9475,0.9430051813471503,0.9479166666666666,0.9454545454545454,0.982305122800087,0.983223157051282,0.052884615384615384,197,11,10,182,73,fixed,0,stationary_mixture
8,3600,A,0,0.5,400,197,0.94,0.9528795811518325,0.9238578680203046,0.9381443298969072,0.9855566240114276,0.9837838513665575,0.04433497536945813,194,9,15,182,73,fixed,0,stationary_mixture
9,4000,A,0,0.5,400,198,0.955,0.9545454545454546,0.9545454545454546,0.9545454545454546,0.9788070059438876,0.9824982498249825,0.04455445544554455,193,9,9,189,73,fixed,0,stationary_mixture
10,4400,A,0,0.5,400,210,0.945,0.9653465346534653,0.9285714285714286,0.9466019417475728,0.9792406459591576,0.9800375939849625,0.03684210526315789,183,7,15,195,73,fixed,0,stationary_mixture
11,4800,A,0,0.5,400,199,0.9375,0.9484536082474226,0.9246231155778895,0.9363867684478372,0.9889695257107483,0.9892247306182653,0.04975124378109453,191,10,15,184,73,fixed,0,stationary_mixture
12,5200,A,0,0.5,400,192,0.9575,0.9629629629629629,0.9479166666666666,0.9553805774278216,0.9900086428464928,0.9896584535256411,0.03365384615384615,201,7,10,182,73,fixed,0,stationary_mixture
13,5600,A,0,0.5,400,180,0.9575,0.9710982658959537,0.9333333333333333,0.9518413597733711,0.9915550345868736,0.9916666666666667,0.022727272727272728,215,5,12,168,73,fixed,0,stationary_mixture
14,6000,A,0,0.5,400,187,0.95,0.9562841530054644,0.9358288770053476,0.9459459459459459,0.9808110179379069,0.9824257487886319,0.03755868544600939,205,8,12,175,73,fixed,0,stationary_mixture
15,6400,A,0,0.5,400,216,0.9325,0.9565217391304348,0.9166666666666666,0.9361702127659575,0.9827869125489227,0.9797076288244767,0.04891304347826087,175,9,18,198,73,fixed,0,stationary_mixture
16,6800,A,0,0.5,400,182,0.9625,0.9664804469273743,0.9505494505494505,0.9584487534626038,0.9925995779959438,0.9916574251436636,0.027522935779816515,212,6,9,173,73,fixed,0,stationary_mixture
17,7200,B,0,0.5,400,212,0.9525,0.9617224880382775,0.9481132075471698,0.9548693586698337,0.9921180111980205,0.990114411882778,0.0425531914893617,180,8,11,201,73,fixed,0,stationary_mixture
18,7600,B,0,0.5,400,186,0.9475,0.9365079365079365,0.9516129032258065,0.944,0.9902416544502475,0.9915335142196764,0.056074766355140186,202,12,9,177,73,fixed,0,stationary_mixture
19,8000,B,0,0.5,400,202,0.945,0.96875,0.9207920792079208,0.9441624365482234,0.9886427436492585,0.9865486548654865,0.030303030303030304,192,6,16,186,73,fixed,0,stationary_mixture
20,8400,B,0,0.5,400,199,0.9475,0.9587628865979382,0.9346733668341709,0.9465648854961832,0.9825307067550952,0.9871496787419685,0.03980099502487562,193,8,13,186,73,fixed,0,stationary_mixture
21,8800,B,0,0.5,400,222,0.95,0.9675925925925926,0.9414414414414415,0.954337899543379,0.9802291960274891,0.9800080979856262,0.03932584269662921,171,7,13,209,73,fixed,0,stationary_mixture
22,9200,B,0,0.5,400,196,0.945,0.9484536082474226,0.9387755102040817,0.9435897435897436,0.9889341036835885,0.9867697078831533,0.049019607843137254,194,10,12,184,73,fixed,0,stationary_mixture
23,9600,B,0,0.5,400,190,0.93,0.9402173913043478,0.9105263157894737,0.9251336898395722,0.9776003876303667,0.9793233082706768,0.05238095238095238,199,11,17,173,73,fixed,0,stationary_mixture
24,10000,B,0,0.5,400,193,0.9475,0.9623655913978495,0.927461139896373,0.9445910290237467,0.9908451460640652,0.9908137468398789,0.033816425120772944,200,7,14,179,73,fixed,0,stationary_mixture
25,10400,B,0,0.5,400,173,0.94,0.9408284023668639,0.9190751445086706,0.9298245614035088,0.9796147344440191,0.9798324463344452,0.04405286343612335,217,10,14,159,73,fixed,0,stationary_mixture
26,10800,B,0,0.5,400,206,0.9475,0.9601990049751243,0.9368932038834952,0.9484029484029484,0.9867900529968828,0.9857872084876389,0.041237113402061855,186,8,13,193,73,fixed,0,stationary_mixture
27,11200,B,0,0.5,400,204,0.935,0.9362745098039216,0.9362745098039216,0.9362745098039216,0.9754681207437453,0.9727766106442577,0.0663265306122449,183,13,13,191,73,fixed,0,stationary_mixture
28,11600,B,0,0.5,400,191,0.935,0.9187817258883249,0.9476439790575916,0.9329896907216495,0.9842135646833974,0.9826147949597936,0.07655502392344497,193,16,10,181,73,fixed,0,stationary_mixture
29,12000,B,0,0.5,400,199,0.955,0.9738219895287958,0.9346733668341709,0.9538461538461539,0.9876126606406923,0.9810120253006325,0.024875621890547265,196,5,13,186,73,fixed,0,stationary_mixture
0,400,A,0,0.5,400,205,0.9575,0.9653465346534653,0.9512195121951219,0.9582309582309583,0.9953724545386955,0.9951219512195122,0.035897435897435895,188,7,10,195,73,periodic,0,stationary_mixture
1,800,A,0,0.5,400,209,0.955,0.9751243781094527,0.937799043062201,0.9560975609756097,0.9891356072082693,0.9843683459004484,0.02617801047120419,186,5,13,196,73,periodic,0,stationary_mixture
2,1200,A,0,0.5,400,232,0.9425,0.9446808510638298,0.9568965517241379,0.9507494646680942,0.9908338402153976,0.9875307881773399,0.07738095238095238,155,13,10,222,73,periodic,0,stationary_mixture
3,1600,A,0,0.5,400,208,0.935,0.9375,0.9375,0.9375,0.963022657864053,0.9709785657051283,0.06770833333333333,179,13,13,195,73,periodic,0,stationary_mixture
4,2000,A,1,0.5,400,198,0.945,0.9489795918367347,0.9393939393939394,0.9441624365482234,0.9875528889352615,0.9862486248624862,0.04950495049504951,192,10,12,186,73,periodic,0,stationary_mixture
5,2400,A,1,0.5,400,202,0.9525,0.9644670050761421,0.9405940594059405,0.9523809523809523,0.9921498884360289,0.9917991799179918,0.03535353535353535,191,7,12,190,73,periodic,0,stationary_mixture
6,2800,A,1,0.5,400,220,0.9625,0.9767441860465116,0.9545454545454546,0.9655172413793104,0.9939382669554837,0.9923232323232324,0.027777777777777776,175,5,10,210,73,periodic,0,stationary_mixture
7,3200,A,1,0.5,400,192,0.9475,0.9476439790575916,0.9427083333333334,0.9451697127937336,0.9863450288703001,0.9857647235576923,0.04807692307692308,198,10,11,181,73,periodic,0,stationary_mixture
8,3600,A,2,0.5,400,197,0.965,0.9692307692307692,0.9593908629441624,0.9642857142857143,0.986877653916319,0.9880098022054962,0.029556650246305417,197,6,8,189,73,periodic,0,stationary_mixture
9,4000,A,2,0.5,400,198,0.9625,0.9552238805970149,0.9696969696969697,0.9624060150375939,0.9894030156903862,0.9883238323832383,0.04455445544554455,193,9,6,192,73,periodic,0,stationary_mixture
10,4400,A,2,0.5,400,210,0.965,0.9666666666666667,0.9666666666666667,0.9666666666666667,0.9906079129007174,0.9864786967418545,0.03684210526315789,183,7,7,203,73,periodic,0,stationary_mixture
11,4800,A,2,0.5,400,199,0.945,0.949238578680203,0.9396984924623115,0.9444444444444444,0.9906602169075157,0.9912747818695468,0.04975124378109453,191,10,12,187,73,periodic,0,stationary_mixture
12,5200,A,3,0.5,400,192,0.955,0.9438775510204082,0.9635416666666666,0.9536082474226805,0.9894111505539878,0.9883563701923077,0.052884615384615384,197,11,7,185,73,periodic,0,stationary_mixture
13,5600,A,3,0.5,400,180,0.955,0.9550561797752809,0.9444444444444444,0.9497206703910615,0.9917311724582547,0.9901767676767675,0.03636363636363636,212,8,10,170,73,periodic,0,stationary_mixture
14,6000,A,3,0.5,400,187,0.97,0.972972972972973,0.9625668449197861,0.967741935483871,0.9914319265550242,0.9919409505159298,0.023474178403755867,208,5,7,180,73,periodic,0,stationary_mixture
15,6400,A,3,0.5,400,216,0.9475,0.9577464788732394,0.9444444444444444,0.951048951048951,0.9821820681762401,0.9804372987117553,0.04891304347826087,175,9,12,204,73,periodic,0,stationary_mixture
16,6800,A,4,0.5,400,182,0.97,0.9775280898876404,0.9560439560439561,0.9666666666666667,0.9934768607811907,0.9919598749873979,0.01834862385321101,214,4,8,174,73,periodic,0,stationary_mixture
17,7200,B,4,0.5,400,212,0.9675,0.9671361502347418,0.9716981132075472,0.9694117647058823,0.9935839070913799,0.9920714572460858,0.03723404255319149,181,7,6,206,73,periodic,0,stationary_mixture
18,7600,B,4,0.5,400,186,0.96,0.9473684210526315,0.967741935483871,0.9574468085106383,0.9925517287093893,0.9932670083408702,0.04672897196261682,204,10,6,180,73,periodic,0,stationary_mixture
19,8000,B,4,0.5,400,202,0.9625,0.9794871794871794,0.9455445544554455,0.9622166246851386,0.9932255187339496,0.9911991199119912,0.020202020202020204,194,4,11,191,73,periodic,0,stationary_mixture
20,8400,B,5,0.5,400,199,0.95,0.958974358974359,0.9396984924623115,0.949238578680203,0.9858166502013629,0.989924748118703,0.03980099502487562,193,8,12,187,73,periodic,0,stationary_mixture
21,8800,B,5,0.5,400,222,0.965,0.9727272727272728,0.963963963963964,0.9683257918552036,0.9897520454977956,0.9858538313594494,0.033707865168539325,172,6,8,214,73,periodic,0,stationary_mixture
22,9200,B,5,0.5,400,196,0.9575,0.9637305699481865,0.9489795918367347,0.9562982005141388,0.9924972808025133,0.9899459783913566,0.03431372549019608,197,7,10,186,73,periodic,0,stationary_mixture
23,9600,B,5,0.5,400,190,0.94,0.9510869565217391,0.9210526315789473,0.9358288770053476,0.9805882699100144,0.9827568922305765,0.04285714285714286,201,9,15,175,73,periodic,0,stationary_mixture
24,10000,B,6,0.5,400,193,0.9775,0.9791666666666666,0.9740932642487047,0.9766233766233766,0.9967490712726825,0.9970213511551651,0.01932367149758454,203,4,5,188,73,periodic,0,stationary_mixture
25,10400,B,6,0.5,400,173,0.955,0.9585798816568047,0.9364161849710982,0.9473684210526315,0.9791003854774462,0.9820096254233404,0.030837004405286344,220,7,11,162,73,periodic,0,stationary_mixture
26,10800,B,6,0.5,400,206,0.9525,0.9473684210526315,0.9611650485436893,0.9542168674698795,0.9899233334751092,0.988714843359023,0.05670103092783505,183,11,8,198,73,periodic,0,stationary_mixture
27,11200,B,6,0.5,400,204,0.9525,0.9512195121951219,0.9558823529411765,0.9535452322738386,0.9740639093557181,0.9741771708683474,0.05102040816326531,186,10,9,195,73,periodic,0,stationary_mixture
28,11600,B,7,0.5,400,191,0.9575,0.9393939393939394,0.9738219895287958,0.9562982005141388,0.9888606008444427,0.9885518174302964,0.05741626794258373,197,12,5,186,73,periodic,0,stationary_mixture
29,12000,B,7,0.5,400,199,0.96,0.9644670050761421,0.9547738693467337,0.9595959595959596,0.9901073036073462,0.986324658116453,0.03482587064676617,194,7,9,190,73,periodic,0,stationary_mixture
0,400,A,0,0.5,400,205,0.9575,0.9653465346534653,0.9512195121951219,0.9582309582309583,0.9953724545386955,0.9951219512195122,0.035897435897435895,188,7,10,195,73,drift,0,stationary_mixture
1,800,A,0,0.5,400,209,0.955,0.9751243781094527,0.937799043062201,0.9560975609756097,0.9891356072082693,0.9843683459004484,0.02617801047120419,186,5,13,196,73,drift,0,stationary_mixture
2,1200,A,0,0.5,400,232,0.9425,0.9446808510638298,0.9568965517241379,0.9507494646680942,0.9908338402153976,0.9875307881773399,0.07738095238095238,155,13,10,222,73,drift,0,stationary_mixture
3,1600,A,0,0.5,400,208,0.935,0.9375,0.9375,0.9375,0.963022657864053,0.9709785657051283,0.06770833333333333,179,13,13,195,73,drift,0,stationary_mixture
4,2000,A,0,0.5,400,198,0.9325,0.9296482412060302,0.9343434343434344,0.9319899244332494,0.9856978337675817,0.9841484148414842,0.06930693069306931,188,14,13,185,73,drift,0,stationary_mixture
5,2400,A,0,0.5,400,202,0.9475,0.9641025641025641,0.9306930693069307,0.947103274559194,0.9897328153130078,0.9887988798879888,0.03535353535353535,191,7,14,188,73,drift,0,stationary_mixture
6,2800,A,0,0.5,400,220,0.9525,0.971830985915493,0.9409090909090909,0.9561200923787528,0.9906156441838995,0.9886363636363636,0.03333333333333333,174,6,13,207,73,drift,0,stationary_mixture
7,3200,A,0,0.5,400,192,0.9475,0.9430051813471503,0.9479166666666666,0.9454545454545454,0.982305122800087,0.983223157051282,0.052884615384615384,197,11,10,182,73,drift,0,stationary_mixture
8,3600,A,0,0.5,400,197,0.94,0.9528795811518325,0.9238578680203046,0.9381443298969072,0.9855566240114276,0.9837838513665575,0.04433497536945813,194,9,15,182,73,drift,0,stationary_mixture
9,4000,A,0,0.5,400,198,0.955,0.9545454545454546,0.9545454545454546,0.9545454545454546,0.9788070059438876,0.9824982498249825,0.04455445544554455,193,9,9,189,73,drift,0,stationary_mixture
10,4400,A,0,0.5,400,210,0.945,0.9653465346534653,0.9285714285714286,0.9466019417475728,0.9792406459591576,0.9800375939849625,0.03684210526315789,183,7,15,195,73,drift,0,stationary_mixture
11,4800,A,0,0.5,400,199,0.9375,0.9484536082474226,0.9246231155778895,0.9363867684478372,0.9889695257107483,0.9892247306182653,0.04975124378109453,191,10,15,184,73,drift,0,stationary_mixture
12,5200,A,0,0.5,400,192,0.9575,0.9629629629629629,0.9479166666666666,0.9553805774278216,0.9900086428464928,0.9896584535256411,0.03365384615384615,201,7,10,182,73,drift,0,stationary_mixture
13,5600,A,0,0.5,400,180,0.9575,0.9710982658959537,0.9333333333333333,0.9518413597733711,0.9915550345868736,0.9916666666666667,0.022727272727272728,215,5,12,168,73,drift,0,stationary_mixture
14,6000,A,0,0.5,400,187,0.95,0.9562841530054644,0.9358288770053476,0.9459459459459459,0.9808110179379069,0.9824257487886319,0.03755868544600939,205,8,12,175,73,drift,0,stationary_mixture
15,6400,A,0,0.5,400,216,0.9325,0.9565217391304348,0.9166666666666666,0.9361702127659575,0.9827869125489227,0.9797076288244767,0.04891304347826087,175,9,18,198,73,drift,0,stationary_mixture
16,6800,A,0,0.5,400,182,0.9625,0.9664804469273743,0.9505494505494505,0.9584487534626038,0.9925995779959438,0.9916574251436636,0.027522935779816515,212,6,9,173,73,drift,0,stationary_mixture
17,7200,B,0,0.5,400,212,0.9525,0.9617224880382775,0.9481132075471698,0.9548693586698337,0.9921180111980205,0.990114411882778,0.0425531914893617,180,8,11,201,73,drift,0,stationary_mixture
18,7600,B,0,0.5,400,186,0.9475,0.9365079365079365,0.9516129032258065,0.944,0.9902416544502475,0.9915335142196764,0.056074766355140186,202,12,9,177,73,drift,0,stationary_mixture
19,8000,B,0,0.5,400,202,0.945,0.96875,0.9207920792079208,0.9441624365482234,0.9886427436492585,0.9865486548654865,0.030303030303030304,192,6,16,186,73,drift,0,stationary_mixture
20,8400,B,0,0.5,400,199,0.9475,0.9587628865979382,0.9346733668341709,0.9465648854961832,0.9825307067550952,0.9871496787419685,0.03980099502487562,193,8,13,186,73,drift,0,stationary_mixture
21,8800,B,0,0.5,400,222,0.95,0.9675925925925926,0.9414414414414415,0.954337899543379,0.9802291960274891,0.9800080979856262,0.03932584269662921,171,7,13,209,73,drift,0,stationary_mixture
22,9200,B,0,0.5,400,196,0.945,0.9484536082474226,0.9387755102040817,0.9435897435897436,0.9889341036835885,0.9867697078831533,0.049019607843137254,194,10,12,184,73,drift,0,stationary_mixture
23,9600,B,0,0.5,400,190,0.93,0.9402173913043478,0.9105263157894737,0.9251336898395722,0.9776003876303668,0.9793233082706767,0.05238095238095238,199,11,17,173,73,drift,0,stationary_mixture
24,10000,B,0,0.5,400,193,0.9475,0.9623655913978495,0.927461139896373,0.9445910290237467,0.9908451460640652,0.9908137468398789,0.033816425120772944,200,7,14,179,73,drift,0,stationary_mixture
25,10400,B,0,0.5,400,173,0.94,0.9408284023668639,0.9190751445086706,0.9298245614035088,0.9796147344440191,0.9798324463344452,0.04405286343612335,217,10,14,159,73,drift,0,stationary_mixture
26,10800,B,0,0.5,400,206,0.9475,0.9601990049751243,0.9368932038834952,0.9484029484029484,0.9867900529968828,0.9857872084876389,0.041237113402061855,186,8,13,193,73,drift,0,stationary_mixture
27,11200,B,0,0.5,400,204,0.935,0.9362745098039216,0.9362745098039216,0.9362745098039216,0.9754681207437453,0.9727766106442577,0.0663265306122449,183,13,13,191,73,drift,0,stationary_mixture
28,11600,B,0,0.5,400,191,0.935,0.9187817258883249,0.9476439790575916,0.9329896907216495,0.9842135646833975,0.9826147949597935,0.07655502392344497,193,16,10,181,73,drift,0,stationary_mixture
29,12000,B,0,0.5,400,199,0.955,0.9738219895287958,0.9346733668341709,0.9538461538461539,0.9876126606406923,0.9810120253006325,0.024875621890547265,196,5,13,186,73,drift,0,stationary_mixture
0,400,A,0,0.5,400,205,0.9575,0.9653465346534653,0.9512195121951219,0.9582309582309583,0.9953724545386955,0.9951219512195122,0.035897435897435895,188,7,10,195,73,threshold,0,stationary_mixture
1,800,A,0,0.5,400,209,0.955,0.9751243781094527,0.937799043062201,0.9560975609756097,0.9891356072082693,0.9843683459004484,0.02617801047120419,186,5,13,196,73,threshold,0,stationary_mixture
2,1200,A,0,0.5,400,232,0.9425,0.9446808510638298,0.9568965517241379,0.9507494646680942,0.9908338402153976,0.9875307881773399,0.07738095238095238,155,13,10,222,73,threshold,0,stationary_mixture
3,1600,A,0,0.5,400,208,0.935,0.9375,0.9375,0.9375,0.963022657864053,0.9709785657051283,0.06770833333333333,179,13,13,195,73,threshold,0,stationary_mixture
4,2000,A,0,0.5012380952380951,400,198,0.9325,0.9296482412060302,0.9343434343434344,0.9319899244332494,0.9856978337675817,0.9841484148414842,0.06930693069306931,188,14,13,185,73,threshold,0,stationary_mixture
5,2400,A,0,0.5012380952380951,400,202,0.9475,0.9641025641025641,0.9306930693069307,0.947103274559194,0.9897328153130078,0.9887988798879888,0.03535353535353535,191,7,14,188,73,threshold,0,stationary_mixture
6,2800,A,0,0.5012380952380951,400,220,0.9525,0.971830985915493,0.9409090909090909,0.9561200923787528,0.9906156441838995,0.9886363636363636,0.03333333333333333,174,6,13,207,73,threshold,0,stationary_mixture
7,3200,A,0,0.5012380952380951,400,192,0.9475,0.9430051813471503,0.9479166666666666,0.9454545454545454,0.982305122800087,0.983223157051282,0.052884615384615384,197,11,10,182,73,threshold,0,stationary_mixture
8,3600,A,0,0.49134126984126986,400,197,0.94,0.9528795811518325,0.9238578680203046,0.9381443298969072,0.9855566240114276,0.9837838513665575,0.04433497536945813,194,9,15,182,73,threshold,0,stationary_mixture
9,4000,A,0,0.49134126984126986,400,198,0.955,0.9545454545454546,0.9545454545454546,0.9545454545454546,0.9788070059438876,0.9824982498249825,0.04455445544554455,193,9,9,189,73,threshold,0,stationary_mixture
10,4400,A,0,0.49134126984126986,400,210,0.9425,0.9605911330049262,0.9285714285714286,0.9443099273607748,0.9792406459591576,0.9800375939849625,0.042105263157894736,182,8,15,195,73,threshold,0,stationary_mixture
11,4800,A,0,0.49134126984126986,400,199,0.9375,0.9484536082474226,0.9246231155778895,0.9363867684478372,0.9889695257107483,0.9892247306182653,0.04975124378109453,191,10,15,184,73,threshold,0,stationary_mixture
12,5200,A,0,0.48592993848257005,400,192,0.955,0.9578947368421052,0.9479166666666666,0.9528795811518325,0.9900086428464928,0.9896584535256411,0.038461538461538464,200,8,10,182,73,threshold,0,stationary_mixture
13,5600,A,0,0.48592993848257005,400,180,0.96,0.9659090909090909,0.9444444444444444,0.9550561797752809,0.9915550345868736,0.9916666666666667,0.02727272727272727,214,6,10,170,73,threshold,0,stationary_mixture
14,6000,A,0,0.48592993848257005,400,187,0.95,0.9562841530054644,0.9358288770053476,0.9459459459459459,0.9808110179379069,0.9824257487886319,0.03755868544600939,205,8,12,175,73,threshold,0,stationary_mixture
15,6400,A,0,0.48592993848257005,400,216,0.94,0.9571428571428572,0.9305555555555556,0.9436619718309859,0.9827869125489227,0.9797076288244767,0.04891304347826087,175,9,15,201,73,threshold,0,stationary_mixture
16,6800,A,0,0.48445238095238097,400,182,0.96,0.9611111111111111,0.9505494505494505,0.9558011049723757,0.9925995779959438,0.9916574251436636,0.03211009174311927,211,7,9,173,73,threshold,0,stationary_mixture
17,7200,B,0,0.48445238095238097,400,212,0.96,0.9622641509433962,0.9622641509433962,0.9622641509433962,0.9921180111980205,0.990114411882778,0.0425531914893617,180,8,8,204,73,threshold,0,stationary_mixture
18,7600,B,0,0.48445238095238097,400,186,0.95,0.9322916666666666,0.9623655913978495,0.9470899470899471,0.9902416544502475,0.9915335142196764,0.06074766355140187,201,13,7,179,73,threshold,0,stationary_mixture
19,8000,B,0,0.48445238095238097,400,202,0.94,0.9587628865979382,0.9207920792079208,0.9393939393939394,0.9886427436492585,0.9865486548654865,0.04040404040404041,190,8,16,186,73,threshold,0,stationary_mixture
20,8400,B,0,0.509201904656646,400,199,0.95,0.9637305699481865,0.9346733668341709,0.9489795918367347,0.9825307067550954,0.9871496787419686,0.03482587064676617,194,7,13,186,73,threshold,0,stationary_mixture
21,8800,B,0,0.509201904656646,400,222,0.95,0.9675925925925926,0.9414414414414415,0.954337899543379,0.9802291960274891,0.9800080979856262,0.03932584269662921,171,7,13,209,73,threshold,0,stationary_mixture
22,9200,B,0,0.509201904656646,400,196,0.945,0.9484536082474226,0.9387755102040817,0.9435897435897436,0.9889341036835885,0.9867697078831533,0.049019607843137254,194,10,12,184,73,threshold,0,stationary_mixture
23,9600,B,0,0.509201904656646,400,190,0.925,0.9395604395604396,0.9,0.9193548387096774,0.9776003876303668,0.9793233082706767,0.05238095238095238,199,11,19,171,73,threshold,0,stationary_mixture
24,10000,B,0,0.4833867337164751,400,193,0.9525,0.9627659574468085,0.9378238341968912,0.9501312335958005,0.9908451460640652,0.9908137468398789,0.033816425120772944,200,7,12,181,73,threshold,0,stationary_mixture
25,10400,B,0,0.4833867337164751,400,173,0.94,0.935672514619883,0.9248554913294798,0.9302325581395349,0.9796147344440191,0.9798324463344452,0.048458149779735685,216,11,13,160,73,threshold,0,stationary_mixture
26,10800,B,0,0.4833867337164751,400,206,0.9475,0.9556650246305419,0.941747572815534,0.9486552567237164,0.9867900529968828,0.9857872084876389,0.04639175257731959,185,9,12,194,73,threshold,0,stationary_mixture
27,11200,B,0,0.4833867337164751,400,204,0.935,0.9362745098039216,0.9362745098039216,0.9362745098039216,0.9754681207437453,0.9727766106442577,0.0663265306122449,183,13,13,191,73,threshold,0,stationary_mixture
28,11600,B,0,0.4833867337164751,400,191,0.93,0.9095477386934674,0.9476439790575916,0.9282051282051282,0.9842135646833975,0.9826147949597935,0.0861244019138756,191,18,10,181,73,threshold,0,stationary_mixture
29,12000,B,0,0.4833867337164751,400,199,0.9575,0.9739583333333334,0.9396984924623115,0.9565217391304348,0.9876126606406923,0.9810120253006325,0.024875621890547265,196,5,12,187,73,threshold,0,stationary_mixture
0,400,A,0,0.5,400,205,0.9575,0.9653465346534653,0.9512195121951219,0.9582309582309583,0.9953724545386955,0.9951219512195122,0.035897435897435895,188,7,10,195,73,fixed,2,stationary_mixture
1,800,A,0,0.5,400,209,0.955,0.9751243781094527,0.937799043062201,0.9560975609756097,0.9891356072082693,0.9843683459004484,0.02617801047120419,186,5,13,196,73,fixed,2,stationary_mixture
2,1200,A,0,0.5,400,232,0.9425,0.9446808510638298,0.9568965517241379,0.9507494646680942,0.9908338402153976,0.9875307881773399,0.07738095238095238,155,13,10,222,73,fixed,2,stationary_mixture
3,1600,A,0,0.5,400,208,0.935,0.9375,0.9375,0.9375,0.963022657864053,0.9709785657051283,0.06770833333333333,179,13,13,195,73,fixed,2,stationary_mixture
4,2000,A,0,0.5,400,198,0.9325,0.9296482412060302,0.9343434343434344,0.9319899244332494,0.9856978337675817,0.9841484148414842,0.06930693069306931,188,14,13,185,73,fixed,2,stationary_mixture
5,2400,A,0,0.5,400,202,0.9475,0.9641025641025641,0.9306930693069307,0.947103274559194,0.9897328153130078,0.9887988798879888,0.03535353535353535,191,7,14,188,73,fixed,2,stationary_mixture
6,2800,A,0,0.5,400,220,0.9525,0.971830985915493,0.9409090909090909,0.9561200923787528,0.9906156441838995,0.9886363636363636,0.03333333333333333,174,6,13,207,73,fixed,2,stationary_mixture
7,3200,A,0,0.5,400,192,0.9475,0.9430051813471503,0.9479166666666666,0.9454545454545454,0.982305122800087,0.983223157051282,0.052884615384615384,197,11,10,182,73,fixed,2,stationary_mixture
8,3600,A,0,0.5,400,197,0.94,0.9528795811518325,0.9238578680203046,0.9381443298969072,0.9855566240114276,0.9837838513665575,0.04433497536945813,194,9,15,182,73,fixed,2,stationary_mixture
9,4000,A,0,0.5,400,198,0.955,0.9545454545454546,0.9545454545454546,0.9545454545454546,0.9788070059438876,0.9824982498249825,0.04455445544554455,193,9,9,189,73,fixed,2,stationary_mixture
10,4400,A,0,0.5,400,210,0.945,0.9653465346534653,0.9285714285714286,0.9466019417475728,0.9792406459591576,0.9800375939849625,0.03684210526315789,183,7,15,195,73,fixed,2,stationary_mixture
11,4800,A,0,0.5,400,199,0.9375,0.9484536082474226,0.9246231155778895,0.9363867684478372,0.9889695257107483,0.9892247306182653,0.04975124378109453,191,10,15,184,73,fixed,2,stationary_mixture
12,5200,A,0,0.5,400,192,0.9575,0.9629629629629629,0.9479166666666666,0.9553805774278216,0.9900086428464928,0.9896584535256411,0.03365384615384615,201,7,10,182,73,fixed,2,stationary_mixture
13,5600,A,0,0.5,400,180,0.9575,0.9710982658959537,0.9333333333333333,0.9518413597733711,0.9915550345868736,0.9916666666666667,0.022727272727272728,215,5,12,168,73,fixed,2,stationary_mixture
14,6000,A,0,0.5,400,187,0.95,0.9562841530054644,0.9358288770053476,0.9459459459459459,0.9808110179379069,0.9824257487886319,0.03755868544600939,205,8,12,175,73,fixed,2,stationary_mixture
15,6400,A,0,0.5,400,216,0.9325,0.9565217391304348,0.9166666666666666,0.9361702127659575,0.9827869125489227,0.9797076288244767,0.04891304347826087,175,9,18,198,73,fixed,2,stationary_mixture
16,6800,A,0,0.5,400,182,0.9625,0.9664804469273743,0.9505494505494505,0.9584487534626038,0.9925995779959438,0.9916574251436636,0.027522935779816515,212,6,9,173,73,fixed,2,stationary_mixture
17,7200,B,0,0.5,400,212,0.9525,0.9617224880382775,0.9481132075471698,0.9548693586698337,0.9921180111980205,0.990114411882778,0.0425531914893617,180,8,11,201,73,fixed,2,stationary_mixture
18,7600,B,0,0.5,400,186,0.9475,0.9365079365079365,0.9516129032258065,0.944,0.9902416544502475,0.9915335142196764,0.056074766355140186,202,12,9,177,73,fixed,2,stationary_mixture
19,8000,B,0,0.5,400,202,0.945,0.96875,0.9207920792079208,0.9441624365482234,0.9886427436492585,0.9865486548654865,0.030303030303030304,192,6,16,186,73,fixed,2,stationary_mixture
20,8400,B,0,0.5,400,199,0.9475,0.9587628865979382,0.9346733668341709,0.9465648854961832,0.9825307067550952,0.9871496787419685,0.03980099502487562,193,8,13,186,73,fixed,2,stationary_mixture
21,8800,B,0,0.5,400,222,0.95,0.9675925925925926,0.9414414414414415,0.954337899543379,0.9802291960274891,0.9800080979856262,0.03932584269662921,171,7,13,209,73,fixed,2,stationary_mixture
22,9200,B,0,0.5,400,196,0.945,0.9484536082474226,0.9387755102040817,0.9435897435897436,0.9889341036835885,0.9867697078831533,0.049019607843137254,194,10,12,184,73,fixed,2,stationary_mixture
23,9600,B,0,0.5,400,190,0.93,0.9402173913043478,0.9105263157894737,0.9251336898395722,0.9776003876303668,0.9793233082706767,0.05238095238095238,199,11,17,173,73,fixed,2,stationary_mixture
24,10000,B,0,0.5,400,193,0.9475,0.9623655913978495,0.927461139896373,0.9445910290237467,0.9908451460640652,0.9908137468398789,0.033816425120772944,200,7,14,179,73,fixed,2,stationary_mixture
25,10400,B,0,0.5,400,173,0.94,0.9408284023668639,0.9190751445086706,0.9298245614035088,0.9796147344440191,0.9798324463344452,0.04405286343612335,217,10,14,159,73,fixed,2,stationary_mixture
26,10800,B,0,0.5,400,206,0.9475,0.9601990049751243,0.9368932038834952,0.9484029484029484,0.9867900529968828,0.9857872084876389,0.041237113402061855,186,8,13,193,73,fixed,2,stationary_mixture
27,11200,B,0,0.5,400,204,0.935,0.9362745098039216,0.9362745098039216,0.9362745098039216,0.9754681207437453,0.9727766106442577,0.0663265306122449,183,13,13,191,73,fixed,2,stationary_mixture
28,11600,B,0,0.5,400,191,0.935,0.9187817258883249,0.9476439790575916,0.9329896907216495,0.9842135646833974,0.9826147949597936,0.07655502392344497,193,16,10,181,73,fixed,2,stationary_mixture
29,12000,B,0,0.5,400,199,0.955,0.9738219895287958,0.9346733668341709,0.9538461538461539,0.9876126606406923,0.9810120253006325,0.024875621890547265,196,5,13,186,73,fixed,2,stationary_mixture
0,400,A,0,0.5,400,205,0.9575,0.9653465346534653,0.9512195121951219,0.9582309582309583,0.9953724545386955,0.9951219512195122,0.035897435897435895,188,7,10,195,73,periodic,2,stationary_mixture
1,800,A,0,0.5,400,209,0.955,0.9751243781094527,0.937799043062201,0.9560975609756097,0.9891356072082693,0.9843683459004484,0.02617801047120419,186,5,13,196,73,periodic,2,stationary_mixture
2,1200,A,0,0.5,400,232,0.9425,0.9446808510638298,0.9568965517241379,0.9507494646680942,0.9908338402153976,0.9875307881773399,0.07738095238095238,155,13,10,222,73,periodic,2,stationary_mixture
3,1600,A,0,0.5,400,208,0.935,0.9375,0.9375,0.9375,0.963022657864053,0.9709785657051283,0.06770833333333333,179,13,13,195,73,periodic,2,stationary_mixture
4,2000,A,0,0.5,400,198,0.9325,0.9296482412060302,0.9343434343434344,0.9319899244332494,0.9856978337675817,0.9841484148414842,0.06930693069306931,188,14,13,185,73,periodic,2,stationary_mixture
5,2400,A,0,0.5,400,202,0.9475,0.9641025641025641,0.9306930693069307,0.947103274559194,0.9897328153130078,0.9887988798879888,0.03535353535353535,191,7,14,188,73,periodic,2,stationary_mixture
6,2800,A,1,0.5,400,220,0.9625,0.9767441860465116,0.9545454545454546,0.9655172413793104,0.9939382669554837,0.9923232323232324,0.027777777777777776,175,5,10,210,73,periodic,2,stationary_mixture
7,3200,A,1,0.5,400,192,0.9475,0.9476439790575916,0.9427083333333334,0.9451697127937336,0.9863450288703001,0.985752203525641,0.04807692307692308,198,10,11,181,73,periodic,2,stationary_mixture
8,3600,A,1,0.5,400,197,0.9525,0.9635416666666666,0.9390862944162437,0.9511568123393316,0.9863419405508146,0.9865594758820735,0.034482758620689655,196,7,12,185,73,periodic,2,stationary_mixture
9,4000,A,1,0.5,400,198,0.965,0.96,0.9696969696969697,0.964824120603015,0.9900065819988838,0.9890489048904891,0.039603960396039604,194,8,6,192,73,periodic,2,stationary_mixture
10,4400,A,2,0.5,400,210,0.965,0.9666666666666667,0.9666666666666667,0.9666666666666667,0.9906079129007174,0.9864786967418545,0.03684210526315789,183,7,7,203,73,periodic,2,stationary_mixture
11,4800,A,2,0.5,400,199,0.945,0.949238578680203,0.9396984924623115,0.9444444444444444,0.9906602169075157,0.9912747818695468,0.04975124378109453,191,10,12,187,73,periodic,2,stationary_mixture
12,5200,A,2,0.5,400,192,0.96,0.9536082474226805,0.9635416666666666,0.9585492227979274,0.9871108862250949,0.9882061298076923,0.04326923076923077,199,9,7,185,73,periodic,2,stationary_mixture
13,5600,A,2,0.5,400,180,0.9525,0.9497206703910615,0.9444444444444444,0.947075208913649,0.9912397957993344,0.9915656565656565,0.04090909090909091,211,9,10,170,73,periodic,2,stationary_mixture
14,6000,A,3,0.5,400,187,0.97,0.972972972972973,0.9625668449197861,0.967741935483871,0.9914319265550242,0.9919409505159298,0.023474178403755867,208,5,7,180,73,periodic,2,stationary_mixture
15,6400,A,3,0.5,400,216,0.9475,0.9577464788732394,0.9444444444444444,0.951048951048951,0.9821820681762401,0.9804372987117553,0.04891304347826087,175,9,12,204,73,periodic,2,stationary_mixture
16,6800,A,3,0.5,400,182,0.9775,0.9726775956284153,0.978021978021978,0.9753424657534246,0.992071244663474,0.9904476257687268,0.022935779816513763,213,5,4,178,73,periodic,2,stationary_mixture
17,7200,B,3,0.5,400,212,0.97,0.9672897196261683,0.9764150943396226,0.971830985915493,0.9952920160695548,0.993752509032517,0.03723404255319149,181,7,5,207,73,periodic,2,stationary_mixture
18,7600,B,4,0.5,400,186,0.96,0.9473684210526315,0.967741935483871,0.9574468085106383,0.9925517287093893,0.9932670083408702,0.04672897196261682,204,10,6,180,73,periodic,2,stationary_mixture
19,8000,B,4,0.5,400,202,0.9625,0.9794871794871794,0.9455445544554455,0.9622166246851386,0.9932255187339496,0.9911991199119912,0.020202020202020204,194,4,11,191,73,periodic,2,stationary_mixture
20,8400,B,4,0.5,400,199,0.9575,0.9642857142857143,0.949748743718593,0.9569620253164557,0.9870064156888915,0.9894997374934373,0.03482587064676617,194,7,10,189,73,periodic,2,stationary_mixture
21,8800,B,4,0.5,400,222,0.955,0.9636363636363636,0.954954954954955,0.9592760180995475,0.9867187299445846,0.9824881060836116,0.0449438202247191,170,8,10,212,73,periodic,2,stationary_mixture
22,9200,B,5,0.5,400,196,0.9575,0.9637305699481865,0.9489795918367347,0.9562982005141388,0.9924972808025133,0.9899459783913566,0.03431372549019608,197,7,10,186,73,periodic,2,stationary_mixture
23,9600,B,5,0.5,400,190,0.94,0.9510869565217391,0.9210526315789473,0.9358288770053476,0.9805882699100144,0.9827568922305765,0.04285714285714286,201,9,15,175,73,periodic,2,stationary_mixture
24,10000,B,5,0.5,400,193,0.9725,0.9739583333333334,0.9689119170984456,0.9714285714285714,0.9966720742731815,0.9969462591674801,0.024154589371980676,202,5,6,187,73,periodic,2,stationary_mixture
25,10400,B,5,0.5,400,173,0.945,0.9467455621301775,0.9248554913294798,0.935672514619883,0.9786141216561486,0.9776807313284611,0.039647577092511016,218,9,13,160,73,periodic,2,stationary_mixture
26,10800,B,6,0.5,400,206,0.9525,0.9473684210526315,0.9611650485436893,0.9542168674698795,0.9899233334751092,0.988714843359023,0.05670103092783505,183,11,8,198,73,periodic,2,stationary_mixture
27,11200,B,6,0.5,400,204,0.9525,0.9512195121951219,0.9558823529411765,0.9535452322738386,0.9740639093557181,0.9741771708683474,0.05102040816326531,186,10,9,195,73,periodic,2,stationary_mixture
28,11600,B,6,0.5,400,191,0.945,0.9203980099502488,0.9685863874345549,0.9438775510204082,0.9886437778150061,0.9886770710689146,0.07655502392344497,193,16,6,185,73,periodic,2,stationary_mixture
29,12000,B,6,0.5,400,199,0.955,0.9547738693467337,0.9547738693467337,0.9547738693467337,0.9896679029301508,0.9856371409285231,0.04477611940298507,192,9,9,190,73,periodic,2,stationary_mixture
0,400,A,0,0.5,400,205,0.9575,0.9653465346534653,0.9512195121951219,0.9582309582309583,0.9953724545386955,0.9951219512195122,0.035897435897435895,188,7,10,195,73,drift,2,stationary_mixture
1,800,A,0,0.5,400,209,0.955,0.9751243781094527,0.937799043062201,0.9560975609756097,0.9891356072082693,0.9843683459004484,0.02617801047120419,186,5,13,196,73,drift,2,stationary_mixture
2,1200,A,0,0.5,400,232,0.9425,0.9446808510638298,0.9568965517241379,0.9507494646680942,0.9908338402153976,0.9875307881773399,0.07738095238095238,155,13,10,222,73,drift,2,stationary_mixture
3,1600,A,0,0.5,400,208,0.935,0.9375,0.9375,0.9375,0.963022657864053,0.9709785657051283,0.06770833333333333,179,13,13,195,73,drift,2,stationary_mixture
4,2000,A,0,0.5,400,198,0.9325,0.9296482412060302,0.9343434343434344,0.9319899244332494,0.9856978337675817,0.9841484148414842,0.06930693069306931,188,14,13,185,73,drift,2,stationary_mixture
5,2400,A,0,0.5,400,202,0.9475,0.9641025641025641,0.9306930693069307,0.947103274559194,0.9897328153130078,0.9887988798879888,0.03535353535353535,191,7,14,188,73,drift,2,stationary_mixture
6,2800,A,0,0.5,400,220,0.9525,0.971830985915493,0.9409090909090909,0.9561200923787528,0.9906156441838995,0.9886363636363636,0.03333333333333333,174,6,13,207,73,drift,2,stationary_mixture
7,3200,A,0,0.5,400,192,0.9475,0.9430051813471503,0.9479166666666666,0.9454545454545454,0.982305122800087,0.983223157051282,0.052884615384615384,197,11,10,182,73,drift,2,stationary_mixture
8,3600,A,0,0.5,400,197,0.94,0.9528795811518325,0.9238578680203046,0.9381443298969072,0.9855566240114276,0.9837838513665575,0.04433497536945813,194,9,15,182,73,drift,2,stationary_mixture
9,4000,A,0,0.5,400,198,0.955,0.9545454545454546,0.9545454545454546,0.9545454545454546,0.9788070059438876,0.9824982498249825,0.04455445544554455,193,9,9,189,73,drift,2,stationary_mixture
10,4400,A,0,0.5,400,210,0.945,0.9653465346534653,0.9285714285714286,0.9466019417475728,0.9792406459591576,0.9800375939849625,0.03684210526315789,183,7,15,195,73,drift,2,stationary_mixture
11,4800,A,0,0.5,400,199,0.9375,0.9484536082474226,0.9246231155778895,0.9363867684478372,0.9889695257107483,0.9892247306182653,0.04975124378109453,191,10,15,184,73,drift,2,stationary_mixture
12,5200,A,0,0.5,400,192,0.9575,0.9629629629629629,0.9479166666666666,0.9553805774278216,0.9900086428464928,0.9896584535256411,0.03365384615384615,201,7,10,182,73,drift,2,stationary_mixture
13,5600,A,0,0.5,400,180,0.9575,0.9710982658959537,0.9333333333333333,0.9518413597733711,0.9915550345868736,0.9916666666666667,0.022727272727272728,215,5,12,168,73,drift,2,stationary_mixture
14,6000,A,0,0.5,400,187,0.95,0.9562841530054644,0.9358288770053476,0.9459459459459459,0.9808110179379069,0.9824257487886319,0.03755868544600939,205,8,12,175,73,drift,2,stationary_mixture
15,6400,A,0,0.5,400,216,0.9325,0.9565217391304348,0.9166666666666666,0.9361702127659575,0.9827869125489227,0.9797076288244767,0.04891304347826087,175,9,18,198,73,drift,2,stationary_mixture
16,6800,A,0,0.5,400,182,0.9625,0.9664804469273743,0.9505494505494505,0.9584487534626038,0.9925995779959438,0.9916574251436636,0.027522935779816515,212,6,9,173,73,drift,2,stationary_mixture
17,7200,B,0,0.5,400,212,0.9525,0.9617224880382775,0.9481132075471698,0.9548693586698337,0.9921180111980205,0.990114411882778,0.0425531914893617,180,8,11,201,73,drift,2,stationary_mixture
18,7600,B,0,0.5,400,186,0.9475,0.9365079365079365,0.9516129032258065,0.944,0.9902416544502475,0.9915335142196764,0.056074766355140186,202,12,9,177,73,drift,2,stationary_mixture
19,8000,B,0,0.5,400,202,0.945,0.96875,0.9207920792079208,0.9441624365482234,0.9886427436492585,0.9865486548654865,0.030303030303030304,192,6,16,186,73,drift,2,stationary_mixture
20,8400,B,0,0.5,400,199,0.9475,0.9587628865979382,0.9346733668341709,0.9465648854961832,0.9825307067550952,0.9871496787419685,0.03980099502487562,193,8,13,186,73,drift,2,stationary_mixture
21,8800,B,0,0.5,400,222,0.95,0.9675925925925926,0.9414414414414415,0.954337899543379,0.9802291960274891,0.9800080979856262,0.03932584269662921,171,7,13,209,73,drift,2,stationary_mixture
22,9200,B,0,0.5,400,196,0.945,0.9484536082474226,0.9387755102040817,0.9435897435897436,0.9889341036835885,0.9867697078831533,0.049019607843137254,194,10,12,184,73,drift,2,stationary_mixture
23,9600,B,0,0.5,400,190,0.93,0.9402173913043478,0.9105263157894737,0.9251336898395722,0.9776003876303667,0.9793233082706768,0.05238095238095238,199,11,17,173,73,drift,2,stationary_mixture
24,10000,B,0,0.5,400,193,0.9475,0.9623655913978495,0.927461139896373,0.9445910290237467,0.9908451460640652,0.9908137468398789,0.033816425120772944,200,7,14,179,73,drift,2,stationary_mixture
25,10400,B,0,0.5,400,173,0.94,0.9408284023668639,0.9190751445086706,0.9298245614035088,0.9796147344440191,0.9798324463344452,0.04405286343612335,217,10,14,159,73,drift,2,stationary_mixture
26,10800,B,0,0.5,400,206,0.9475,0.9601990049751243,0.9368932038834952,0.9484029484029484,0.9867900529968828,0.9857872084876389,0.041237113402061855,186,8,13,193,73,drift,2,stationary_mixture
27,11200,B,0,0.5,400,204,0.935,0.9362745098039216,0.9362745098039216,0.9362745098039216,0.9754681207437453,0.9727766106442577,0.0663265306122449,183,13,13,191,73,drift,2,stationary_mixture
28,11600,B,0,0.5,400,191,0.935,0.9187817258883249,0.9476439790575916,0.9329896907216495,0.9842135646833975,0.9826147949597935,0.07655502392344497,193,16,10,181,73,drift,2,stationary_mixture
29,12000,B,0,0.5,400,199,0.955,0.9738219895287958,0.9346733668341709,0.9538461538461539,0.9876126606406923,0.9810120253006325,0.024875621890547265,196,5,13,186,73,drift,2,stationary_mixture
0,400,A,0,0.5,400,205,0.9575,0.9653465346534653,0.9512195121951219,0.9582309582309583,0.9953724545386955,0.9951219512195122,0.035897435897435895,188,7,10,195,73,threshold,2,stationary_mixture
1,800,A,0,0.5,400,209,0.955,0.9751243781094527,0.937799043062201,0.9560975609756097,0.9891356072082693,0.9843683459004484,0.02617801047120419,186,5,13,196,73,threshold,2,stationary_mixture
2,1200,A,0,0.5,400,232,0.9425,0.9446808510638298,0.9568965517241379,0.9507494646680942,0.9908338402153976,0.9875307881773399,0.07738095238095238,155,13,10,222,73,threshold,2,stationary_mixture
3,1600,A,0,0.5,400,208,0.935,0.9375,0.9375,0.9375,0.963022657864053,0.9709785657051283,0.06770833333333333,179,13,13,195,73,threshold,2,stationary_mixture
4,2000,A,0,0.5,400,198,0.9325,0.9296482412060302,0.9343434343434344,0.9319899244332494,0.9856978337675817,0.9841484148414842,0.06930693069306931,188,14,13,185,73,threshold,2,stationary_mixture
5,2400,A,0,0.5,400,202,0.9475,0.9641025641025641,0.9306930693069307,0.947103274559194,0.9897328153130078,0.9887988798879888,0.03535353535353535,191,7,14,188,73,threshold,2,stationary_mixture
6,2800,A,0,0.5012380952380951,400,220,0.9525,0.971830985915493,0.9409090909090909,0.9561200923787528,0.9906156441838995,0.9886363636363636,0.03333333333333333,174,6,13,207,73,threshold,2,stationary_mixture
7,3200,A,0,0.5012380952380951,400,192,0.9475,0.9430051813471503,0.9479166666666666,0.9454545454545454,0.982305122800087,0.983223157051282,0.052884615384615384,197,11,10,182,73,threshold,2,stationary_mixture
8,3600,A,0,0.5012380952380951,400,197,0.94,0.9528795811518325,0.9238578680203046,0.9381443298969072,0.9855566240114276,0.9837838513665575,0.04433497536945813,194,9,15,182,73,threshold,2,stationary_mixture
9,4000,A,0,0.5012380952380951,400,198,0.955,0.9545454545454546,0.9545454545454546,0.9545454545454546,0.9788070059438876,0.9824982498249825,0.04455445544554455,193,9,9,189,73,threshold,2,stationary_mixture
10,4400,A,0,0.49134126984126986,400,210,0.9425,0.9605911330049262,0.9285714285714286,0.9443099273607748,0.9792406459591576,0.9800375939849625,0.042105263157894736,182,8,15,195,73,threshold,2,stationary_mixture
11,4800,A,0,0.49134126984126986,400,199,0.9375,0.9484536082474226,0.9246231155778895,0.9363867684478372,0.9889695257107483,0.9892247306182653,0.04975124378109453,191,10,15,184,73,threshold,2,stationary_mixture
12,5200,A,0,0.49134126984126986,400,192,0.9575,0.9629629629629629,0.9479166666666666,0.9553805774278216,0.9900086428464928,0.9896584535256411,0.03365384615384615,201,7,10,182,73,threshold,2,stationary_mixture
13,5600,A,0,0.49134126984126986,400,180,0.96,0.9712643678160919,0.9388888888888889,0.9548022598870056,0.9915550345868736,0.9916666666666667,0.022727272727272728,215,5,11,169,73,threshold,2,stationary_mixture
14,6000,A,0,0.48592993848257005,400,187,0.95,0.9562841530054644,0.9358288770053476,0.9459459459459459,0.9808110179379069,0.9824257487886319,0.03755868544600939,205,8,12,175,73,threshold,2,stationary_mixture
15,6400,A,0,0.48592993848257005,400,216,0.94,0.9571428571428572,0.9305555555555556,0.9436619718309859,0.9827869125489227,0.9797076288244767,0.04891304347826087,175,9,15,201,73,threshold,2,stationary_mixture
16,6800,A,0,0.48592993848257005,400,182,0.96,0.9611111111111111,0.9505494505494505,0.9558011049723757,0.9925995779959438,0.9916574251436636,0.03211009174311927,211,7,9,173,73,threshold,2,stationary_mixture
17,7200,B,0,0.48592993848257005,400,212,0.96,0.9622641509433962,0.9622641509433962,0.9622641509433962,0.9921180111980205,0.990114411882778,0.0425531914893617,180,8,8,204,73,threshold,2,stationary_mixture
18,7600,B,0,0.48445238095238097,400,186,0.95,0.9322916666666666,0.9623655913978495,0.9470899470899471,0.9902416544502475,0.9915335142196764,0.06074766355140187,201,13,7,179,73,threshold,2,stationary_mixture
19,8000,B,0,0.48445238095238097,400,202,0.94,0.9587628865979382,0.9207920792079208,0.9393939393939394,0.9886427436492585,0.9865486548654865,0.04040404040404041,190,8,16,186,73,threshold,2,stationary_mixture
20,8400,B,0,0.48445238095238097,400,199,0.95,0.958974358974359,0.9396984924623115,0.949238578680203,0.9825307067550952,0.9871496787419685,0.03980099502487562,193,8,12,187,73,threshold,2,stationary_mixture
21,8800,B,0,0.48445238095238097,400,222,0.9525,0.9634703196347032,0.9504504504504504,0.9569160997732427,0.9802291960274891,0.9800080979856262,0.0449438202247191,170,8,11,211,73,threshold,2,stationary_mixture
22,9200,B,0,0.509201904656646,400,196,0.945,0.9484536082474226,0.9387755102040817,0.9435897435897436,0.9889341036835885,0.9867697078831533,0.049019607843137254,194,10,12,184,73,threshold,2,stationary_mixture
23,9600,B,0,0.509201904656646,400,190,0.925,0.9395604395604396,0.9,0.9193548387096774,0.9776003876303667,0.9793233082706768,0.05238095238095238,199,11,19,171,73,threshold,2,stationary_mixture
24,10000,B,0,0.509201904656646,400,193,0.945,0.9621621621621622,0.9222797927461139,0.9417989417989417,0.9908451460640652,0.9908137468398789,0.033816425120772944,200,7,15,178,73,threshold,2,stationary_mixture
25,10400,B,0,0.509201904656646,400,173,0.94,0.9408284023668639,0.9190751445086706,0.9298245614035088,0.9796147344440191,0.9798324463344452,0.04405286343612335,217,10,14,159,73,threshold,2,stationary_mixture
26,10800,B,0,0.4833867337164751,400,206,0.9475,0.9556650246305419,0.941747572815534,0.9486552567237164,0.9867900529968828,0.9857872084876389,0.04639175257731959,185,9,12,194,73,threshold,2,stationary_mixture
27,11200,B,0,0.4833867337164751,400,204,0.935,0.9362745098039216,0.9362745098039216,0.9362745098039216,0.9754681207437453,0.9727766106442577,0.0663265306122449,183,13,13,191,73,threshold,2,stationary_mixture
28,11600,B,0,0.4833867337164751,400,191,0.93,0.9095477386934674,0.9476439790575916,0.9282051282051282,0.9842135646833975,0.9826147949597935,0.0861244019138756,191,18,10,181,73,threshold,2,stationary_mixture
29,12000,B,0,0.4833867337164751,400,199,0.9575,0.9739583333333334,0.9396984924623115,0.9565217391304348,0.9876126606406923,0.9810120253006325,0.024875621890547265,196,5,12,187,73,threshold,2,stationary_mixture
